STATE,STATENAME,ST_CASE,PEDS,PERNOTMVIT,VE_TOTAL,VE_FORMS,PVH_INVL,PERSONS,PERMVIT,COUNTY,COUNTYNAME,CITY,CITYNAME,MONTH,MONTHNAME,DAY,DAYNAME,DAY_WEEK,DAY_WEEKNAME,YEAR,HOUR,HOURNAME,MINUTE,MINUTENAME,TWAY_ID,TWAY_ID2,ROUTE,ROUTENAME,RUR_URB,RUR_URBNAME,FUNC_SYS,FUNC_SYSNAME,RD_OWNER,RD_OWNERNAME,NHS,NHSNAME,SP_JUR,SP_JURNAME,MILEPT,MILEPTNAME,LATITUDE,LATITUDENAME,LONGITUD,LONGITUDNAME,HARM_EV,HARM_EVNAME,MAN_COLL,MAN_COLLNAME,RELJCT1,RELJCT1NAME,RELJCT2,RELJCT2NAME,TYP_INT,TYP_INTNAME,REL_ROAD,REL_ROADNAME,WRK_ZONE,WRK_ZONENAME,LGT_COND,LGT_CONDNAME,WEATHER,WEATHERNAME,SCH_BUS,SCH_BUSNAME,RAIL,RAILNAME,NOT_HOUR,NOT_HOURNAME,NOT_MIN,NOT_MINNAME,ARR_HOUR,ARR_HOURNAME,ARR_MIN,ARR_MINNAME,HOSP_HR,HOSP_HRNAME,HOSP_MN,HOSP_MNNAME,FATALS
4,Arizona,40088,0,0,2,2,0,2,2,19,PIMA (19),530,TUCSON,1,January,20,20,5,Thursday,2022,14,2:00pm-2:59pm,21,21,N HACIENDA DEL SOL RD,NA,6,Local Street - Municipality,2,Urban,5,Major Collector,2,County Highway Agency,0,This section IS NOT on the NHS,0,No Special Jurisdiction,0,None,32.29169444,32.29169444,-110.92635,-110.92635,12,Motor Vehicle In-Transport,6,Angle,0,No,1,Non-Junction,1,Not an Intersection,1,On Roadway,0,None,1,Daylight,1,Clear,0,No,0000000,Not Applicable,99,Unknown,99,Unknown,99,Unknown EMS Scene Arrival Hour,99,Unknown EMS Scene Arrival Minutes,99,Unknown,98,Unknown if Transported,1
4,Arizona,40089,0,0,2,2,0,6,6,21,PINAL (21),0,NOT APPLICABLE,1,January,21,21,6,Friday,2022,23,11:00pm-11:59pm,52,52,N ELLSWORTH RD,OLD HUNT HWY,6,Local Street - Municipality,2,Urban,7,Local,2,County Highway Agency,0,This section IS NOT on the NHS,0,No Special Jurisdiction,0,None,33.20304167,33.20304167,-111.63403333,-111.63403333,12,Motor Vehicle In-Transport,6,Angle,0,No,2,Intersection,3,T-Intersection,1,On Roadway,0,None,3,Dark - Lighted,1,Clear,0,No,0000000,Not Applicable,23,11:00pm-11:59pm,53,53,23,11:00pm-11:59pm,56,56,99,Unknown,99,Unknown EMS Hospital Arrival Time,1
4,Arizona,40090,1,1,1,1,0,1,1,25,YAVAPAI (25),116,CORNVILLE,1,January,23,23,1,Sunday,2022,22,10:00pm-10:59pm,53,53,E CORNVILLE RD,NA,9,Unknown,1,Rural,5,Major Collector,2,County Highway Agency,0,This section IS NOT on the NHS,0,No Special Jurisdiction,0,None,34.71735278,34.71735278,-111.89825556,-111.89825556,8,Pedestrian,0,The First Harmful Event was Not a Collision with a Motor Vehicle in Transport,0,No,1,Non-Junction,1,Not an Intersection,1,On Roadway,0,None,2,Dark - Not Lighted,1,Clear,0,No,0000000,Not Applicable,22,10:00pm-10:59pm,52,52,22,10:00pm-10:59pm,59,59,88,Not Applicable (Not Transported),88,Not Applicable (Not Transported),1
4,Arizona,40091,0,0,1,1,0,1,1,1,APACHE (1),183,FORT DEFIANCE,1,January,27,27,5,Thursday,2022,12,12:00pm-12:59pm,47,47,BIA 112,NA,8,Other,1,Rural,6,Minor Collector,62,Bureau of Indian Affairs,0,This section IS NOT on the NHS,0,No Special Jurisdiction,0,None,35.72228333,35.72228333,-109.08599444,-109.08599444,1,Rollover/Overturn,0,The First Harmful Event was Not a Collision with a Motor Vehicle in Transport,0,No,99,Reported as Unknown,99,Reported as Unknown,99,Reported as Unknown,0,None,9,Reported as Unknown,99,Reported as Unknown,0,No,0000000,Not Applicable,99,Unknown,99,Unknown,99,Unknown EMS Scene Arrival Hour,99,Unknown EMS Scene Arrival Minutes,99,Unknown,98,Unknown if Transported,1
4,Arizona,40092,0,0,2,2,0,2,2,13,MARICOPA (13),370,PHOENIX,1,January,30,30,1,Sunday,2022,99,Unknown Hours,99,Unknown Minutes,W ANTHEM WAY,NA,6,Local Street - Municipality,2,Urban,5,Major Collector,4,City or Municipal Highway Agency,0,This section IS NOT on the NHS,0,No Special Jurisdiction,0,None,77.7777,77.7777,777.7777,777.7777,12,Motor Vehicle In-Transport,98,Not Reported,8,Not Reported,98,Not Reported,98,Not Reported,98,Not Reported,0,None,8,Not Reported,98,Not Reported,0,No,0000000,Not Applicable,99,Unknown,99,Unknown,99,Unknown EMS Scene Arrival Hour,99,Unknown EMS Scene Arrival Minutes,99,Unknown,99,Unknown EMS Hospital Arrival Time,1
4,Arizona,40093,1,1,1,1,0,1,1,13,MARICOPA (13),370,PHOENIX,1,January,31,31,2,Monday,2022,20,8:00pm-8:59pm,49,49,MCDOWELL RD,N 99TH AVE,6,Local Street - Municipality,2,Urban,4,Minor Arterial,4,City or Municipal Highway Agency,0,This section IS NOT on the NHS,0,No Special Jurisdiction,0,None,33.46484167,33.46484167,-112.27208611,-112.27208611,8,Pedestrian,0,The First Harmful Event was Not a Collision with a Motor Vehicle in Transport,0,No,3,Intersection-Related,2,Four-Way Intersection,1,On Roadway,0,None,3,Dark - Lighted,1,Clear,0,No,0000000,Not Applicable,20,8:00pm-8:59pm,49,49,20,8:00pm-8:59pm,55,55,21,9:00pm-9:59pm,9,9,1
4,Arizona,40094,1,1,1,1,0,1,1,13,MARICOPA (13),370,PHOENIX,2,February,1,1,3,Tuesday,2022,0,0:00am-0:59am,53,53,W MCDOWELL RD,NA,6,Local Street - Municipality,2,Urban,4,Minor Arterial,2,County Highway Agency,0,This section IS NOT on the NHS,0,No Special Jurisdiction,0,None,33.46517778,33.46517778,-112.25146111,-112.25146111,8,Pedestrian,0,The First Harmful Event was Not a Collision with a Motor Vehicle in Transport,0,No,1,Non-Junction,1,Not an Intersection,1,On Roadway,0,None,3,Dark - Lighted,1,Clear,0,No,0000000,Not Applicable,0,0:00am-0:59am,53,53,0,0:00am-0:59am,56,56,88,Not Applicable (Not Transported),88,Not Applicable (Not Transported),1
4,Arizona,40095,0,0,2,2,0,2,2,5,COCONINO (5),170,FLAGSTAFF,2,February,1,1,3,Tuesday,2022,10,10:00am-10:59am,38,38,TOWNSEND-WINONNA RD,NA,6,Local Street - Municipality,2,Urban,4,Minor Arterial,2,County Highway Agency,0,This section IS NOT on the NHS,0,No Special Jurisdiction,0,None,35.24568611,35.24568611,-111.55868056,-111.55868056,12,Motor Vehicle In-Transport,7,Sideswipe - Same Direction,0,No,1,Non-Junction,1,Not an Intersection,1,On Roadway,0,None,1,Daylight,1,Clear,0,No,0000000,Not Applicable,10,10:00am-10:59am,38,38,10,10:00am-10:59am,45,45,88,Not Applicable (Not Transported),88,Not Applicable (Not Transported),1
4,Arizona,40096,0,0,1,1,0,3,3,19,PIMA (19),530,TUCSON,2,February,1,1,3,Tuesday,2022,21,9:00pm-9:59pm,18,18,S OREGON DR,S ALASKA DR,6,Local Street - Municipality,2,Urban,98,Not Reported,4,City or Municipal Highway Agency,0,This section IS NOT on the NHS,0,No Special Jurisdiction,0,None,32.15282222,32.15282222,-110.97960278,-110.97960278,39,Wall,0,The First Harmful Event was Not a Collision with a Motor Vehicle in Transport,0,No,3,Intersection-Related,3,T-Intersection,4,On Roadside,0,None,3,Dark - Lighted,1,Clear,0,No,0000000,Not Applicable,99,Unknown,99,Unknown,99,Unknown EMS Scene Arrival Hour,99,Unknown EMS Scene Arrival Minutes,88,Not Applicable (Not Transported),88,Not Applicable (Not Transported),1
4,Arizona,40097,1,1,1,1,0,1,1,13,MARICOPA (13),370,PHOENIX,2,February,2,2,4,Wednesday,2022,8,8:00am-8:59am,23,23,E CAMELBACK RD,N 56TH ST,6,Local Street - Municipality,2,Urban,4,Minor Arterial,4,City or Municipal Highway Agency,0,This section IS NOT on the NHS,0,No Special Jurisdiction,0,None,33.50181389,33.50181389,-111.96090556,-111.96090556,8,Pedestrian,0,The First Harmful Event was Not a Collision with a Motor Vehicle in Transport,0,No,3,Intersection-Related,2,Four-Way Intersection,1,On Roadway,0,None,1,Daylight,1,Clear,0,No,0000000,Not Applicable,99,Unknown,99,Unknown,99,Unknown EMS Scene Arrival Hour,99,Unknown EMS Scene Arrival Minutes,99,Unknown,99,Unknown EMS Hospital Arrival Time,1
4,Arizona,40098,0,0,2,2,0,2,2,13,MARICOPA (13),370,PHOENIX,2,February,3,3,5,Thursday,2022,9,9:00am-9:59am,40,40,N 7TH ST,E PALM LN,6,Local Street - Municipality,2,Urban,3,Principal Arterial - Other,4,City or Municipal Highway Agency,1,This section IS ON the NHS,0,No Special Jurisdiction,0,None,33.46935278,33.46935278,-112.0651,-112.0651,12,Motor Vehicle In-Transport,98,Not Reported,0,No,2,Intersection,2,Four-Way Intersection,1,On Roadway,0,None,1,Daylight,1,Clear,0,No,0000000,Not Applicable,99,Unknown,99,Unknown,99,Unknown EMS Scene Arrival Hour,99,Unknown EMS Scene Arrival Minutes,99,Unknown,98,Unknown if Transported,1
4,Arizona,40100,1,1,1,1,0,1,1,13,MARICOPA (13),570,WICKENBURG,2,February,4,4,6,Friday,2022,17,5:00pm-5:59pm,36,36,US-60,W APACHE ST,2,US Highway,1,Rural,4,Minor Arterial,1,State Highway Agency,0,This section IS NOT on the NHS,0,No Special Jurisdiction,783,783,33.96562778,33.96562778,-112.73508889,-112.73508889,9,Pedalcyclist,0,The First Harmful Event was Not a Collision with a Motor Vehicle in Transport,0,No,2,Intersection,2,Four-Way Intersection,1,On Roadway,0,None,1,Daylight,1,Clear,0,No,0000000,Not Applicable,17,5:00pm-5:59pm,36,36,18,6:00pm-6:59pm,4,4,88,Not Applicable (Not Transported),88,Not Applicable (Not Transported),1
4,Arizona,40101,0,0,2,2,0,6,6,5,COCONINO (5),170,FLAGSTAFF,2,February,4,4,6,Friday,2022,22,10:00pm-10:59pm,12,12,E BUTLER AVE,NA,6,Local Street - Municipality,2,Urban,4,Minor Arterial,4,City or Municipal Highway Agency,0,This section IS NOT on the NHS,0,No Special Jurisdiction,0,None,35.19469444,35.19469444,-111.60898333,-111.60898333,12,Motor Vehicle In-Transport,2,Front-to-Front,0,No,1,Non-Junction,1,Not an Intersection,1,On Roadway,0,None,2,Dark - Not Lighted,1,Clear,0,No,0000000,Not Applicable,22,10:00pm-10:59pm,12,12,22,10:00pm-10:59pm,15,15,99,Unknown,99,Unknown EMS Hospital Arrival Time,1
4,Arizona,40102,1,1,1,1,0,2,2,19,PIMA (19),530,TUCSON,2,February,5,5,7,Saturday,2022,10,10:00am-10:59am,11,11,W VALENCIA RD,S 8TH ST,6,Local Street - Municipality,2,Urban,3,Principal Arterial - Other,4,City or Municipal Highway Agency,1,This section IS ON the NHS,0,No Special Jurisdiction,0,None,32.13411667,32.13411667,-110.97090833,-110.97090833,8,Pedestrian,0,The First Harmful Event was Not a Collision with a Motor Vehicle in Transport,0,No,2,Intersection,3,T-Intersection,1,On Roadway,0,None,1,Daylight,1,Clear,0,No,0000000,Not Applicable,10,10:00am-10:59am,11,11,10,10:00am-10:59am,16,16,10,10:00am-10:59am,28,28,1
4,Arizona,40103,1,1,1,1,0,1,1,5,COCONINO (5),170,FLAGSTAFF,2,February,5,5,7,Saturday,2022,15,3:00pm-3:59pm,5,5,W UNIVERSITY AVE,SR-89A,6,Local Street - Municipality,2,Urban,5,Major Collector,4,City or Municipal Highway Agency,0,This section IS NOT on the NHS,0,No Special Jurisdiction,0,None,35.18430833,35.18430833,-111.66157778,-111.66157778,8,Pedestrian,0,The First Harmful Event was Not a Collision with a Motor Vehicle in Transport,0,No,3,Intersection-Related,3,T-Intersection,1,On Roadway,0,None,1,Daylight,1,Clear,0,No,0000000,Not Applicable,15,3:00pm-3:59pm,4,4,15,3:00pm-3:59pm,8,8,15,3:00pm-3:59pm,17,17,1
4,Arizona,40104,0,0,1,1,0,1,1,21,PINAL (21),0,NOT APPLICABLE,2,February,5,5,7,Saturday,2022,19,7:00pm-7:59pm,9,9,S WILLOW SPRINGS RD,NA,8,Other,1,Rural,7,Local,2,County Highway Agency,0,This section IS NOT on the NHS,0,No Special Jurisdiction,0,None,32.65805833,32.65805833,-110.88658333,-110.88658333,42,Tree (Standing Only),0,The First Harmful Event was Not a Collision with a Motor Vehicle in Transport,0,No,1,Non-Junction,1,Not an Intersection,4,On Roadside,0,None,2,Dark - Not Lighted,1,Clear,0,No,0000000,Not Applicable,19,7:00pm-7:59pm,9,9,19,7:00pm-7:59pm,26,26,88,Not Applicable (Not Transported),88,Not Applicable (Not Transported),1
4,Arizona,40105,0,0,1,1,0,6,6,21,PINAL (21),70,CASA GRANDE,2,February,6,6,1,Sunday,2022,7,7:00am-7:59am,32,32,I-10,NA,1,Interstate,1,Rural,1,Interstate,1,State Highway Agency,1,This section IS ON the NHS,0,No Special Jurisdiction,1832,1832,33.02604722,33.02604722,-111.7709,-111.7709,30,Utility Pole/Light Support,0,The First Harmful Event was Not a Collision with a Motor Vehicle in Transport,0,No,1,Non-Junction,1,Not an Intersection,4,On Roadside,0,None,1,Daylight,1,Clear,0,No,0000000,Not Applicable,7,7:00am-7:59am,32,32,7,7:00am-7:59am,40,40,99,Unknown,99,Unknown EMS Hospital Arrival Time,2
4,Arizona,40106,0,0,2,2,0,4,4,19,PIMA (19),530,TUCSON,2,February,6,6,1,Sunday,2022,22,10:00pm-10:59pm,20,20,S PARK AVE,E DREXEL RD,6,Local Street - Municipality,2,Urban,4,Minor Arterial,4,City or Municipal Highway Agency,0,This section IS NOT on the NHS,0,No Special Jurisdiction,0,None,32.14862222,32.14862222,-110.95610556,-110.95610556,12,Motor Vehicle In-Transport,6,Angle,0,No,2,Intersection,2,Four-Way Intersection,1,On Roadway,0,None,3,Dark - Lighted,1,Clear,0,No,0000000,Not Applicable,22,10:00pm-10:59pm,20,20,22,10:00pm-10:59pm,26,26,22,10:00pm-10:59pm,41,41,1
4,Arizona,40107,1,1,1,1,0,1,1,13,MARICOPA (13),80,CHANDLER,2,February,7,7,2,Monday,2022,13,1:00pm-1:59pm,37,37,SR-87,NA,3,State Highway,2,Urban,3,Principal Arterial - Other,1,State Highway Agency,1,This section IS ON the NHS,0,No Special Jurisdiction,0,None,33.35688611,33.35688611,-111.84190833,-111.84190833,9,Pedalcyclist,0,The First Harmful Event was Not a Collision with a Motor Vehicle in Transport,0,No,1,Non-Junction,1,Not an Intersection,1,On Roadway,0,None,1,Daylight,1,Clear,0,No,0000000,Not Applicable,13,1:00pm-1:59pm,38,38,13,1:00pm-1:59pm,44,44,13,1:00pm-1:59pm,57,57,1
4,Arizona,40108,0,0,2,2,0,5,5,15,MOHAVE (15),260,KINGMAN,2,February,8,8,3,Tuesday,2022,15,3:00pm-3:59pm,39,39,SR-66,E JOHN L AVE,3,State Highway,2,Urban,4,Minor Arterial,1,State Highway Agency,0,This section IS NOT on the NHS,0,No Special Jurisdiction,25,25,35.25477778,35.25477778,-113.97495556,-113.97495556,12,Motor Vehicle In-Transport,6,Angle,0,No,2,Intersection,2,Four-Way Intersection,1,On Roadway,0,None,1,Daylight,1,Clear,0,No,0000000,Not Applicable,15,3:00pm-3:59pm,42,42,15,3:00pm-3:59pm,48,48,88,Not Applicable (Not Transported),88,Not Applicable (Not Transported),1
4,Arizona,40109,0,0,2,2,0,3,3,19,PIMA (19),530,TUCSON,2,February,8,8,3,Tuesday,2022,16,4:00pm-4:59pm,46,46,S KOLB RD,E LAKESIDE DR,6,Local Street - Municipality,2,Urban,3,Principal Arterial - Other,4,City or Municipal Highway Agency,1,This section IS ON the NHS,0,No Special Jurisdiction,0,None,32.17938056,32.17938056,-110.840825,-110.840825,12,Motor Vehicle In-Transport,6,Angle,0,No,2,Intersection,2,Four-Way Intersection,1,On Roadway,0,None,1,Daylight,1,Clear,0,No,0000000,Not Applicable,16,4:00pm-4:59pm,46,46,16,4:00pm-4:59pm,50,50,17,5:00pm-5:59pm,4,4,1
4,Arizona,40110,1,1,1,1,0,1,1,13,MARICOPA (13),370,PHOENIX,2,February,8,8,3,Tuesday,2022,18,6:00pm-6:59pm,30,30,S 27TH AVE,NA,6,Local Street - Municipality,2,Urban,4,Minor Arterial,4,City or Municipal Highway Agency,0,This section IS NOT on the NHS,0,No Special Jurisdiction,0,None,33.43742222,33.43742222,-112.11725278,-112.11725278,8,Pedestrian,0,The First Harmful Event was Not a Collision with a Motor Vehicle in Transport,0,No,1,Non-Junction,1,Not an Intersection,1,On Roadway,0,None,3,Dark - Lighted,1,Clear,0,No,0000000,Not Applicable,99,Unknown,99,Unknown,99,Unknown EMS Scene Arrival Hour,99,Unknown EMS Scene Arrival Minutes,88,Not Applicable (Not Transported),88,Not Applicable (Not Transported),1
4,Arizona,40111,1,1,1,1,0,1,1,13,MARICOPA (13),370,PHOENIX,2,February,8,8,3,Tuesday,2022,19,7:00pm-7:59pm,49,49,N CAVE CREEK RD,NA,6,Local Street - Municipality,2,Urban,3,Principal Arterial - Other,4,City or Municipal Highway Agency,1,This section IS ON the NHS,0,No Special Jurisdiction,0,None,33.60003611,33.60003611,-112.03735278,-112.03735278,8,Pedestrian,0,The First Harmful Event was Not a Collision with a Motor Vehicle in Transport,0,No,1,Non-Junction,1,Not an Intersection,1,On Roadway,0,None,3,Dark - Lighted,1,Clear,0,No,0000000,Not Applicable,99,Unknown,99,Unknown,99,Unknown EMS Scene Arrival Hour,99,Unknown EMS Scene Arrival Minutes,99,Unknown,99,Unknown EMS Hospital Arrival Time,1
4,Arizona,40112,0,0,2,2,0,2,2,13,MARICOPA (13),370,PHOENIX,2,February,8,8,3,Tuesday,2022,22,10:00pm-10:59pm,11,11,E SOUTHERN AVE,N 11TH ST,6,Local Street - Municipality,2,Urban,4,Minor Arterial,4,City or Municipal Highway Agency,0,This section IS NOT on the NHS,0,No Special Jurisdiction,0,None,33.39229444,33.39229444,-112.05701667,-112.05701667,12,Motor Vehicle In-Transport,6,Angle,0,No,2,Intersection,3,T-Intersection,1,On Roadway,0,None,3,Dark - Lighted,1,Clear,0,No,0000000,Not Applicable,99,Unknown,99,Unknown,99,Unknown EMS Scene Arrival Hour,99,Unknown EMS Scene Arrival Minutes,88,Not Applicable (Not Transported),88,Not Applicable (Not Transported),1
4,Arizona,40113,0,0,1,1,0,3,3,5,COCONINO (5),0,NOT APPLICABLE,2,February,9,9,4,Wednesday,2022,7,7:00am-7:59am,24,24,SR-64,NA,3,State Highway,1,Rural,4,Minor Arterial,1,State Highway Agency,0,This section IS NOT on the NHS,0,No Special Jurisdiction,1021,1021,35.876125,35.876125,-111.51707222,-111.51707222,1,Rollover/Overturn,0,The First Harmful Event was Not a Collision with a Motor Vehicle in Transport,0,No,1,Non-Junction,1,Not an Intersection,4,On Roadside,0,None,1,Daylight,1,Clear,0,No,0000000,Not Applicable,7,7:00am-7:59am,26,26,7,7:00am-7:59am,40,40,99,Unknown,99,Unknown EMS Hospital Arrival Time,2
4,Arizona,40114,0,0,2,2,0,3,3,19,PIMA (19),117,CORONA DE TUCSON,2,February,9,9,4,Wednesday,2022,20,8:00pm-8:59pm,16,16,W VALENCIA RD,S CASINO DEL SOL DR,6,Local Street - Municipality,2,Urban,6,Minor Collector,2,County Highway Agency,0,This section IS NOT on the NHS,0,No Special Jurisdiction,0,None,32.133377779999996,32.133377779999996,-111.08426944,-111.08426944,12,Motor Vehicle In-Transport,6,Angle,0,No,2,Intersection,3,T-Intersection,1,On Roadway,0,None,3,Dark - Lighted,1,Clear,0,No,0000000,Not Applicable,20,8:00pm-8:59pm,17,17,20,8:00pm-8:59pm,22,22,88,Not Applicable (Not Transported),88,Not Applicable (Not Transported),1
4,Arizona,40115,1,1,1,1,0,1,1,19,PIMA (19),530,TUCSON,2,February,9,9,4,Wednesday,2022,22,10:00pm-10:59pm,29,29,W FORT LOWELL RD,N CASTRO AVE,6,Local Street - Municipality,2,Urban,4,Minor Arterial,4,City or Municipal Highway Agency,0,This section IS NOT on the NHS,0,No Special Jurisdiction,0,None,32.26475278,32.26475278,-110.97410556,-110.97410556,8,Pedestrian,0,The First Harmful Event was Not a Collision with a Motor Vehicle in Transport,0,No,3,Intersection-Related,3,T-Intersection,1,On Roadway,0,None,3,Dark - Lighted,1,Clear,0,No,0000000,Not Applicable,99,Unknown,99,Unknown,99,Unknown EMS Scene Arrival Hour,99,Unknown EMS Scene Arrival Minutes,88,Not Applicable (Not Transported),88,Not Applicable (Not Transported),1
4,Arizona,40116,0,0,2,2,0,2,2,11,GREENLEE (11),0,NOT APPLICABLE,2,February,10,10,5,Thursday,2022,16,4:00pm-4:59pm,50,50,US-191,NA,2,US Highway,1,Rural,4,Minor Arterial,2,County Highway Agency,0,This section IS NOT on the NHS,0,No Special Jurisdiction,1484,1484,32.87465833,32.87465833,-109.28542778,-109.28542778,12,Motor Vehicle In-Transport,7,Sideswipe - Same Direction,0,No,1,Non-Junction,1,Not an Intersection,1,On Roadway,0,None,1,Daylight,1,Clear,0,No,0000000,Not Applicable,16,4:00pm-4:59pm,50,50,17,5:00pm-5:59pm,11,11,17,5:00pm-5:59pm,50,50,1
4,Arizona,40117,1,1,1,1,0,5,5,3,COCHISE (3),130,DOUGLAS,2,February,10,10,5,Thursday,2022,7,7:00am-7:59am,48,48,4TH ST,G AVE,6,Local Street - Municipality,2,Urban,5,Major Collector,4,City or Municipal Highway Agency,0,This section IS NOT on the NHS,0,No Special Jurisdiction,0,None,31.33821111,31.33821111,-109.554475,-109.554475,9,Pedalcyclist,0,The First Harmful Event was Not a Collision with a Motor Vehicle in Transport,0,No,3,Intersection-Related,2,Four-Way Intersection,1,On Roadway,0,None,1,Daylight,1,Clear,0,No,0000000,Not Applicable,7,7:00am-7:59am,48,48,7,7:00am-7:59am,54,54,8,8:00am-8:59am,2,2,1
4,Arizona,40118,0,0,3,3,0,5,5,13,MARICOPA (13),370,PHOENIX,2,February,11,11,6,Friday,2022,7,7:00am-7:59am,44,44,N 19TH AVE,NA,6,Local Street - Municipality,2,Urban,4,Minor Arterial,4,City or Municipal Highway Agency,0,This section IS NOT on the NHS,0,No Special Jurisdiction,0,None,33.4907,33.4907,-112.100025,-112.100025,12,Motor Vehicle In-Transport,7,Sideswipe - Same Direction,0,No,1,Non-Junction,1,Not an Intersection,1,On Roadway,0,None,1,Daylight,1,Clear,0,No,0000000,Not Applicable,99,Unknown,99,Unknown,99,Unknown EMS Scene Arrival Hour,99,Unknown EMS Scene Arrival Minutes,99,Unknown,98,Unknown if Transported,1
4,Arizona,40119,0,0,3,3,0,3,3,13,MARICOPA (13),190,GILBERT,2,February,11,11,6,Friday,2022,8,8:00am-8:59am,43,43,W GUADALUPE RD,N VELERO ST,5,Local Street - Township,2,Urban,4,Minor Arterial,3,Town or Township Highway Agency,0,This section IS NOT on the NHS,0,No Special Jurisdiction,0,None,88.8888,88.8888,888.8888,888.8888,12,Motor Vehicle In-Transport,6,Angle,0,No,2,Intersection,3,T-Intersection,1,On Roadway,0,None,1,Daylight,1,Clear,0,No,0000000,Not Applicable,8,8:00am-8:59am,43,43,8,8:00am-8:59am,48,48,9,9:00am-9:59am,5,5,1
4,Arizona,40120,1,1,1,1,0,1,1,13,MARICOPA (13),370,PHOENIX,2,February,11,11,6,Friday,2022,19,7:00pm-7:59pm,6,6,N 16TH ST,NA,6,Local Street - Municipality,2,Urban,4,Minor Arterial,4,City or Municipal Highway Agency,0,This section IS NOT on the NHS,0,No Special Jurisdiction,0,None,33.47168889,33.47168889,-112.047725,-112.047725,8,Pedestrian,0,The First Harmful Event was Not a Collision with a Motor Vehicle in Transport,0,No,1,Non-Junction,1,Not an Intersection,1,On Roadway,0,None,2,Dark - Not Lighted,1,Clear,0,No,0000000,Not Applicable,19,7:00pm-7:59pm,7,7,19,7:00pm-7:59pm,15,15,19,7:00pm-7:59pm,29,29,1
4,Arizona,40121,1,1,1,1,0,2,2,13,MARICOPA (13),200,GLENDALE,2,February,11,11,6,Friday,2022,19,7:00pm-7:59pm,52,52,N 67TH AVE,W PHELPS RD,6,Local Street - Municipality,2,Urban,4,Minor Arterial,4,City or Municipal Highway Agency,0,This section IS NOT on the NHS,0,No Special Jurisdiction,0,None,33.63570556,33.63570556,-112.20263611,-112.20263611,8,Pedestrian,0,The First Harmful Event was Not a Collision with a Motor Vehicle in Transport,0,No,3,Intersection-Related,3,T-Intersection,1,On Roadway,0,None,3,Dark - Lighted,1,Clear,0,No,0000000,Not Applicable,99,Unknown,99,Unknown,99,Unknown EMS Scene Arrival Hour,99,Unknown EMS Scene Arrival Minutes,99,Unknown,99,Unknown EMS Hospital Arrival Time,1
4,Arizona,40122,0,0,2,2,0,3,3,15,MOHAVE (15),260,KINGMAN,2,February,12,12,7,Saturday,2022,20,8:00pm-8:59pm,43,43,US-93,NA,2,US Highway,1,Rural,3,Principal Arterial - Other,1,State Highway Agency,1,This section IS ON the NHS,0,No Special Jurisdiction,956,956,35.14328611,35.14328611,-113.67948333,-113.67948333,12,Motor Vehicle In-Transport,6,Angle,0,No,1,Non-Junction,1,Not an Intersection,1,On Roadway,0,None,2,Dark - Not Lighted,1,Clear,0,No,0000000,Not Applicable,20,8:00pm-8:59pm,44,44,21,9:00pm-9:59pm,12,12,99,Unknown,99,Unknown EMS Hospital Arrival Time,1
4,Arizona,40123,1,1,1,1,0,1,1,13,MARICOPA (13),370,PHOENIX,2,February,12,12,7,Saturday,2022,21,9:00pm-9:59pm,59,59,N 43RD AVE,NA,6,Local Street - Municipality,2,Urban,4,Minor Arterial,4,City or Municipal Highway Agency,0,This section IS NOT on the NHS,0,No Special Jurisdiction,0,None,33.61484722,33.61484722,-112.15128333,-112.15128333,8,Pedestrian,0,The First Harmful Event was Not a Collision with a Motor Vehicle in Transport,0,No,1,Non-Junction,1,Not an Intersection,1,On Roadway,0,None,3,Dark - Lighted,1,Clear,0,No,0000000,Not Applicable,22,10:00pm-10:59pm,4,4,22,10:00pm-10:59pm,10,10,22,10:00pm-10:59pm,14,14,1
4,Arizona,40124,0,0,2,2,0,2,2,13,MARICOPA (13),200,GLENDALE,2,February,12,12,7,Saturday,2022,22,10:00pm-10:59pm,9,9,W BELL RD,N 63RD AVE,6,Local Street - Municipality,2,Urban,3,Principal Arterial - Other,4,City or Municipal Highway Agency,1,This section IS ON the NHS,0,No Special Jurisdiction,0,None,33.63849722,33.63849722,-112.1954,-112.1954,12,Motor Vehicle In-Transport,1,Front-to-Rear,0,No,3,Intersection-Related,2,Four-Way Intersection,1,On Roadway,0,None,3,Dark - Lighted,1,Clear,0,No,0000000,Not Applicable,99,Unknown,99,Unknown,99,Unknown EMS Scene Arrival Hour,99,Unknown EMS Scene Arrival Minutes,99,Unknown,99,Unknown EMS Hospital Arrival Time,1