STATE,STATENAME,ST_CASE,PEDS,PERNOTMVIT,VE_TOTAL,VE_FORMS,PVH_INVL,PERSONS,PERMVIT,COUNTY,COUNTYNAME,CITY,CITYNAME,MONTH,MONTHNAME,DAY,DAYNAME,DAY_WEEK,DAY_WEEKNAME,YEAR,HOUR,HOURNAME,MINUTE,MINUTENAME,TWAY_ID,TWAY_ID2,ROUTE,ROUTENAME,RUR_URB,RUR_URBNAME,FUNC_SYS,FUNC_SYSNAME,RD_OWNER,RD_OWNERNAME,NHS,NHSNAME,SP_JUR,SP_JURNAME,MILEPT,MILEPTNAME,LATITUDE,LATITUDENAME,LONGITUD,LONGITUDNAME,HARM_EV,HARM_EVNAME,MAN_COLL,MAN_COLLNAME,RELJCT1,RELJCT1NAME,RELJCT2,RELJCT2NAME,TYP_INT,TYP_INTNAME,REL_ROAD,REL_ROADNAME,WRK_ZONE,WRK_ZONENAME,LGT_COND,LGT_CONDNAME,WEATHER,WEATHERNAME,SCH_BUS,SCH_BUSNAME,RAIL,RAILNAME,NOT_HOUR,NOT_HOURNAME,NOT_MIN,NOT_MINNAME,ARR_HOUR,ARR_HOURNAME,ARR_MIN,ARR_MINNAME,HOSP_HR,HOSP_HRNAME,HOSP_MN,HOSP_MNNAME,FATALS
4,Arizona,40125,0,0,2,2,0,2,2,25,YAVAPAI (25),0,NOT APPLICABLE,2,February,13,13,1,Sunday,2022,11,11:00am-11:59am,50,50,SR-89,NA,3,State Highway,1,Rural,4,Minor Arterial,1,State Highway Agency,0,This section IS NOT on the NHS,0,No Special Jurisdiction,418,418,34.45474722,34.45474722,-112.53725556,-112.53725556,5,Fell/Jumped from Vehicle,0,The First Harmful Event was Not a Collision with a Motor Vehicle in Transport,0,No,1,Non-Junction,1,Not an Intersection,1,On Roadway,0,None,1,Daylight,1,Clear,0,No,0000000,Not Applicable,11,11:00am-11:59am,53,53,12,12:00pm-12:59pm,16,16,88,Not Applicable (Not Transported),88,Not Applicable (Not Transported),1
4,Arizona,40126,0,0,2,2,0,2,2,21,PINAL (21),70,CASA GRANDE,2,February,16,16,4,Wednesday,2022,11,11:00am-11:59am,56,56,SR-84,N SUNLAND GIN RD,3,State Highway,1,Rural,4,Minor Arterial,1,State Highway Agency,0,This section IS NOT on the NHS,0,No Special Jurisdiction,0,None,32.82392778,32.82392778,-111.671025,-111.671025,12,Motor Vehicle In-Transport,6,Angle,0,No,2,Intersection,2,Four-Way Intersection,1,On Roadway,0,None,1,Daylight,1,Clear,0,No,0000000,Not Applicable,12,12:00pm-12:59pm,5,5,12,12:00pm-12:59pm,32,32,88,Not Applicable (Not Transported),88,Not Applicable (Not Transported),1
4,Arizona,40127,0,0,2,2,0,2,2,13,MARICOPA (13),190,GILBERT,2,February,16,16,4,Wednesday,2022,13,1:00pm-1:59pm,1,1,E RAY RD,S RECKER RD,5,Local Street - Township,2,Urban,4,Minor Arterial,3,Town or Township Highway Agency,0,This section IS NOT on the NHS,0,No Special Jurisdiction,0,None,33.32136389,33.32136389,-111.70406944,-111.70406944,12,Motor Vehicle In-Transport,6,Angle,0,No,2,Intersection,2,Four-Way Intersection,1,On Roadway,0,None,1,Daylight,10,Cloudy,0,No,0000000,Not Applicable,13,1:00pm-1:59pm,3,3,13,1:00pm-1:59pm,9,9,13,1:00pm-1:59pm,38,38,1
4,Arizona,40128,1,1,1,1,0,2,2,13,MARICOPA (13),370,PHOENIX,2,February,17,17,5,Thursday,2022,20,8:00pm-8:59pm,14,14,W INDIAN SCHOOL RD,NA,6,Local Street - Municipality,2,Urban,3,Principal Arterial - Other,4,City or Municipal Highway Agency,1,This section IS ON the NHS,0,No Special Jurisdiction,0,None,33.49489722,33.49489722,-112.15614167,-112.15614167,9,Pedalcyclist,0,The First Harmful Event was Not a Collision with a Motor Vehicle in Transport,0,No,1,Non-Junction,1,Not an Intersection,1,On Roadway,0,None,3,Dark - Lighted,1,Clear,0,No,0000000,Not Applicable,99,Unknown,99,Unknown,99,Unknown EMS Scene Arrival Hour,99,Unknown EMS Scene Arrival Minutes,99,Unknown,99,Unknown EMS Hospital Arrival Time,1
4,Arizona,40129,0,0,2,2,0,3,3,25,YAVAPAI (25),120,COTTONWOOD,2,February,18,18,6,Friday,2022,11,11:00am-11:59am,1,1,SR-260,NA,3,State Highway,2,Urban,3,Principal Arterial - Other,1,State Highway Agency,1,This section IS ON the NHS,0,No Special Jurisdiction,15,15,34.70330833,34.70330833,-111.99003056,-111.99003056,12,Motor Vehicle In-Transport,6,Angle,0,No,8,Driveway Access Related,1,Not an Intersection,1,On Roadway,0,None,1,Daylight,1,Clear,0,No,0000000,Not Applicable,11,11:00am-11:59am,1,1,11,11:00am-11:59am,4,4,14,2:00pm-2:59pm,33,33,1
4,Arizona,40130,0,0,2,2,0,2,2,13,MARICOPA (13),370,PHOENIX,2,February,18,18,6,Friday,2022,16,4:00pm-4:59pm,59,59,E BELL RD,N 14TH ST,6,Local Street - Municipality,2,Urban,3,Principal Arterial - Other,4,City or Municipal Highway Agency,1,This section IS ON the NHS,0,No Special Jurisdiction,0,None,33.64026944,33.64026944,-112.05257222,-112.05257222,12,Motor Vehicle In-Transport,6,Angle,0,No,2,Intersection,3,T-Intersection,1,On Roadway,0,None,1,Daylight,1,Clear,0,No,0000000,Not Applicable,99,Unknown,99,Unknown,99,Unknown EMS Scene Arrival Hour,99,Unknown EMS Scene Arrival Minutes,99,Unknown,99,Unknown EMS Hospital Arrival Time,1
4,Arizona,40131,1,1,2,2,0,1,1,13,MARICOPA (13),290,MESA,2,February,19,19,7,Saturday,2022,4,4:00am-4:59am,1,1,US-60,NA,2,US Highway,2,Urban,2,Principal Arterial - Other Freeways and Expressways,1,State Highway Agency,1,This section IS ON the NHS,0,No Special Jurisdiction,1556,1556,33.38650556,33.38650556,-111.70911667,-111.70911667,8,Pedestrian,0,The First Harmful Event was Not a Collision with a Motor Vehicle in Transport,0,No,1,Non-Junction,1,Not an Intersection,1,On Roadway,0,None,2,Dark - Not Lighted,1,Clear,0,No,0000000,Not Applicable,4,4:00am-4:59am,4,4,4,4:00am-4:59am,12,12,88,Not Applicable (Not Transported),88,Not Applicable (Not Transported),1
4,Arizona,40132,1,1,1,1,0,1,1,13,MARICOPA (13),370,PHOENIX,2,February,19,19,7,Saturday,2022,5,5:00am-5:59am,33,33,I-17,NA,1,Interstate,2,Urban,1,Interstate,1,State Highway Agency,1,This section IS ON the NHS,0,No Special Jurisdiction,40,40,33.43715833,33.43715833,-112.10832222,-112.10832222,8,Pedestrian,0,The First Harmful Event was Not a Collision with a Motor Vehicle in Transport,0,No,1,Non-Junction,1,Not an Intersection,1,On Roadway,0,None,3,Dark - Lighted,1,Clear,0,No,0000000,Not Applicable,5,5:00am-5:59am,34,34,5,5:00am-5:59am,43,43,88,Not Applicable (Not Transported),88,Not Applicable (Not Transported),1
4,Arizona,40133,0,0,2,2,0,2,2,3,COCHISE (3),0,NOT APPLICABLE,2,February,19,19,7,Saturday,2022,10,10:00am-10:59am,19,19,SR-80,NA,3,State Highway,1,Rural,3,Principal Arterial - Other,1,State Highway Agency,1,This section IS ON the NHS,0,No Special Jurisdiction,528,528,31.4438,31.4438,-109.83293056,-109.83293056,12,Motor Vehicle In-Transport,2,Front-to-Front,0,No,1,Non-Junction,1,Not an Intersection,1,On Roadway,0,None,1,Daylight,1,Clear,0,No,0000000,Not Applicable,10,10:00am-10:59am,20,20,10,10:00am-10:59am,32,32,99,Unknown,99,Unknown EMS Hospital Arrival Time,1
4,Arizona,40134,0,0,2,2,0,2,2,17,NAVAJO (17),0,NOT APPLICABLE,2,February,19,19,7,Saturday,2022,16,4:00pm-4:59pm,46,46,I-40,NA,1,Interstate,1,Rural,1,Interstate,1,State Highway Agency,1,This section IS ON the NHS,0,No Special Jurisdiction,2947,2947,34.98336389,34.98336389,-110.03860278,-110.03860278,12,Motor Vehicle In-Transport,1,Front-to-Rear,0,No,1,Non-Junction,1,Not an Intersection,1,On Roadway,0,None,1,Daylight,1,Clear,0,No,0000000,Not Applicable,16,4:00pm-4:59pm,50,50,17,5:00pm-5:59pm,38,38,99,Unknown,99,Unknown EMS Hospital Arrival Time,1
4,Arizona,40135,0,0,1,1,0,4,4,13,MARICOPA (13),370,PHOENIX,2,February,20,20,1,Sunday,2022,0,0:00am-0:59am,22,22,I-10,NA,1,Interstate,2,Urban,1,Interstate,1,State Highway Agency,1,This section IS ON the NHS,0,No Special Jurisdiction,1380,1380,33.46255,33.46255,-112.19377778,-112.19377778,20,Impact Attenuator/Crash Cushion,0,The First Harmful Event was Not a Collision with a Motor Vehicle in Transport,1,Yes,5,Entrance/Exit Ramp Related,1,Not an Intersection,4,On Roadside,0,None,3,Dark - Lighted,1,Clear,0,No,0000000,Not Applicable,0,0:00am-0:59am,25,25,0,0:00am-0:59am,35,35,99,Unknown,99,Unknown EMS Hospital Arrival Time,2
4,Arizona,40136,0,0,1,1,0,1,1,13,MARICOPA (13),290,MESA,2,February,20,20,1,Sunday,2022,2,2:00am-2:59am,10,10,BUSH HWY,NA,8,Other,1,Rural,4,Minor Arterial,2,County Highway Agency,0,This section IS NOT on the NHS,0,No Special Jurisdiction,0,None,33.55825556,33.55825556,-111.54012778,-111.54012778,1,Rollover/Overturn,0,The First Harmful Event was Not a Collision with a Motor Vehicle in Transport,0,No,1,Non-Junction,1,Not an Intersection,1,On Roadway,0,None,2,Dark - Not Lighted,1,Clear,0,No,0000000,Not Applicable,2,2:00am-2:59am,10,10,2,2:00am-2:59am,35,35,88,Not Applicable (Not Transported),88,Not Applicable (Not Transported),1
4,Arizona,40137,0,0,1,1,0,3,3,21,PINAL (21),405,SACATON,2,February,20,20,1,Sunday,2022,20,8:00pm-8:59pm,33,33,SR-347,NA,3,State Highway,1,Rural,3,Principal Arterial - Other,1,State Highway Agency,1,This section IS ON the NHS,0,No Special Jurisdiction,191,191,32.91194722,32.91194722,-112.049375,-112.049375,1,Rollover/Overturn,0,The First Harmful Event was Not a Collision with a Motor Vehicle in Transport,0,No,1,Non-Junction,1,Not an Intersection,4,On Roadside,0,None,2,Dark - Not Lighted,1,Clear,0,No,0000000,Not Applicable,20,8:00pm-8:59pm,33,33,20,8:00pm-8:59pm,47,47,21,9:00pm-9:59pm,7,7,1
4,Arizona,40138,0,0,1,1,0,1,1,19,PIMA (19),530,TUCSON,2,February,22,22,3,Tuesday,2022,2,2:00am-2:59am,39,39,S KOLB RD,CENTINIAL DR,6,Local Street - Municipality,2,Urban,3,Principal Arterial - Other,2,County Highway Agency,1,This section IS ON the NHS,0,No Special Jurisdiction,0,None,32.12670833,32.12670833,-110.84116111,-110.84116111,5,Fell/Jumped from Vehicle,0,The First Harmful Event was Not a Collision with a Motor Vehicle in Transport,0,No,3,Intersection-Related,3,T-Intersection,1,On Roadway,0,None,3,Dark - Lighted,1,Clear,0,No,0000000,Not Applicable,2,2:00am-2:59am,39,39,2,2:00am-2:59am,48,48,88,Not Applicable (Not Transported),88,Not Applicable (Not Transported),1
4,Arizona,40139,0,0,2,2,0,2,2,13,MARICOPA (13),370,PHOENIX,2,February,22,22,3,Tuesday,2022,5,5:00am-5:59am,1,1,SR-202,NA,3,State Highway,2,Urban,2,Principal Arterial - Other Freeways and Expressways,1,State Highway Agency,1,This section IS ON the NHS,0,No Special Jurisdiction,99998,Not Reported,33.29106667,33.29106667,-112.07978611,-112.07978611,12,Motor Vehicle In-Transport,1,Front-to-Rear,0,No,1,Non-Junction,1,Not an Intersection,1,On Roadway,0,None,3,Dark - Lighted,1,Clear,0,No,0000000,Not Applicable,5,5:00am-5:59am,6,6,5,5:00am-5:59am,16,16,6,6:00am-6:59am,10,10,1
4,Arizona,40140,0,0,1,1,0,1,1,13,MARICOPA (13),189,GILA BEND,2,February,22,22,3,Tuesday,2022,10,10:00am-10:59am,35,35,I-8,NA,1,Interstate,1,Rural,1,Interstate,1,State Highway Agency,1,This section IS ON the NHS,0,No Special Jurisdiction,1027,1027,32.9105,32.9105,-112.96546667,-112.96546667,1,Rollover/Overturn,0,The First Harmful Event was Not a Collision with a Motor Vehicle in Transport,0,No,1,Non-Junction,1,Not an Intersection,3,On Median,0,None,1,Daylight,10,Cloudy,0,No,0000000,Not Applicable,10,10:00am-10:59am,42,42,11,11:00am-11:59am,0,0,88,Not Applicable (Not Transported),88,Not Applicable (Not Transported),1
4,Arizona,40141,1,1,1,1,0,1,1,19,PIMA (19),530,TUCSON,2,February,22,22,3,Tuesday,2022,14,2:00pm-2:59pm,4,4,S RITA RD,E CAMINO ABRIL,6,Local Street - Municipality,2,Urban,5,Major Collector,4,City or Municipal Highway Agency,0,This section IS NOT on the NHS,0,No Special Jurisdiction,0,None,32.10308333,32.10308333,-110.80134444,-110.80134444,33,Curb,0,The First Harmful Event was Not a Collision with a Motor Vehicle in Transport,0,No,3,Intersection-Related,3,T-Intersection,4,On Roadside,0,None,1,Daylight,1,Clear,0,No,0000000,Not Applicable,14,2:00pm-2:59pm,4,4,14,2:00pm-2:59pm,11,11,14,2:00pm-2:59pm,53,53,1
4,Arizona,40142,1,1,1,1,0,1,1,13,MARICOPA (13),200,GLENDALE,2,February,23,23,4,Wednesday,2022,21,9:00pm-9:59pm,41,41,W BETHANY HOME,NA,6,Local Street - Municipality,2,Urban,4,Minor Arterial,4,City or Municipal Highway Agency,0,This section IS NOT on the NHS,0,No Special Jurisdiction,0,None,33.52400833,33.52400833,-112.18811667,-112.18811667,8,Pedestrian,0,The First Harmful Event was Not a Collision with a Motor Vehicle in Transport,0,No,1,Non-Junction,1,Not an Intersection,1,On Roadway,0,None,3,Dark - Lighted,1,Clear,0,No,0000000,Not Applicable,99,Unknown,99,Unknown,99,Unknown EMS Scene Arrival Hour,99,Unknown EMS Scene Arrival Minutes,99,Unknown,98,Unknown if Transported,1
4,Arizona,40143,0,0,3,3,0,4,4,13,MARICOPA (13),370,PHOENIX,2,February,23,23,4,Wednesday,2022,8,8:00am-8:59am,51,51,I-10,NA,1,Interstate,2,Urban,1,Interstate,1,State Highway Agency,1,This section IS ON the NHS,0,No Special Jurisdiction,1360,1360,33.46283056,33.46283056,-112.21781111,-112.21781111,12,Motor Vehicle In-Transport,1,Front-to-Rear,1,Yes,18,Through Roadway,1,Not an Intersection,1,On Roadway,0,None,1,Daylight,2,Rain,0,No,0000000,Not Applicable,8,8:00am-8:59am,55,55,9,9:00am-9:59am,1,1,9,9:00am-9:59am,15,15,1
4,Arizona,40144,2,2,2,2,0,1,1,13,MARICOPA (13),290,MESA,2,February,24,24,5,Thursday,2022,9,9:00am-9:59am,54,54,N POWER RD,NA,6,Local Street - Municipality,2,Urban,3,Principal Arterial - Other,4,City or Municipal Highway Agency,1,This section IS ON the NHS,0,No Special Jurisdiction,0,None,33.44263056,33.44263056,-111.68435556,-111.68435556,12,Motor Vehicle In-Transport,1,Front-to-Rear,0,No,1,Non-Junction,1,Not an Intersection,1,On Roadway,0,None,1,Daylight,1,Clear,0,No,0000000,Not Applicable,9,9:00am-9:59am,54,54,99,Unknown EMS Scene Arrival Hour,99,Unknown EMS Scene Arrival Minutes,99,Unknown,99,Unknown EMS Hospital Arrival Time,1
4,Arizona,40145,1,1,1,1,0,2,2,19,PIMA (19),530,TUCSON,2,February,26,26,7,Saturday,2022,12,12:00pm-12:59pm,57,57,E SPEEDWAY BLVD,N PRUDENCE RD,6,Local Street - Municipality,2,Urban,3,Principal Arterial - Other,4,City or Municipal Highway Agency,0,This section IS NOT on the NHS,0,No Special Jurisdiction,0,None,32.23546944,32.23546944,-110.83229167,-110.83229167,8,Pedestrian,0,The First Harmful Event was Not a Collision with a Motor Vehicle in Transport,0,No,3,Intersection-Related,3,T-Intersection,1,On Roadway,0,None,1,Daylight,1,Clear,0,No,0000000,Not Applicable,12,12:00pm-12:59pm,57,57,13,1:00pm-1:59pm,0,0,13,1:00pm-1:59pm,19,19,1
4,Arizona,40146,0,0,1,1,0,4,4,13,MARICOPA (13),0,NOT APPLICABLE,2,February,27,27,1,Sunday,2022,16,4:00pm-4:59pm,26,26,I-17,NA,1,Interstate,1,Rural,1,Interstate,1,State Highway Agency,1,This section IS ON the NHS,0,No Special Jurisdiction,420,420,33.96659444,33.96659444,-112.12907778,-112.12907778,59,Traffic Sign Support,0,The First Harmful Event was Not a Collision with a Motor Vehicle in Transport,1,Yes,5,Entrance/Exit Ramp Related,1,Not an Intersection,4,On Roadside,0,None,1,Daylight,1,Clear,0,No,0000000,Not Applicable,16,4:00pm-4:59pm,29,29,16,4:00pm-4:59pm,38,38,17,5:00pm-5:59pm,18,18,1
4,Arizona,40147,0,0,2,2,0,3,3,13,MARICOPA (13),60,BUCKEYE,2,February,28,28,2,Monday,2022,17,5:00pm-5:59pm,15,15,SR-W SALOME HWY,NA,3,State Highway,1,Rural,5,Major Collector,2,County Highway Agency,0,This section IS NOT on the NHS,0,No Special Jurisdiction,0,None,33.39872778,33.39872778,-112.81771667,-112.81771667,12,Motor Vehicle In-Transport,8,Sideswipe - Opposite Direction,0,No,1,Non-Junction,1,Not an Intersection,1,On Roadway,0,None,1,Daylight,1,Clear,0,No,0000000,Not Applicable,17,5:00pm-5:59pm,15,15,17,5:00pm-5:59pm,20,20,88,Not Applicable (Not Transported),88,Not Applicable (Not Transported),1
4,Arizona,40148,0,0,2,2,0,2,2,19,PIMA (19),530,TUCSON,2,February,28,28,2,Monday,2022,19,7:00pm-7:59pm,14,14,N FLOWING WELLS RD,NA,6,Local Street - Municipality,2,Urban,4,Minor Arterial,4,City or Municipal Highway Agency,0,This section IS NOT on the NHS,0,No Special Jurisdiction,0,None,32.27739167,32.27739167,-110.99508333,-110.99508333,12,Motor Vehicle In-Transport,6,Angle,0,No,8,Driveway Access Related,1,Not an Intersection,1,On Roadway,0,None,2,Dark - Not Lighted,1,Clear,0,No,0000000,Not Applicable,19,7:00pm-7:59pm,14,14,19,7:00pm-7:59pm,19,19,19,7:00pm-7:59pm,35,35,1
4,Arizona,40149,1,1,1,1,0,1,1,7,GILA (7),0,NOT APPLICABLE,1,January,8,8,7,Saturday,2022,19,7:00pm-7:59pm,55,55,US-70,NA,2,US Highway,1,Rural,4,Minor Arterial,1,State Highway Agency,0,This section IS NOT on the NHS,0,No Special Jurisdiction,69,69,33.35383333,33.35383333,-110.65942778,-110.65942778,8,Pedestrian,0,The First Harmful Event was Not a Collision with a Motor Vehicle in Transport,9,Reported as Unknown,99,Reported as Unknown,99,Reported as Unknown,1,On Roadway,0,None,9,Reported as Unknown,99,Reported as Unknown,0,No,0000000,Not Applicable,99,Unknown,99,Unknown,99,Unknown EMS Scene Arrival Hour,99,Unknown EMS Scene Arrival Minutes,99,Unknown,99,Unknown EMS Hospital Arrival Time,1
4,Arizona,40151,0,0,1,1,0,2,2,3,COCHISE (3),580,WILLCOX,1,January,6,6,5,Thursday,2022,16,4:00pm-4:59pm,32,32,N FORT GRANT RD,NA,9,Unknown,1,Rural,5,Major Collector,2,County Highway Agency,0,This section IS NOT on the NHS,0,No Special Jurisdiction,0,None,32.320025,32.320025,-109.87586944,-109.87586944,1,Rollover/Overturn,0,The First Harmful Event was Not a Collision with a Motor Vehicle in Transport,0,No,1,Non-Junction,1,Not an Intersection,1,On Roadway,0,None,1,Daylight,1,Clear,0,No,0000000,Not Applicable,16,4:00pm-4:59pm,34,34,16,4:00pm-4:59pm,41,41,17,5:00pm-5:59pm,39,39,1
4,Arizona,40152,0,0,1,1,0,1,1,3,COCHISE (3),233,HEREFORD,1,January,24,24,2,Monday,2022,17,5:00pm-5:59pm,11,11,E FAITH AVE,NA,6,Local Street - Municipality,1,Rural,7,Local,4,City or Municipal Highway Agency,0,This section IS NOT on the NHS,0,No Special Jurisdiction,0,None,31.38353889,31.38353889,-110.14945,-110.14945,99,Reported as Unknown,99,Reported as Unknown,0,No,1,Non-Junction,1,Not an Intersection,1,On Roadway,0,None,1,Daylight,1,Clear,0,No,0000000,Not Applicable,99,Unknown,99,Unknown,99,Unknown EMS Scene Arrival Hour,99,Unknown EMS Scene Arrival Minutes,99,Unknown,99,Unknown EMS Hospital Arrival Time,1
4,Arizona,40153,1,1,1,1,0,1,1,13,MARICOPA (13),60,BUCKEYE,2,February,8,8,3,Tuesday,2022,20,8:00pm-8:59pm,46,46,S TUTHILL RD,W NARRAMORE RD,5,Local Street - Township,2,Urban,4,Minor Arterial,2,County Highway Agency,0,This section IS NOT on the NHS,0,No Special Jurisdiction,0,None,33.33385,33.33385,-112.48708611,-112.48708611,9,Pedalcyclist,0,The First Harmful Event was Not a Collision with a Motor Vehicle in Transport,0,No,2,Intersection,2,Four-Way Intersection,1,On Roadway,0,None,2,Dark - Not Lighted,1,Clear,0,No,0000000,Not Applicable,20,8:00pm-8:59pm,46,46,20,8:00pm-8:59pm,50,50,88,Not Applicable (Not Transported),88,Not Applicable (Not Transported),1
4,Arizona,40154,0,0,2,2,0,3,3,13,MARICOPA (13),490,TEMPE,2,February,26,26,7,Saturday,2022,11,11:00am-11:59am,22,22,S RURAL RD,E LOMA VISTA DR,6,Local Street - Municipality,2,Urban,3,Principal Arterial - Other,4,City or Municipal Highway Agency,0,This section IS NOT on the NHS,0,No Special Jurisdiction,0,None,33.40206111,33.40206111,-111.92624722,-111.92624722,12,Motor Vehicle In-Transport,6,Angle,0,No,2,Intersection,3,T-Intersection,1,On Roadway,0,None,1,Daylight,1,Clear,0,No,0000000,Not Applicable,99,Unknown,99,Unknown,99,Unknown EMS Scene Arrival Hour,99,Unknown EMS Scene Arrival Minutes,99,Unknown,99,Unknown EMS Hospital Arrival Time,1
4,Arizona,40155,1,1,1,1,0,2,2,13,MARICOPA (13),618,YOUNGTOWN,2,February,7,7,2,Monday,2022,11,11:00am-11:59am,25,25,N 111TH AVE,W MICHIGAN AVE,5,Local Street - Township,2,Urban,5,Major Collector,2,County Highway Agency,0,This section IS NOT on the NHS,0,No Special Jurisdiction,0,None,33.60424444,33.60424444,-112.29879167,-112.29879167,9,Pedalcyclist,0,The First Harmful Event was Not a Collision with a Motor Vehicle in Transport,0,No,3,Intersection-Related,3,T-Intersection,1,On Roadway,0,None,1,Daylight,1,Clear,0,No,0000000,Not Applicable,11,11:00am-11:59am,25,25,11,11:00am-11:59am,29,29,11,11:00am-11:59am,34,34,1
4,Arizona,40156,1,1,1,1,0,3,3,13,MARICOPA (13),200,GLENDALE,2,February,24,24,5,Thursday,2022,18,6:00pm-6:59pm,46,46,W NORTHERN AVE,N 55TH AVE,6,Local Street - Municipality,2,Urban,3,Principal Arterial - Other,4,City or Municipal Highway Agency,0,This section IS NOT on the NHS,0,No Special Jurisdiction,0,None,33.55316111,33.55316111,-112.17765,-112.17765,8,Pedestrian,0,The First Harmful Event was Not a Collision with a Motor Vehicle in Transport,0,No,3,Intersection-Related,2,Four-Way Intersection,1,On Roadway,0,None,3,Dark - Lighted,1,Clear,0,No,0000000,Not Applicable,99,Unknown,99,Unknown,99,Unknown EMS Scene Arrival Hour,99,Unknown EMS Scene Arrival Minutes,99,Unknown,99,Unknown EMS Hospital Arrival Time,1
4,Arizona,40157,0,0,1,1,0,1,1,13,MARICOPA (13),190,GILBERT,2,February,20,20,1,Sunday,2022,17,5:00pm-5:59pm,1,1,N MCQUEEN RD,NA,5,Local Street - Township,2,Urban,4,Minor Arterial,3,Town or Township Highway Agency,0,This section IS NOT on the NHS,0,No Special Jurisdiction,0,None,33.350325,33.350325,-111.82435556,-111.82435556,30,Utility Pole/Light Support,0,The First Harmful Event was Not a Collision with a Motor Vehicle in Transport,0,No,1,Non-Junction,1,Not an Intersection,3,On Median,0,None,1,Daylight,1,Clear,0,No,0000000,Not Applicable,99,Unknown,99,Unknown,99,Unknown EMS Scene Arrival Hour,99,Unknown EMS Scene Arrival Minutes,99,Unknown,99,Unknown EMS Hospital Arrival Time,1
4,Arizona,40158,0,0,3,3,0,6,6,19,PIMA (19),335,ORO VALLEY,2,February,15,15,3,Tuesday,2022,11,11:00am-11:59am,3,3,SR-77,NA,3,State Highway,2,Urban,3,Principal Arterial - Other,1,State Highway Agency,0,This section IS NOT on the NHS,0,No Special Jurisdiction,99,99,32.38656111,32.38656111,-110.964325,-110.964325,12,Motor Vehicle In-Transport,1,Front-to-Rear,0,No,1,Non-Junction,1,Not an Intersection,1,On Roadway,0,None,1,Daylight,1,Clear,0,No,0000000,Not Applicable,11,11:00am-11:59am,4,4,11,11:00am-11:59am,12,12,11,11:00am-11:59am,50,50,1
4,Arizona,40159,1,1,1,1,0,1,1,13,MARICOPA (13),30,AVONDALE,1,January,11,11,3,Tuesday,2022,19,7:00pm-7:59pm,22,22,S ELMIRAGE RD,W PIMA ST,6,Local Street - Municipality,2,Urban,4,Minor Arterial,4,City or Municipal Highway Agency,0,This section IS NOT on the NHS,0,No Special Jurisdiction,0,None,33.43160833,33.43160833,-112.32380556,-112.32380556,8,Pedestrian,0,The First Harmful Event was Not a Collision with a Motor Vehicle in Transport,0,No,3,Intersection-Related,2,Four-Way Intersection,1,On Roadway,0,None,3,Dark - Lighted,1,Clear,0,No,0000000,Not Applicable,19,7:00pm-7:59pm,24,24,19,7:00pm-7:59pm,29,29,19,7:00pm-7:59pm,47,47,1
4,Arizona,40160,0,0,2,2,0,2,2,13,MARICOPA (13),370,PHOENIX,2,February,22,22,3,Tuesday,2022,14,2:00pm-2:59pm,58,58,E SOUTHERN AVE,S 22ND ST,6,Local Street - Municipality,2,Urban,4,Minor Arterial,4,City or Municipal Highway Agency,0,This section IS NOT on the NHS,0,No Special Jurisdiction,0,None,33.39301667,33.39301667,-112.03444167,-112.03444167,12,Motor Vehicle In-Transport,6,Angle,0,No,2,Intersection,2,Four-Way Intersection,1,On Roadway,0,None,1,Daylight,1,Clear,0,No,0000000,Not Applicable,99,Unknown,99,Unknown,99,Unknown EMS Scene Arrival Hour,99,Unknown EMS Scene Arrival Minutes,99,Unknown,99,Unknown EMS Hospital Arrival Time,1
4,Arizona,40161,0,0,1,1,0,1,1,13,MARICOPA (13),190,GILBERT,2,February,9,9,4,Wednesday,2022,8,8:00am-8:59am,10,10,W GUADALUPE RD,NA,5,Local Street - Township,2,Urban,4,Minor Arterial,3,Town or Township Highway Agency,0,This section IS NOT on the NHS,0,No Special Jurisdiction,0,None,33.36498333,33.36498333,-111.82968889,-111.82968889,43,Other Fixed Object,0,The First Harmful Event was Not a Collision with a Motor Vehicle in Transport,0,No,1,Non-Junction,1,Not an Intersection,4,On Roadside,0,None,1,Daylight,1,Clear,0,No,0000000,Not Applicable,99,Unknown,99,Unknown,99,Unknown EMS Scene Arrival Hour,99,Unknown EMS Scene Arrival Minutes,99,Unknown,99,Unknown EMS Hospital Arrival Time,1