STATE,STATENAME,ST_CASE,PEDS,PERNOTMVIT,VE_TOTAL,VE_FORMS,PVH_INVL,PERSONS,PERMVIT,COUNTY,COUNTYNAME,CITY,CITYNAME,MONTH,MONTHNAME,DAY,DAYNAME,DAY_WEEK,DAY_WEEKNAME,YEAR,HOUR,HOURNAME,MINUTE,MINUTENAME,TWAY_ID,TWAY_ID2,ROUTE,ROUTENAME,RUR_URB,RUR_URBNAME,FUNC_SYS,FUNC_SYSNAME,RD_OWNER,RD_OWNERNAME,NHS,NHSNAME,SP_JUR,SP_JURNAME,MILEPT,MILEPTNAME,LATITUDE,LATITUDENAME,LONGITUD,LONGITUDNAME,HARM_EV,HARM_EVNAME,MAN_COLL,MAN_COLLNAME,RELJCT1,RELJCT1NAME,RELJCT2,RELJCT2NAME,TYP_INT,TYP_INTNAME,REL_ROAD,REL_ROADNAME,WRK_ZONE,WRK_ZONENAME,LGT_COND,LGT_CONDNAME,WEATHER,WEATHERNAME,SCH_BUS,SCH_BUSNAME,RAIL,RAILNAME,NOT_HOUR,NOT_HOURNAME,NOT_MIN,NOT_MINNAME,ARR_HOUR,ARR_HOURNAME,ARR_MIN,ARR_MINNAME,HOSP_HR,HOSP_HRNAME,HOSP_MN,HOSP_MNNAME,FATALS
4,Arizona,40203,0,0,2,2,0,3,3,13,MARICOPA (13),370,PHOENIX,3,March,17,17,5,Thursday,2022,21,9:00pm-9:59pm,33,33,W THOMAS RD,NA,6,Local Street - Municipality,2,Urban,4,Minor Arterial,4,City or Municipal Highway Agency,0,This section IS NOT on the NHS,0,No Special Jurisdiction,0,None,33.47983056,33.47983056,-112.24379444,-112.24379444,12,Motor Vehicle In-Transport,2,Front-to-Front,0,No,1,Non-Junction,1,Not an Intersection,1,On Roadway,0,None,3,Dark - Lighted,1,Clear,0,No,0000000,Not Applicable,99,Unknown,99,Unknown,99,Unknown EMS Scene Arrival Hour,99,Unknown EMS Scene Arrival Minutes,88,Not Applicable (Not Transported),88,Not Applicable (Not Transported),2
4,Arizona,40204,1,1,1,1,0,1,1,5,COCONINO (5),170,FLAGSTAFF,3,March,18,18,6,Friday,2022,0,0:00am-0:59am,5,5,SR-40,NA,3,State Highway,2,Urban,3,Principal Arterial - Other,1,State Highway Agency,0,This section IS NOT on the NHS,0,No Special Jurisdiction,0,None,35.21304444,35.21304444,-111.60051667,-111.60051667,8,Pedestrian,0,The First Harmful Event was Not a Collision with a Motor Vehicle in Transport,0,No,1,Non-Junction,1,Not an Intersection,1,On Roadway,0,None,3,Dark - Lighted,1,Clear,0,No,0000000,Not Applicable,99,Unknown,99,Unknown,99,Unknown EMS Scene Arrival Hour,99,Unknown EMS Scene Arrival Minutes,99,Unknown,99,Unknown EMS Hospital Arrival Time,1
4,Arizona,40205,0,0,1,1,0,2,2,21,PINAL (21),70,CASA GRANDE,3,March,19,19,7,Saturday,2022,4,4:00am-4:59am,31,31,W CLAYTON RD,NA,6,Local Street - Municipality,1,Rural,7,Local,4,City or Municipal Highway Agency,0,This section IS NOT on the NHS,0,No Special Jurisdiction,0,None,32.89398889,32.89398889,-111.79288889,-111.79288889,35,Embankment,0,The First Harmful Event was Not a Collision with a Motor Vehicle in Transport,0,No,1,Non-Junction,1,Not an Intersection,4,On Roadside,0,None,2,Dark - Not Lighted,1,Clear,0,No,0000000,Not Applicable,4,4:00am-4:59am,32,32,4,4:00am-4:59am,44,44,99,Unknown,99,Unknown EMS Hospital Arrival Time,1
4,Arizona,40206,2,2,1,1,0,1,1,19,PIMA (19),530,TUCSON,3,March,19,19,7,Saturday,2022,9,9:00am-9:59am,39,39,E SUNRISE DR,NA,6,Local Street - Municipality,2,Urban,3,Principal Arterial - Other,2,County Highway Agency,0,This section IS NOT on the NHS,0,No Special Jurisdiction,0,None,32.30819167,32.30819167,-110.90156111,-110.90156111,9,Pedalcyclist,0,The First Harmful Event was Not a Collision with a Motor Vehicle in Transport,0,No,1,Non-Junction,1,Not an Intersection,4,On Roadside,0,None,1,Daylight,1,Clear,0,No,0000000,Not Applicable,9,9:00am-9:59am,39,39,9,9:00am-9:59am,52,52,88,Not Applicable (Not Transported),88,Not Applicable (Not Transported),2
4,Arizona,40208,0,0,1,1,0,1,1,21,PINAL (21),70,CASA GRANDE,3,March,20,20,1,Sunday,2022,11,11:00am-11:59am,46,46,I-8,NA,1,Interstate,1,Rural,1,Interstate,1,State Highway Agency,1,This section IS ON the NHS,0,No Special Jurisdiction,1700,1700,32.82789722,32.82789722,-111.81569167,-111.81569167,18,Other Object (not fixed),0,The First Harmful Event was Not a Collision with a Motor Vehicle in Transport,0,No,1,Non-Junction,1,Not an Intersection,1,On Roadway,0,None,1,Daylight,1,Clear,0,No,0000000,Not Applicable,11,11:00am-11:59am,15,15,12,12:00pm-12:59pm,1,1,88,Not Applicable (Not Transported),88,Not Applicable (Not Transported),1
4,Arizona,40209,0,0,1,1,0,1,1,11,GREENLEE (11),0,NOT APPLICABLE,3,March,21,21,2,Monday,2022,12,12:00pm-12:59pm,3,3,US-191,NA,2,US Highway,1,Rural,5,Major Collector,1,State Highway Agency,0,This section IS NOT on the NHS,0,No Special Jurisdiction,1968,1968,33.21685278,33.21685278,-109.38113056,-109.38113056,1,Rollover/Overturn,0,The First Harmful Event was Not a Collision with a Motor Vehicle in Transport,0,No,1,Non-Junction,1,Not an Intersection,4,On Roadside,0,None,1,Daylight,4,Snow,0,No,0000000,Not Applicable,13,1:00pm-1:59pm,40,40,14,2:00pm-2:59pm,13,13,88,Not Applicable (Not Transported),88,Not Applicable (Not Transported),1
4,Arizona,40210,0,0,1,1,0,2,2,3,COCHISE (3),40,BENSON,3,March,21,21,2,Monday,2022,22,10:00pm-10:59pm,44,44,I-10,NA,1,Interstate,1,Rural,1,Interstate,1,State Highway Agency,1,This section IS ON the NHS,0,No Special Jurisdiction,3033,3033,31.96770556,31.96770556,-110.33379722,-110.33379722,18,Other Object (not fixed),0,The First Harmful Event was Not a Collision with a Motor Vehicle in Transport,0,No,1,Non-Junction,1,Not an Intersection,4,On Roadside,0,None,2,Dark - Not Lighted,1,Clear,0,No,0000000,Not Applicable,22,10:00pm-10:59pm,45,45,23,11:00pm-11:59pm,38,38,99,Unknown,99,Unknown EMS Hospital Arrival Time,1
4,Arizona,40211,1,1,1,1,0,2,2,13,MARICOPA (13),200,GLENDALE,3,March,22,22,3,Tuesday,2022,14,2:00pm-2:59pm,48,48,N BALL PARK BLVD,NA,6,Local Street - Municipality,2,Urban,6,Minor Collector,4,City or Municipal Highway Agency,0,This section IS NOT on the NHS,0,No Special Jurisdiction,0,None,33.51426667,33.51426667,-112.29878611,-112.29878611,9,Pedalcyclist,0,The First Harmful Event was Not a Collision with a Motor Vehicle in Transport,0,No,1,Non-Junction,1,Not an Intersection,1,On Roadway,0,None,1,Daylight,1,Clear,0,No,0000000,Not Applicable,99,Unknown,99,Unknown,99,Unknown EMS Scene Arrival Hour,99,Unknown EMS Scene Arrival Minutes,99,Unknown,99,Unknown EMS Hospital Arrival Time,1
4,Arizona,40212,0,0,2,2,0,4,4,13,MARICOPA (13),290,MESA,3,March,22,22,3,Tuesday,2022,17,5:00pm-5:59pm,32,32,E MAIN ST,S WINDSOR,6,Local Street - Municipality,2,Urban,4,Minor Arterial,4,City or Municipal Highway Agency,0,This section IS NOT on the NHS,0,No Special Jurisdiction,0,None,33.41545556,33.41545556,-111.77754722,-111.77754722,12,Motor Vehicle In-Transport,6,Angle,0,No,2,Intersection,3,T-Intersection,1,On Roadway,0,None,1,Daylight,1,Clear,0,No,0000000,Not Applicable,17,5:00pm-5:59pm,34,34,17,5:00pm-5:59pm,39,39,18,6:00pm-6:59pm,4,4,2
4,Arizona,40213,1,1,1,1,0,2,2,13,MARICOPA (13),370,PHOENIX,3,March,23,23,4,Wednesday,2022,1,1:00am-1:59am,32,32,SR-202,NA,3,State Highway,2,Urban,2,Principal Arterial - Other Freeways and Expressways,1,State Highway Agency,1,This section IS ON the NHS,0,No Special Jurisdiction,19,19,33.45929722,33.45929722,-111.99476111,-111.99476111,9,Pedalcyclist,0,The First Harmful Event was Not a Collision with a Motor Vehicle in Transport,0,No,1,Non-Junction,1,Not an Intersection,1,On Roadway,0,None,3,Dark - Lighted,1,Clear,0,No,0000000,Not Applicable,1,1:00am-1:59am,41,41,1,1:00am-1:59am,49,49,88,Not Applicable (Not Transported),88,Not Applicable (Not Transported),1
4,Arizona,40214,0,0,2,2,0,3,3,13,MARICOPA (13),370,PHOENIX,3,March,23,23,4,Wednesday,2022,6,6:00am-6:59am,27,27,W THOMAS RD,NA,6,Local Street - Municipality,2,Urban,4,Minor Arterial,4,City or Municipal Highway Agency,0,This section IS NOT on the NHS,0,No Special Jurisdiction,0,None,33.48047222,33.48047222,-112.16561944,-112.16561944,12,Motor Vehicle In-Transport,2,Front-to-Front,0,No,1,Non-Junction,1,Not an Intersection,1,On Roadway,0,None,1,Daylight,1,Clear,0,No,0000000,Not Applicable,99,Unknown,99,Unknown,99,Unknown EMS Scene Arrival Hour,99,Unknown EMS Scene Arrival Minutes,99,Unknown,99,Unknown EMS Hospital Arrival Time,1
4,Arizona,40215,0,0,2,2,0,2,2,13,MARICOPA (13),0,NOT APPLICABLE,3,March,23,23,4,Wednesday,2022,13,1:00pm-1:59pm,48,48,SR-74,NA,3,State Highway,1,Rural,3,Principal Arterial - Other,1,State Highway Agency,0,This section IS NOT on the NHS,0,No Special Jurisdiction,159,159,33.83399722,33.83399722,-112.35644722,-112.35644722,12,Motor Vehicle In-Transport,2,Front-to-Front,0,No,1,Non-Junction,1,Not an Intersection,1,On Roadway,0,None,1,Daylight,1,Clear,0,No,0000000,Not Applicable,13,1:00pm-1:59pm,53,53,14,2:00pm-2:59pm,8,8,99,Unknown,99,Unknown EMS Hospital Arrival Time,1
4,Arizona,40216,0,0,2,2,0,2,2,13,MARICOPA (13),220,GOODYEAR,3,March,24,24,5,Thursday,2022,1,1:00am-1:59am,37,37,CR-MC-85,NA,4,County Road,2,Urban,3,Principal Arterial - Other,2,County Highway Agency,1,This section IS ON the NHS,0,No Special Jurisdiction,0,None,33.40383889,33.40383889,-112.4311,-112.4311,12,Motor Vehicle In-Transport,2,Front-to-Front,0,No,1,Non-Junction,1,Not an Intersection,1,On Roadway,1,Construction,2,Dark - Not Lighted,1,Clear,0,No,0000000,Not Applicable,0,0:00am-0:59am,35,35,0,0:00am-0:59am,45,45,99,Unknown,99,Unknown EMS Hospital Arrival Time,1
4,Arizona,40217,0,0,1,1,0,1,1,19,PIMA (19),530,TUCSON,3,March,24,24,5,Thursday,2022,6,6:00am-6:59am,33,33,E 28TH ST,NA,6,Local Street - Municipality,2,Urban,7,Local,4,City or Municipal Highway Agency,0,This section IS NOT on the NHS,0,No Special Jurisdiction,0,None,32.20106667,32.20106667,-110.86986667,-110.86986667,18,Other Object (not fixed),0,The First Harmful Event was Not a Collision with a Motor Vehicle in Transport,0,No,1,Non-Junction,1,Not an Intersection,4,On Roadside,0,None,1,Daylight,1,Clear,0,No,0000000,Not Applicable,6,6:00am-6:59am,34,34,6,6:00am-6:59am,38,38,7,7:00am-7:59am,6,6,1
4,Arizona,40218,0,0,3,3,0,4,4,21,PINAL (21),0,NOT APPLICABLE,3,March,24,24,5,Thursday,2022,19,7:00pm-7:59pm,46,46,SR-347,W PAPAGO RD,3,State Highway,1,Rural,3,Principal Arterial - Other,1,State Highway Agency,0,This section IS NOT on the NHS,0,No Special Jurisdiction,81,81,32.98559722,32.98559722,-112.04803333,-112.04803333,12,Motor Vehicle In-Transport,6,Angle,0,No,2,Intersection,4,Y-Intersection,1,On Roadway,0,None,2,Dark - Not Lighted,1,Clear,0,No,0000000,Not Applicable,21,9:00pm-9:59pm,48,48,21,9:00pm-9:59pm,50,50,99,Unknown,99,Unknown EMS Hospital Arrival Time,2
4,Arizona,40219,0,0,2,2,0,3,3,7,GILA (7),365,PAYSON,3,March,25,25,6,Friday,2022,13,1:00pm-1:59pm,51,51,SR-260,NA,3,State Highway,2,Urban,3,Principal Arterial - Other,1,State Highway Agency,1,This section IS ON the NHS,0,No Special Jurisdiction,717,717,34.24188889,34.24188889,-111.31021111,-111.31021111,12,Motor Vehicle In-Transport,6,Angle,0,No,8,Driveway Access Related,1,Not an Intersection,1,On Roadway,0,None,1,Daylight,1,Clear,0,No,0000000,Not Applicable,13,1:00pm-1:59pm,54,54,14,2:00pm-2:59pm,1,1,99,Unknown,99,Unknown EMS Hospital Arrival Time,1
4,Arizona,40220,0,0,3,3,0,3,3,13,MARICOPA (13),370,PHOENIX,3,March,25,25,6,Friday,2022,14,2:00pm-2:59pm,17,17,I-10,NA,1,Interstate,2,Urban,1,Interstate,1,State Highway Agency,1,This section IS ON the NHS,0,No Special Jurisdiction,1520,1520,33.41076389,33.41076389,-111.98940833,-111.98940833,12,Motor Vehicle In-Transport,1,Front-to-Rear,1,Yes,18,Through Roadway,1,Not an Intersection,1,On Roadway,1,Construction,1,Daylight,1,Clear,0,No,0000000,Not Applicable,14,2:00pm-2:59pm,21,21,14,2:00pm-2:59pm,27,27,14,2:00pm-2:59pm,45,45,1
4,Arizona,40221,0,0,1,1,0,1,1,13,MARICOPA (13),490,TEMPE,3,March,25,25,6,Friday,2022,20,8:00pm-8:59pm,37,37,I-10,NA,1,Interstate,2,Urban,1,Interstate,1,State Highway Agency,1,This section IS ON the NHS,0,No Special Jurisdiction,1577,1577,33.35805833,33.35805833,-111.97021389,-111.97021389,1,Rollover/Overturn,0,The First Harmful Event was Not a Collision with a Motor Vehicle in Transport,0,No,1,Non-Junction,1,Not an Intersection,1,On Roadway,0,None,3,Dark - Lighted,1,Clear,0,No,0000000,Not Applicable,20,8:00pm-8:59pm,37,37,20,8:00pm-8:59pm,49,49,22,10:00pm-10:59pm,30,30,1
4,Arizona,40222,1,1,1,1,0,1,1,19,PIMA (19),530,TUCSON,3,March,25,25,6,Friday,2022,20,8:00pm-8:59pm,49,49,I 10 FRONTAGE RD,NA,7,Local Street - Frontage Road,2,Urban,6,Minor Collector,1,State Highway Agency,0,This section IS NOT on the NHS,0,No Special Jurisdiction,0,None,32.31039167,32.31039167,-111.04217222,-111.04217222,9,Pedalcyclist,0,The First Harmful Event was Not a Collision with a Motor Vehicle in Transport,0,No,1,Non-Junction,1,Not an Intersection,1,On Roadway,0,None,2,Dark - Not Lighted,1,Clear,0,No,0000000,Not Applicable,20,8:00pm-8:59pm,56,56,21,9:00pm-9:59pm,8,8,21,9:00pm-9:59pm,24,24,1
4,Arizona,40223,1,1,1,1,0,1,1,13,MARICOPA (13),200,GLENDALE,3,March,26,26,7,Saturday,2022,19,7:00pm-7:59pm,55,55,N 67TH AVE,NA,6,Local Street - Municipality,2,Urban,4,Minor Arterial,4,City or Municipal Highway Agency,0,This section IS NOT on the NHS,0,No Special Jurisdiction,0,None,33.63615,33.63615,-112.20284722,-112.20284722,8,Pedestrian,0,The First Harmful Event was Not a Collision with a Motor Vehicle in Transport,0,No,1,Non-Junction,1,Not an Intersection,1,On Roadway,0,None,3,Dark - Lighted,1,Clear,0,No,0000000,Not Applicable,99,Unknown,99,Unknown,99,Unknown EMS Scene Arrival Hour,99,Unknown EMS Scene Arrival Minutes,99,Unknown,99,Unknown EMS Hospital Arrival Time,1
4,Arizona,40225,1,1,1,1,0,1,1,13,MARICOPA (13),30,AVONDALE,3,March,26,26,7,Saturday,2022,21,9:00pm-9:59pm,53,53,W MCDOWELL RD,NA,6,Local Street - Municipality,2,Urban,4,Minor Arterial,4,City or Municipal Highway Agency,0,This section IS NOT on the NHS,0,No Special Jurisdiction,0,None,33.46590833,33.46590833,-112.16851667,-112.16851667,8,Pedestrian,0,The First Harmful Event was Not a Collision with a Motor Vehicle in Transport,0,No,1,Non-Junction,1,Not an Intersection,1,On Roadway,0,None,3,Dark - Lighted,1,Clear,0,No,0000000,Not Applicable,99,Unknown,99,Unknown,99,Unknown EMS Scene Arrival Hour,99,Unknown EMS Scene Arrival Minutes,99,Unknown,99,Unknown EMS Hospital Arrival Time,1
4,Arizona,40226,0,0,1,1,0,1,1,13,MARICOPA (13),190,GILBERT,3,March,26,26,7,Saturday,2022,23,11:00pm-11:59pm,8,8,W WARNER RD,NA,6,Local Street - Municipality,2,Urban,4,Minor Arterial,4,City or Municipal Highway Agency,0,This section IS NOT on the NHS,0,No Special Jurisdiction,0,None,33.33661944,33.33661944,-111.81869444,-111.81869444,33,Curb,0,The First Harmful Event was Not a Collision with a Motor Vehicle in Transport,0,No,1,Non-Junction,1,Not an Intersection,4,On Roadside,0,None,3,Dark - Lighted,1,Clear,0,No,0000000,Not Applicable,23,11:00pm-11:59pm,8,8,23,11:00pm-11:59pm,14,14,23,11:00pm-11:59pm,42,42,1
4,Arizona,40227,1,1,4,4,0,10,10,13,MARICOPA (13),290,MESA,3,March,27,27,1,Sunday,2022,17,5:00pm-5:59pm,44,44,US-60,NA,2,US Highway,2,Urban,2,Principal Arterial - Other Freeways and Expressways,1,State Highway Agency,1,This section IS ON the NHS,0,No Special Jurisdiction,1606,1606,33.38679444,33.38679444,-111.62292222,-111.62292222,12,Motor Vehicle In-Transport,1,Front-to-Rear,0,No,1,Non-Junction,1,Not an Intersection,1,On Roadway,0,None,1,Daylight,1,Clear,0,No,0000000,Not Applicable,17,5:00pm-5:59pm,48,48,17,5:00pm-5:59pm,56,56,18,6:00pm-6:59pm,15,15,1
4,Arizona,40228,1,1,1,1,0,1,1,19,PIMA (19),530,TUCSON,3,March,27,27,1,Sunday,2022,22,10:00pm-10:59pm,21,21,W SPEEDWAY BLVD,N STONE AVE,6,Local Street - Municipality,2,Urban,3,Principal Arterial - Other,4,City or Municipal Highway Agency,0,This section IS NOT on the NHS,0,No Special Jurisdiction,0,None,32.23600556,32.23600556,-110.97195833,-110.97195833,8,Pedestrian,0,The First Harmful Event was Not a Collision with a Motor Vehicle in Transport,0,No,3,Intersection-Related,2,Four-Way Intersection,1,On Roadway,0,None,3,Dark - Lighted,1,Clear,0,No,0000000,Not Applicable,22,10:00pm-10:59pm,21,21,22,10:00pm-10:59pm,26,26,88,Not Applicable (Not Transported),88,Not Applicable (Not Transported),1
4,Arizona,40229,1,1,1,1,0,1,1,5,COCONINO (5),0,NOT APPLICABLE,3,March,29,29,3,Tuesday,2022,7,7:00am-7:59am,39,39,I-40,NA,1,Interstate,1,Rural,1,Interstate,1,State Highway Agency,1,This section IS ON the NHS,0,No Special Jurisdiction,2427,2427,35.0759,35.0759,-110.86377778,-110.86377778,8,Pedestrian,0,The First Harmful Event was Not a Collision with a Motor Vehicle in Transport,0,No,1,Non-Junction,1,Not an Intersection,1,On Roadway,0,None,2,Dark - Not Lighted,1,Clear,0,No,0000000,Not Applicable,7,7:00am-7:59am,46,46,8,8:00am-8:59am,7,7,88,Not Applicable (Not Transported),88,Not Applicable (Not Transported),1
4,Arizona,40231,0,0,1,1,0,1,1,25,YAVAPAI (25),65,CAMP VERDE,3,March,30,30,4,Wednesday,2022,10,10:00am-10:59am,12,12,SR-260,NA,3,State Highway,1,Rural,4,Minor Arterial,1,State Highway Agency,0,This section IS NOT on the NHS,0,No Special Jurisdiction,229,229,34.50611389,34.50611389,-111.75898889,-111.75898889,35,Embankment,0,The First Harmful Event was Not a Collision with a Motor Vehicle in Transport,0,No,1,Non-Junction,1,Not an Intersection,4,On Roadside,0,None,1,Daylight,1,Clear,0,No,0000000,Not Applicable,10,10:00am-10:59am,20,20,10,10:00am-10:59am,38,38,88,Not Applicable (Not Transported),88,Not Applicable (Not Transported),1
4,Arizona,40232,1,1,1,1,0,1,1,19,PIMA (19),530,TUCSON,3,March,30,30,4,Wednesday,2022,16,4:00pm-4:59pm,38,38,E SPEEDWAY BLVD,N FINANCE CENTER DR,6,Local Street - Municipality,2,Urban,3,Principal Arterial - Other,4,City or Municipal Highway Agency,0,This section IS NOT on the NHS,0,No Special Jurisdiction,0,None,32.23548056,32.23548056,-110.83814444,-110.83814444,8,Pedestrian,0,The First Harmful Event was Not a Collision with a Motor Vehicle in Transport,0,No,3,Intersection-Related,3,T-Intersection,1,On Roadway,0,None,1,Daylight,1,Clear,0,No,0000000,Not Applicable,16,4:00pm-4:59pm,38,38,16,4:00pm-4:59pm,45,45,88,Not Applicable (Not Transported),88,Not Applicable (Not Transported),1
4,Arizona,40233,0,0,2,2,0,2,2,13,MARICOPA (13),370,PHOENIX,3,March,30,30,4,Wednesday,2022,17,5:00pm-5:59pm,4,4,W DEER VALLEY RD,NA,6,Local Street - Municipality,2,Urban,4,Minor Arterial,4,City or Municipal Highway Agency,0,This section IS NOT on the NHS,0,No Special Jurisdiction,0,None,33.68382778,33.68382778,-112.10331667,-112.10331667,12,Motor Vehicle In-Transport,6,Angle,0,No,8,Driveway Access Related,1,Not an Intersection,1,On Roadway,0,None,1,Daylight,1,Clear,0,No,0000000,Not Applicable,99,Unknown,99,Unknown,99,Unknown EMS Scene Arrival Hour,99,Unknown EMS Scene Arrival Minutes,99,Unknown,99,Unknown EMS Hospital Arrival Time,1
4,Arizona,40234,0,0,2,2,0,3,3,13,MARICOPA (13),200,GLENDALE,3,March,30,30,4,Wednesday,2022,18,6:00pm-6:59pm,15,15,W UNION HILLS DR,SR-101,6,Local Street - Municipality,2,Urban,4,Minor Arterial,1,State Highway Agency,0,This section IS NOT on the NHS,0,No Special Jurisdiction,0,None,33.65264722,33.65264722,-112.23302778,-112.23302778,12,Motor Vehicle In-Transport,6,Angle,1,Yes,2,Intersection,2,Four-Way Intersection,1,On Roadway,0,None,1,Daylight,1,Clear,0,No,0000000,Not Applicable,99,Unknown,99,Unknown,99,Unknown EMS Scene Arrival Hour,99,Unknown EMS Scene Arrival Minutes,99,Unknown,99,Unknown EMS Hospital Arrival Time,1
4,Arizona,40235,0,0,2,2,0,2,2,13,MARICOPA (13),290,MESA,3,March,30,30,4,Wednesday,2022,19,7:00pm-7:59pm,5,5,E UNIVERSITY DR,N HAWES RD,6,Local Street - Municipality,2,Urban,4,Minor Arterial,4,City or Municipal Highway Agency,0,This section IS NOT on the NHS,0,No Special Jurisdiction,0,None,33.42235278,33.42235278,-111.65022778,-111.65022778,12,Motor Vehicle In-Transport,7,Sideswipe - Same Direction,0,No,3,Intersection-Related,2,Four-Way Intersection,1,On Roadway,0,None,3,Dark - Lighted,1,Clear,0,No,0000000,Not Applicable,19,7:00pm-7:59pm,5,5,19,7:00pm-7:59pm,10,10,19,7:00pm-7:59pm,30,30,1
4,Arizona,40236,1,1,1,1,0,1,1,13,MARICOPA (13),370,PHOENIX,3,March,30,30,4,Wednesday,2022,20,8:00pm-8:59pm,24,24,N 51ST AVE,NA,6,Local Street - Municipality,2,Urban,3,Principal Arterial - Other,4,City or Municipal Highway Agency,1,This section IS ON the NHS,0,No Special Jurisdiction,0,None,33.60159167,33.60159167,-112.16854167,-112.16854167,8,Pedestrian,0,The First Harmful Event was Not a Collision with a Motor Vehicle in Transport,0,No,1,Non-Junction,1,Not an Intersection,1,On Roadway,0,None,3,Dark - Lighted,1,Clear,0,No,0000000,Not Applicable,99,Unknown,99,Unknown,99,Unknown EMS Scene Arrival Hour,99,Unknown EMS Scene Arrival Minutes,99,Unknown,99,Unknown EMS Hospital Arrival Time,1
4,Arizona,40237,0,0,2,2,0,3,3,7,GILA (7),365,PAYSON,3,March,31,31,5,Thursday,2022,6,6:00am-6:59am,47,47,SR-260,NA,3,State Highway,1,Rural,3,Principal Arterial - Other,1,State Highway Agency,1,This section IS ON the NHS,0,No Special Jurisdiction,786,786,34.26126667,34.26126667,-111.20648333,-111.20648333,12,Motor Vehicle In-Transport,2,Front-to-Front,0,No,1,Non-Junction,1,Not an Intersection,1,On Roadway,0,None,4,Dawn,10,Cloudy,0,No,0000000,Not Applicable,6,6:00am-6:59am,47,47,7,7:00am-7:59am,0,0,88,Not Applicable (Not Transported),88,Not Applicable (Not Transported),1
4,Arizona,40240,1,1,1,1,0,1,1,13,MARICOPA (13),290,MESA,4,April,1,1,6,Friday,2022,11,11:00am-11:59am,40,40,W 1ST AVE,S DOBSON RD,6,Local Street - Municipality,2,Urban,4,Minor Arterial,4,City or Municipal Highway Agency,0,This section IS NOT on the NHS,0,No Special Jurisdiction,0,None,33.41313611,33.41313611,-111.87433056,-111.87433056,9,Pedalcyclist,0,The First Harmful Event was Not a Collision with a Motor Vehicle in Transport,0,No,3,Intersection-Related,3,T-Intersection,1,On Roadway,0,None,1,Daylight,1,Clear,0,No,0000000,Not Applicable,11,11:00am-11:59am,40,40,11,11:00am-11:59am,44,44,12,12:00pm-12:59pm,0,0,1
4,Arizona,40241,0,0,3,3,0,4,4,25,YAVAPAI (25),373,PRESCOTT VALLEY,4,April,1,1,6,Friday,2022,16,4:00pm-4:59pm,46,46,SR-69,NA,3,State Highway,2,Urban,3,Principal Arterial - Other,1,State Highway Agency,1,This section IS ON the NHS,0,No Special Jurisdiction,208,208,34.55405278,34.55405278,-112.25331667,-112.25331667,12,Motor Vehicle In-Transport,2,Front-to-Front,0,No,1,Non-Junction,1,Not an Intersection,1,On Roadway,0,None,1,Daylight,1,Clear,0,No,0000000,Not Applicable,16,4:00pm-4:59pm,47,47,16,4:00pm-4:59pm,50,50,88,Not Applicable (Not Transported),88,Not Applicable (Not Transported),1
4,Arizona,40242,1,1,1,1,0,2,2,13,MARICOPA (13),368,PEORIA,4,April,1,1,6,Friday,2022,19,7:00pm-7:59pm,59,59,SR-101 RAMP,NA,3,State Highway,2,Urban,2,Principal Arterial - Other Freeways and Expressways,1,State Highway Agency,1,This section IS ON the NHS,0,No Special Jurisdiction,500,500,33.59076389,33.59076389,-112.26141667,-112.26141667,8,Pedestrian,0,The First Harmful Event was Not a Collision with a Motor Vehicle in Transport,1,Yes,20,Entrance/Exit Ramp,1,Not an Intersection,1,On Roadway,0,None,3,Dark - Lighted,1,Clear,0,No,0000000,Not Applicable,20,8:00pm-8:59pm,1,1,20,8:00pm-8:59pm,6,6,20,8:00pm-8:59pm,23,23,1
4,Arizona,40243,1,1,1,1,0,1,1,13,MARICOPA (13),370,PHOENIX,4,April,1,1,6,Friday,2022,21,9:00pm-9:59pm,13,13,N 16TH ST,NA,6,Local Street - Municipality,2,Urban,4,Minor Arterial,4,City or Municipal Highway Agency,0,This section IS NOT on the NHS,0,No Special Jurisdiction,166,166,33.46066944,33.46066944,-112.04760278,-112.04760278,9,Pedalcyclist,0,The First Harmful Event was Not a Collision with a Motor Vehicle in Transport,0,No,1,Non-Junction,1,Not an Intersection,1,On Roadway,0,None,3,Dark - Lighted,1,Clear,0,No,0000000,Not Applicable,99,Unknown,99,Unknown,99,Unknown EMS Scene Arrival Hour,99,Unknown EMS Scene Arrival Minutes,99,Unknown,99,Unknown EMS Hospital Arrival Time,1