STATE,STATENAME,ST_CASE,PEDS,PERNOTMVIT,VE_TOTAL,VE_FORMS,PVH_INVL,PERSONS,PERMVIT,COUNTY,COUNTYNAME,CITY,CITYNAME,MONTH,MONTHNAME,DAY,DAYNAME,DAY_WEEK,DAY_WEEKNAME,YEAR,HOUR,HOURNAME,MINUTE,MINUTENAME,TWAY_ID,TWAY_ID2,ROUTE,ROUTENAME,RUR_URB,RUR_URBNAME,FUNC_SYS,FUNC_SYSNAME,RD_OWNER,RD_OWNERNAME,NHS,NHSNAME,SP_JUR,SP_JURNAME,MILEPT,MILEPTNAME,LATITUDE,LATITUDENAME,LONGITUD,LONGITUDNAME,HARM_EV,HARM_EVNAME,MAN_COLL,MAN_COLLNAME,RELJCT1,RELJCT1NAME,RELJCT2,RELJCT2NAME,TYP_INT,TYP_INTNAME,REL_ROAD,REL_ROADNAME,WRK_ZONE,WRK_ZONENAME,LGT_COND,LGT_CONDNAME,WEATHER,WEATHERNAME,SCH_BUS,SCH_BUSNAME,RAIL,RAILNAME,NOT_HOUR,NOT_HOURNAME,NOT_MIN,NOT_MINNAME,ARR_HOUR,ARR_HOURNAME,ARR_MIN,ARR_MINNAME,HOSP_HR,HOSP_HRNAME,HOSP_MN,HOSP_MNNAME,FATALS
4,Arizona,40359,1,1,1,1,0,1,1,13,MARICOPA (13),370,PHOENIX,5,May,4,4,4,Wednesday,2022,22,10:00pm-10:59pm,59,59,E VAN BUREN ST,NA,6,Local Street - Municipality,2,Urban,4,Minor Arterial,4,City or Municipal Highway Agency,0,This section IS NOT on the NHS,0,No Special Jurisdiction,714,714,33.45131111,33.45131111,-112.02127222,-112.02127222,8,Pedestrian,0,The First Harmful Event was Not a Collision with a Motor Vehicle in Transport,0,No,1,Non-Junction,1,Not an Intersection,1,On Roadway,0,None,3,Dark - Lighted,1,Clear,0,No,0000000,Not Applicable,99,Unknown,99,Unknown,99,Unknown EMS Scene Arrival Hour,99,Unknown EMS Scene Arrival Minutes,99,Unknown,99,Unknown EMS Hospital Arrival Time,1
4,Arizona,40360,1,1,1,1,0,1,1,19,PIMA (19),530,TUCSON,5,May,4,4,4,Wednesday,2022,23,11:00pm-11:59pm,31,31,E 22ND ST,NA,6,Local Street - Municipality,2,Urban,4,Minor Arterial,4,City or Municipal Highway Agency,0,This section IS NOT on the NHS,0,No Special Jurisdiction,1,1,32.20685278,32.20685278,-110.9657,-110.9657,8,Pedestrian,0,The First Harmful Event was Not a Collision with a Motor Vehicle in Transport,0,No,1,Non-Junction,1,Not an Intersection,1,On Roadway,0,None,3,Dark - Lighted,1,Clear,0,No,0000000,Not Applicable,99,Unknown,99,Unknown,99,Unknown EMS Scene Arrival Hour,99,Unknown EMS Scene Arrival Minutes,99,Unknown,99,Unknown EMS Hospital Arrival Time,1
4,Arizona,40361,0,0,1,1,0,1,1,13,MARICOPA (13),370,PHOENIX,5,May,6,6,6,Friday,2022,1,1:00am-1:59am,5,5,I-17,NA,1,Interstate,2,Urban,1,Interstate,1,State Highway Agency,1,This section IS ON the NHS,0,No Special Jurisdiction,184,184,33.78274722,33.78274722,-112.13188056,-112.13188056,52,Guardrail End,0,The First Harmful Event was Not a Collision with a Motor Vehicle in Transport,1,Yes,19,Other location within Interchange Area,1,Not an Intersection,4,On Roadside,0,None,3,Dark - Lighted,1,Clear,0,No,0000000,Not Applicable,1,1:00am-1:59am,5,5,1,1:00am-1:59am,10,10,88,Not Applicable (Not Transported),88,Not Applicable (Not Transported),1
4,Arizona,40362,0,0,2,2,0,3,3,13,MARICOPA (13),0,NOT APPLICABLE,5,May,6,6,6,Friday,2022,2,2:00am-2:59am,37,37,US-60 W GRAND AVE,NA,2,US Highway,1,Rural,3,Principal Arterial - Other,1,State Highway Agency,1,This section IS ON the NHS,0,No Special Jurisdiction,899,899,33.76498056,33.76498056,-112.51228611,-112.51228611,12,Motor Vehicle In-Transport,6,Angle,0,No,1,Non-Junction,1,Not an Intersection,1,On Roadway,0,None,2,Dark - Not Lighted,1,Clear,0,No,0000000,Not Applicable,2,2:00am-2:59am,45,45,2,2:00am-2:59am,54,54,99,Unknown,99,Unknown EMS Hospital Arrival Time,1
4,Arizona,40363,1,1,1,1,0,1,1,13,MARICOPA (13),370,PHOENIX,5,May,6,6,6,Friday,2022,19,7:00pm-7:59pm,28,28,N 1ST AVE,W VAN BUREN ST,6,Local Street - Municipality,2,Urban,4,Minor Arterial,4,City or Municipal Highway Agency,0,This section IS NOT on the NHS,0,No Special Jurisdiction,99998,Not Reported,33.45154444,33.45154444,-112.07520833,-112.07520833,15,Non-Motorist on Personal Conveyance,0,The First Harmful Event was Not a Collision with a Motor Vehicle in Transport,0,No,3,Intersection-Related,2,Four-Way Intersection,1,On Roadway,0,None,3,Dark - Lighted,1,Clear,0,No,0000000,Not Applicable,99,Unknown,99,Unknown,99,Unknown EMS Scene Arrival Hour,99,Unknown EMS Scene Arrival Minutes,99,Unknown,99,Unknown EMS Hospital Arrival Time,1
4,Arizona,40364,1,1,1,1,0,1,1,13,MARICOPA (13),420,SCOTTSDALE,5,May,7,7,7,Saturday,2022,1,1:00am-1:59am,38,38,E CAMELBACK RD,E MINNEZONA AVE,6,Local Street - Municipality,2,Urban,4,Minor Arterial,4,City or Municipal Highway Agency,0,This section IS NOT on the NHS,0,No Special Jurisdiction,721,721,33.50226389,33.50226389,-111.91543056,-111.91543056,8,Pedestrian,0,The First Harmful Event was Not a Collision with a Motor Vehicle in Transport,0,No,2,Intersection,2,Four-Way Intersection,1,On Roadway,0,None,3,Dark - Lighted,1,Clear,0,No,0000000,Not Applicable,1,1:00am-1:59am,99,Unknown,99,Unknown EMS Scene Arrival Hour,98,Unknown if Arrived,88,Not Applicable (Not Transported),88,Not Applicable (Not Transported),1
4,Arizona,40365,0,0,1,1,0,1,1,13,MARICOPA (13),370,PHOENIX,5,May,7,7,7,Saturday,2022,22,10:00pm-10:59pm,34,34,SR-101 RAMP,NA,3,State Highway,2,Urban,2,Principal Arterial - Other Freeways and Expressways,1,State Highway Agency,1,This section IS ON the NHS,0,No Special Jurisdiction,220,220,33.66930556,33.66930556,-112.13792778,-112.13792778,33,Curb,0,The First Harmful Event was Not a Collision with a Motor Vehicle in Transport,1,Yes,5,Entrance/Exit Ramp Related,1,Not an Intersection,8,Gore,0,None,3,Dark - Lighted,1,Clear,0,No,0000000,Not Applicable,22,10:00pm-10:59pm,36,36,22,10:00pm-10:59pm,44,44,22,10:00pm-10:59pm,55,55,1
4,Arizona,40366,0,0,2,2,0,2,2,19,PIMA (19),530,TUCSON,5,May,8,8,1,Sunday,2022,15,3:00pm-3:59pm,44,44,ALVERNON WAY,GRANT RD,6,Local Street - Municipality,2,Urban,3,Principal Arterial - Other,4,City or Municipal Highway Agency,0,This section IS NOT on the NHS,0,No Special Jurisdiction,20,20,32.25065,32.25065,-110.90980556,-110.90980556,12,Motor Vehicle In-Transport,6,Angle,0,No,2,Intersection,2,Four-Way Intersection,1,On Roadway,0,None,1,Daylight,1,Clear,0,No,0000000,Not Applicable,99,Unknown,99,Unknown,99,Unknown EMS Scene Arrival Hour,99,Unknown EMS Scene Arrival Minutes,99,Unknown,99,Unknown EMS Hospital Arrival Time,1
4,Arizona,40367,0,0,3,3,0,3,3,13,MARICOPA (13),30,AVONDALE,5,May,8,8,1,Sunday,2022,23,11:00pm-11:59pm,35,35,I-10,NA,1,Interstate,2,Urban,1,Interstate,1,State Highway Agency,1,This section IS ON the NHS,0,No Special Jurisdiction,1322,1322,33.46112778,33.46112778,-112.29037222,-112.29037222,12,Motor Vehicle In-Transport,1,Front-to-Rear,1,Yes,18,Through Roadway,1,Not an Intersection,1,On Roadway,0,None,3,Dark - Lighted,1,Clear,0,No,0000000,Not Applicable,23,11:00pm-11:59pm,40,40,23,11:00pm-11:59pm,45,45,99,Unknown,99,Unknown EMS Hospital Arrival Time,1
4,Arizona,40368,0,0,1,1,0,2,2,5,COCONINO (5),590,WILLIAMS,5,May,9,9,2,Monday,2022,12,12:00pm-12:59pm,0,0,I-40,NA,1,Interstate,1,Rural,1,Interstate,1,State Highway Agency,1,This section IS ON the NHS,0,No Special Jurisdiction,1680,1680,35.25838889,35.25838889,-112.1134,-112.1134,1,Rollover/Overturn,0,The First Harmful Event was Not a Collision with a Motor Vehicle in Transport,0,No,1,Non-Junction,1,Not an Intersection,3,On Median,0,None,1,Daylight,1,Clear,0,No,0000000,Not Applicable,12,12:00pm-12:59pm,3,3,12,12:00pm-12:59pm,12,12,88,Not Applicable (Not Transported),88,Not Applicable (Not Transported),1
4,Arizona,40369,1,1,1,1,0,3,3,13,MARICOPA (13),370,PHOENIX,5,May,10,10,3,Tuesday,2022,4,4:00am-4:59am,39,39,N 35TH AVE,NA,6,Local Street - Municipality,2,Urban,4,Minor Arterial,4,City or Municipal Highway Agency,0,This section IS NOT on the NHS,0,No Special Jurisdiction,89,89,33.47063611,33.47063611,-112.13448889,-112.13448889,15,Non-Motorist on Personal Conveyance,0,The First Harmful Event was Not a Collision with a Motor Vehicle in Transport,0,No,1,Non-Junction,1,Not an Intersection,1,On Roadway,0,None,3,Dark - Lighted,1,Clear,0,No,0000000,Not Applicable,99,Unknown,99,Unknown,99,Unknown EMS Scene Arrival Hour,99,Unknown EMS Scene Arrival Minutes,88,Not Applicable (Not Transported),88,Not Applicable (Not Transported),1
4,Arizona,40370,0,0,2,2,0,2,2,13,MARICOPA (13),370,PHOENIX,5,May,10,10,3,Tuesday,2022,11,11:00am-11:59am,6,6,W BELL RD,N BLACK CANYON AC,6,Local Street - Municipality,2,Urban,3,Principal Arterial - Other,1,State Highway Agency,0,This section IS NOT on the NHS,0,No Special Jurisdiction,3,3,33.63991944,33.63991944,-112.11398889,-112.11398889,12,Motor Vehicle In-Transport,6,Angle,1,Yes,2,Intersection,2,Four-Way Intersection,1,On Roadway,0,None,1,Daylight,1,Clear,0,No,0000000,Not Applicable,11,11:00am-11:59am,99,Unknown,11,11:00am-11:59am,99,Unknown EMS Scene Arrival Minutes,99,Unknown,99,Unknown EMS Hospital Arrival Time,1
4,Arizona,40371,1,1,1,1,0,1,1,13,MARICOPA (13),200,GLENDALE,5,May,11,11,4,Wednesday,2022,1,1:00am-1:59am,51,51,BETHANY HOME,NA,6,Local Street - Municipality,2,Urban,4,Minor Arterial,4,City or Municipal Highway Agency,0,This section IS NOT on the NHS,0,No Special Jurisdiction,9,9,33.52404167,33.52404167,-112.18119722,-112.18119722,8,Pedestrian,0,The First Harmful Event was Not a Collision with a Motor Vehicle in Transport,0,No,1,Non-Junction,1,Not an Intersection,1,On Roadway,0,None,3,Dark - Lighted,1,Clear,0,No,0000000,Not Applicable,99,Unknown,98,Unknown if Notified,99,Unknown EMS Scene Arrival Hour,98,Unknown if Arrived,88,Not Applicable (Not Transported),88,Not Applicable (Not Transported),1
4,Arizona,40372,0,0,1,1,0,3,3,25,YAVAPAI (25),386,PRESCOTT,5,May,12,12,5,Thursday,2022,16,4:00pm-4:59pm,24,24,BIG BUG MESA RD,NA,8,Other,1,Rural,7,Local,64,U.S. Forest Service,0,This section IS NOT on the NHS,0,No Special Jurisdiction,0,None,34.44296944,34.44296944,-112.38075,-112.38075,35,Embankment,0,The First Harmful Event was Not a Collision with a Motor Vehicle in Transport,0,No,1,Non-Junction,1,Not an Intersection,4,On Roadside,0,None,1,Daylight,1,Clear,0,No,0000000,Not Applicable,16,4:00pm-4:59pm,24,24,17,5:00pm-5:59pm,0,0,18,6:00pm-6:59pm,30,30,1
4,Arizona,40373,0,0,1,1,0,1,1,13,MARICOPA (13),525,TONOPAH,5,May,12,12,5,Thursday,2022,22,10:00pm-10:59pm,53,53,I-10,NA,1,Interstate,1,Rural,1,Interstate,1,State Highway Agency,1,This section IS ON the NHS,0,No Special Jurisdiction,409,409,33.51176111,33.51176111,-113.01932222,-113.01932222,1,Rollover/Overturn,0,The First Harmful Event was Not a Collision with a Motor Vehicle in Transport,0,No,1,Non-Junction,1,Not an Intersection,3,On Median,0,None,2,Dark - Not Lighted,1,Clear,0,No,0000000,Not Applicable,22,10:00pm-10:59pm,99,Unknown,22,10:00pm-10:59pm,99,Unknown EMS Scene Arrival Minutes,88,Not Applicable (Not Transported),88,Not Applicable (Not Transported),1
4,Arizona,40374,1,1,1,1,0,2,2,19,PIMA (19),530,TUCSON,5,May,13,13,6,Friday,2022,6,6:00am-6:59am,32,32,SUNRISE DR,NA,9,Unknown,2,Urban,3,Principal Arterial - Other,2,County Highway Agency,0,This section IS NOT on the NHS,0,No Special Jurisdiction,99999,Unknown,32.30841944,32.30841944,-110.88151111,-110.88151111,8,Pedestrian,0,The First Harmful Event was Not a Collision with a Motor Vehicle in Transport,0,No,1,Non-Junction,1,Not an Intersection,4,On Roadside,0,None,1,Daylight,1,Clear,0,No,0000000,Not Applicable,6,6:00am-6:59am,31,31,6,6:00am-6:59am,32,32,88,Not Applicable (Not Transported),88,Not Applicable (Not Transported),1
4,Arizona,40375,0,0,2,2,0,2,2,13,MARICOPA (13),370,PHOENIX,5,May,13,13,6,Friday,2022,9,9:00am-9:59am,4,4,S 16TH ST,E RIVERVIEW DR,6,Local Street - Municipality,2,Urban,4,Minor Arterial,4,City or Municipal Highway Agency,0,This section IS NOT on the NHS,0,No Special Jurisdiction,139,139,33.420175,33.420175,-112.04765556,-112.04765556,12,Motor Vehicle In-Transport,6,Angle,0,No,2,Intersection,2,Four-Way Intersection,1,On Roadway,0,None,1,Daylight,1,Clear,0,No,0000000,Not Applicable,9,9:00am-9:59am,99,Unknown,9,9:00am-9:59am,99,Unknown EMS Scene Arrival Minutes,99,Unknown,99,Unknown EMS Hospital Arrival Time,1
4,Arizona,40376,0,0,1,1,0,5,5,13,MARICOPA (13),322,MORRISTOWN,5,May,13,13,6,Friday,2022,14,2:00pm-2:59pm,13,13,US-60,NA,2,US Highway,1,Rural,3,Principal Arterial - Other,1,State Highway Agency,1,This section IS ON the NHS,0,No Special Jurisdiction,235,235,33.88703889,33.88703889,-112.66299444,-112.66299444,1,Rollover/Overturn,0,The First Harmful Event was Not a Collision with a Motor Vehicle in Transport,0,No,1,Non-Junction,1,Not an Intersection,98,Not Reported,0,None,1,Daylight,1,Clear,0,No,0000000,Not Applicable,14,2:00pm-2:59pm,13,13,14,2:00pm-2:59pm,15,15,99,Unknown,99,Unknown EMS Hospital Arrival Time,1
4,Arizona,40377,0,0,1,1,0,1,1,7,GILA (7),377,PINE,5,May,13,13,6,Friday,2022,15,3:00pm-3:59pm,0,0,SR-87,NA,3,State Highway,1,Rural,4,Minor Arterial,1,State Highway Agency,0,This section IS NOT on the NHS,0,No Special Jurisdiction,156,156,77.7777,77.7777,777.7777,777.7777,1,Rollover/Overturn,0,The First Harmful Event was Not a Collision with a Motor Vehicle in Transport,0,No,1,Non-Junction,1,Not an Intersection,1,On Roadway,0,None,1,Daylight,1,Clear,0,No,0000000,Not Applicable,14,2:00pm-2:59pm,53,53,15,3:00pm-3:59pm,3,3,88,Not Applicable (Not Transported),88,Not Applicable (Not Transported),1
4,Arizona,40378,0,0,2,2,0,2,2,21,PINAL (21),180,FLORENCE,5,May,13,13,6,Friday,2022,20,8:00pm-8:59pm,27,27,SR-79 PINAL PARKWAY AVE,NA,3,State Highway,2,Urban,4,Minor Arterial,1,State Highway Agency,0,This section IS NOT on the NHS,0,No Special Jurisdiction,21,21,33.02993611,33.02993611,-111.37920556,-111.37920556,12,Motor Vehicle In-Transport,6,Angle,0,No,8,Driveway Access Related,1,Not an Intersection,1,On Roadway,0,None,1,Daylight,1,Clear,0,No,0000000,Not Applicable,20,8:00pm-8:59pm,28,28,20,8:00pm-8:59pm,32,32,88,Not Applicable (Not Transported),88,Not Applicable (Not Transported),1
4,Arizona,40379,0,0,1,1,0,1,1,17,NAVAJO (17),262,PINETOP-LAKESIDE,5,May,13,13,6,Friday,2022,21,9:00pm-9:59pm,50,50,SHERWOOD DR,FOREST VIEW RD,8,Other,2,Urban,7,Local,98,Not Reported,0,This section IS NOT on the NHS,0,No Special Jurisdiction,99998,Not Reported,34.18411667,34.18411667,-110.01069722,-110.01069722,32,Culvert,0,The First Harmful Event was Not a Collision with a Motor Vehicle in Transport,0,No,3,Intersection-Related,3,T-Intersection,4,On Roadside,0,None,2,Dark - Not Lighted,1,Clear,0,No,0000000,Not Applicable,21,9:00pm-9:59pm,45,45,21,9:00pm-9:59pm,55,55,22,10:00pm-10:59pm,13,13,1
4,Arizona,40380,0,0,1,1,0,5,5,5,COCONINO (5),0,NOT APPLICABLE,5,May,14,14,7,Saturday,2022,2,2:00am-2:59am,57,57,SR-264,NA,3,State Highway,1,Rural,4,Minor Arterial,1,State Highway Agency,0,This section IS NOT on the NHS,3,Indian Reservation,109,109,36.01982222,36.01982222,-111.11904167,-111.11904167,1,Rollover/Overturn,0,The First Harmful Event was Not a Collision with a Motor Vehicle in Transport,0,No,1,Non-Junction,1,Not an Intersection,4,On Roadside,0,None,2,Dark - Not Lighted,1,Clear,0,No,0000000,Not Applicable,2,2:00am-2:59am,57,57,3,3:00am-3:59am,51,51,99,Unknown,99,Unknown EMS Hospital Arrival Time,2
4,Arizona,40381,1,1,1,1,0,2,2,13,MARICOPA (13),290,MESA,5,May,14,14,7,Saturday,2022,15,3:00pm-3:59pm,17,17,S LINDSAY RD,E BROADWAY RD,6,Local Street - Municipality,2,Urban,4,Minor Arterial,4,City or Municipal Highway Agency,0,This section IS NOT on the NHS,0,No Special Jurisdiction,140,140,33.40808889,33.40808889,-111.77110833,-111.77110833,9,Pedalcyclist,0,The First Harmful Event was Not a Collision with a Motor Vehicle in Transport,0,No,2,Intersection,2,Four-Way Intersection,1,On Roadway,0,None,1,Daylight,1,Clear,0,No,0000000,Not Applicable,15,3:00pm-3:59pm,17,17,15,3:00pm-3:59pm,20,20,15,3:00pm-3:59pm,40,40,1
4,Arizona,40382,0,0,4,4,0,4,4,13,MARICOPA (13),420,SCOTTSDALE,5,May,15,15,1,Sunday,2022,22,10:00pm-10:59pm,2,2,SR-101,NA,3,State Highway,2,Urban,2,Principal Arterial - Other Freeways and Expressways,1,State Highway Agency,1,This section IS ON the NHS,0,No Special Jurisdiction,99998,Not Reported,33.53407222,33.53407222,-111.88338333,-111.88338333,12,Motor Vehicle In-Transport,1,Front-to-Rear,1,Yes,18,Through Roadway,1,Not an Intersection,1,On Roadway,0,None,3,Dark - Lighted,1,Clear,0,No,0000000,Not Applicable,22,10:00pm-10:59pm,3,3,22,10:00pm-10:59pm,11,11,22,10:00pm-10:59pm,36,36,1
4,Arizona,40383,0,0,2,2,0,2,2,25,YAVAPAI (25),105,CONGRESS,5,May,17,17,3,Tuesday,2022,1,1:00am-1:59am,1,1,US-93,NA,2,US Highway,1,Rural,3,Principal Arterial - Other,1,State Highway Agency,1,This section IS ON the NHS,0,No Special Jurisdiction,1745,1745,34.20185556,34.20185556,-113.06226944,-113.06226944,12,Motor Vehicle In-Transport,6,Angle,0,No,1,Non-Junction,1,Not an Intersection,1,On Roadway,0,None,2,Dark - Not Lighted,1,Clear,0,No,0000000,Not Applicable,1,1:00am-1:59am,10,10,1,1:00am-1:59am,40,40,99,Unknown,99,Unknown EMS Hospital Arrival Time,1
4,Arizona,40384,0,0,3,3,0,4,4,13,MARICOPA (13),0,NOT APPLICABLE,5,May,17,17,3,Tuesday,2022,20,8:00pm-8:59pm,37,37,SUN VALLEY PKWY,NA,8,Other,1,Rural,4,Minor Arterial,2,County Highway Agency,0,This section IS NOT on the NHS,0,No Special Jurisdiction,99998,Not Reported,33.64423056,33.64423056,-112.49344167,-112.49344167,12,Motor Vehicle In-Transport,2,Front-to-Front,0,No,1,Non-Junction,1,Not an Intersection,1,On Roadway,0,None,2,Dark - Not Lighted,1,Clear,0,No,0000000,Not Applicable,20,8:00pm-8:59pm,37,37,20,8:00pm-8:59pm,50,50,21,9:00pm-9:59pm,40,40,2
4,Arizona,40386,0,0,1,1,0,1,1,25,YAVAPAI (25),0,NOT APPLICABLE,5,May,18,18,4,Wednesday,2022,6,6:00am-6:59am,5,5,I-40,NA,1,Interstate,1,Rural,1,Interstate,1,State Highway Agency,1,This section IS ON the NHS,0,No Special Jurisdiction,1396,1396,35.22901667,35.22901667,-112.58395833,-112.58395833,1,Rollover/Overturn,0,The First Harmful Event was Not a Collision with a Motor Vehicle in Transport,1,Yes,18,Through Roadway,1,Not an Intersection,1,On Roadway,0,None,4,Dawn,1,Clear,0,No,0000000,Not Applicable,6,6:00am-6:59am,5,5,6,6:00am-6:59am,30,30,88,Not Applicable (Not Transported),88,Not Applicable (Not Transported),1
4,Arizona,40387,0,0,2,2,0,3,3,13,MARICOPA (13),80,CHANDLER,5,May,18,18,4,Wednesday,2022,14,2:00pm-2:59pm,40,40,WEST WARNER ROAD,NORTH EVERGREEN STREET,5,Local Street - Township,2,Urban,4,Minor Arterial,4,City or Municipal Highway Agency,0,This section IS NOT on the NHS,0,No Special Jurisdiction,76,76,33.335175,33.335175,-111.85375278,-111.85375278,12,Motor Vehicle In-Transport,6,Angle,0,No,2,Intersection,2,Four-Way Intersection,1,On Roadway,0,None,1,Daylight,1,Clear,0,No,0000000,Not Applicable,14,2:00pm-2:59pm,40,40,14,2:00pm-2:59pm,43,43,15,3:00pm-3:59pm,0,0,1
4,Arizona,40388,0,0,1,1,0,1,1,15,MOHAVE (15),260,KINGMAN,5,May,18,18,4,Wednesday,2022,16,4:00pm-4:59pm,29,29,I-40,NA,1,Interstate,1,Rural,1,Interstate,1,State Highway Agency,1,This section IS ON the NHS,0,No Special Jurisdiction,817,817,35.169325,35.169325,-113.52472222,-113.52472222,1,Rollover/Overturn,0,The First Harmful Event was Not a Collision with a Motor Vehicle in Transport,0,No,1,Non-Junction,1,Not an Intersection,3,On Median,0,None,1,Daylight,1,Clear,0,No,0000000,Not Applicable,16,4:00pm-4:59pm,30,30,16,4:00pm-4:59pm,57,57,18,6:00pm-6:59pm,7,7,1
4,Arizona,40389,0,0,2,2,0,2,2,15,MOHAVE (15),0,NOT APPLICABLE,5,May,18,18,4,Wednesday,2022,17,5:00pm-5:59pm,11,11,SR-66,NA,3,State Highway,1,Rural,5,Major Collector,1,State Highway Agency,0,This section IS NOT on the NHS,0,No Special Jurisdiction,385,385,35.48459167,35.48459167,-113.56394444,-113.56394444,12,Motor Vehicle In-Transport,6,Angle,0,No,1,Non-Junction,1,Not an Intersection,1,On Roadway,0,None,1,Daylight,1,Clear,0,No,0000000,Not Applicable,17,5:00pm-5:59pm,11,11,17,5:00pm-5:59pm,20,20,88,Not Applicable (Not Transported),88,Not Applicable (Not Transported),1
4,Arizona,40390,0,0,1,1,0,2,2,13,MARICOPA (13),370,PHOENIX,5,May,19,19,5,Thursday,2022,10,10:00am-10:59am,24,24,E BETHANY HOME RD,NA,6,Local Street - Municipality,2,Urban,4,Minor Arterial,4,City or Municipal Highway Agency,0,This section IS NOT on the NHS,0,No Special Jurisdiction,535,535,33.52386389,33.52386389,-112.06369722,-112.06369722,39,Wall,0,The First Harmful Event was Not a Collision with a Motor Vehicle in Transport,0,No,1,Non-Junction,1,Not an Intersection,4,On Roadside,0,None,1,Daylight,1,Clear,0,No,0000000,Not Applicable,99,Unknown,99,Unknown,99,Unknown EMS Scene Arrival Hour,99,Unknown EMS Scene Arrival Minutes,99,Unknown,99,Unknown EMS Hospital Arrival Time,2
4,Arizona,40391,0,0,2,2,0,2,2,13,MARICOPA (13),290,MESA,5,May,19,19,5,Thursday,2022,12,12:00pm-12:59pm,19,19,S SIGNAL BUTTE RD,NA,6,Local Street - Municipality,2,Urban,4,Minor Arterial,4,City or Municipal Highway Agency,0,This section IS NOT on the NHS,0,No Special Jurisdiction,111,111,33.36726111,33.36726111,-111.60125278,-111.60125278,12,Motor Vehicle In-Transport,6,Angle,0,No,8,Driveway Access Related,1,Not an Intersection,1,On Roadway,0,None,1,Daylight,1,Clear,0,No,0000000,Not Applicable,12,12:00pm-12:59pm,19,19,12,12:00pm-12:59pm,24,24,88,Not Applicable (Not Transported),88,Not Applicable (Not Transported),1
4,Arizona,40392,0,0,2,2,0,1,1,13,MARICOPA (13),370,PHOENIX,5,May,20,20,6,Friday,2022,4,4:00am-4:59am,2,2,I-17,NA,1,Interstate,2,Urban,1,Interstate,1,State Highway Agency,1,This section IS ON the NHS,0,No Special Jurisdiction,222,222,33.68631667,33.68631667,-112.11234722,-112.11234722,12,Motor Vehicle In-Transport,1,Front-to-Rear,1,Yes,18,Through Roadway,1,Not an Intersection,1,On Roadway,0,None,3,Dark - Lighted,1,Clear,0,No,0000000,Not Applicable,4,4:00am-4:59am,4,4,4,4:00am-4:59am,10,10,88,Not Applicable (Not Transported),88,Not Applicable (Not Transported),1
4,Arizona,40393,0,0,1,1,0,1,1,15,MOHAVE (15),572,WIKIEUP,5,May,20,20,6,Friday,2022,22,10:00pm-10:59pm,38,38,US-93,NA,2,US Highway,1,Rural,3,Principal Arterial - Other,1,State Highway Agency,1,This section IS ON the NHS,0,No Special Jurisdiction,1379,1379,34.57116667,34.57116667,-113.48000833,-113.48000833,24,Guardrail Face,0,The First Harmful Event was Not a Collision with a Motor Vehicle in Transport,0,No,1,Non-Junction,1,Not an Intersection,4,On Roadside,0,None,2,Dark - Not Lighted,1,Clear,0,No,0000000,Not Applicable,22,10:00pm-10:59pm,45,45,23,11:00pm-11:59pm,30,30,88,Not Applicable (Not Transported),88,Not Applicable (Not Transported),1
4,Arizona,40394,1,1,1,1,0,1,1,13,MARICOPA (13),60,BUCKEYE,5,May,21,21,7,Saturday,2022,6,6:00am-6:59am,8,8,JACKRABBIT TRAIL,NA,8,Other,2,Urban,5,Major Collector,2,County Highway Agency,0,This section IS NOT on the NHS,0,No Special Jurisdiction,74,74,33.36082222,33.36082222,-112.48334167,-112.48334167,9,Pedalcyclist,0,The First Harmful Event was Not a Collision with a Motor Vehicle in Transport,0,No,1,Non-Junction,1,Not an Intersection,1,On Roadway,0,None,1,Daylight,1,Clear,0,No,0000000,Not Applicable,99,Unknown,99,Unknown,99,Unknown EMS Scene Arrival Hour,99,Unknown EMS Scene Arrival Minutes,88,Not Applicable (Not Transported),88,Not Applicable (Not Transported),1
4,Arizona,40395,0,0,1,1,0,3,3,17,NAVAJO (17),0,NOT APPLICABLE,5,May,21,21,7,Saturday,2022,14,2:00pm-2:59pm,11,11,SR-260,NA,3,State Highway,1,Rural,3,Principal Arterial - Other,1,State Highway Agency,1,This section IS ON the NHS,0,No Special Jurisdiction,1159,1159,34.38235556,34.38235556,-110.67130833,-110.67130833,42,Tree (Standing Only),0,The First Harmful Event was Not a Collision with a Motor Vehicle in Transport,0,No,1,Non-Junction,1,Not an Intersection,4,On Roadside,0,None,1,Daylight,1,Clear,0,No,0000000,Not Applicable,14,2:00pm-2:59pm,11,11,14,2:00pm-2:59pm,54,54,15,3:00pm-3:59pm,99,Unknown EMS Hospital Arrival Time,2
4,Arizona,40396,0,0,2,2,0,3,3,3,COCHISE (3),0,NOT APPLICABLE,5,May,21,21,7,Saturday,2022,16,4:00pm-4:59pm,30,30,I-10,NA,1,Interstate,1,Rural,1,Interstate,1,State Highway Agency,1,This section IS ON the NHS,0,No Special Jurisdiction,3797,3797,32.27230278,32.27230278,-109.25123333,-109.25123333,12,Motor Vehicle In-Transport,1,Front-to-Rear,1,Yes,5,Entrance/Exit Ramp Related,1,Not an Intersection,2,On Shoulder,0,None,1,Daylight,1,Clear,0,No,0000000,Not Applicable,16,4:00pm-4:59pm,32,32,16,4:00pm-4:59pm,45,45,88,Not Applicable (Not Transported),88,Not Applicable (Not Transported),2