STATE,STATENAME,ST_CASE,PEDS,PERNOTMVIT,VE_TOTAL,VE_FORMS,PVH_INVL,PERSONS,PERMVIT,COUNTY,COUNTYNAME,CITY,CITYNAME,MONTH,MONTHNAME,DAY,DAYNAME,DAY_WEEK,DAY_WEEKNAME,YEAR,HOUR,HOURNAME,MINUTE,MINUTENAME,TWAY_ID,TWAY_ID2,ROUTE,ROUTENAME,RUR_URB,RUR_URBNAME,FUNC_SYS,FUNC_SYSNAME,RD_OWNER,RD_OWNERNAME,NHS,NHSNAME,SP_JUR,SP_JURNAME,MILEPT,MILEPTNAME,LATITUDE,LATITUDENAME,LONGITUD,LONGITUDNAME,HARM_EV,HARM_EVNAME,MAN_COLL,MAN_COLLNAME,RELJCT1,RELJCT1NAME,RELJCT2,RELJCT2NAME,TYP_INT,TYP_INTNAME,REL_ROAD,REL_ROADNAME,WRK_ZONE,WRK_ZONENAME,LGT_COND,LGT_CONDNAME,WEATHER,WEATHERNAME,SCH_BUS,SCH_BUSNAME,RAIL,RAILNAME,NOT_HOUR,NOT_HOURNAME,NOT_MIN,NOT_MINNAME,ARR_HOUR,ARR_HOURNAME,ARR_MIN,ARR_MINNAME,HOSP_HR,HOSP_HRNAME,HOSP_MN,HOSP_MNNAME,FATALS
4,Arizona,40397,1,1,1,1,0,1,1,13,MARICOPA (13),30,AVONDALE,5,May,21,21,7,Saturday,2022,19,7:00pm-7:59pm,5,5,W CHASE CT,W LOCUST LANE,5,Local Street - Township,2,Urban,7,Local,4,City or Municipal Highway Agency,0,This section IS NOT on the NHS,0,No Special Jurisdiction,0,None,33.42765278,33.42765278,-112.29298611,-112.29298611,8,Pedestrian,0,The First Harmful Event was Not a Collision with a Motor Vehicle in Transport,0,No,3,Intersection-Related,10,L-Intersection,1,On Roadway,0,None,5,Dusk,1,Clear,0,No,0000000,Not Applicable,19,7:00pm-7:59pm,6,6,19,7:00pm-7:59pm,9,9,88,Not Applicable (Not Transported),88,Not Applicable (Not Transported),1
4,Arizona,40399,1,1,1,1,0,1,1,13,MARICOPA (13),370,PHOENIX,5,May,21,21,7,Saturday,2022,21,9:00pm-9:59pm,53,53,N 31ST AVE,W VAN BUREN ST,6,Local Street - Municipality,2,Urban,5,Major Collector,4,City or Municipal Highway Agency,0,This section IS NOT on the NHS,0,No Special Jurisdiction,71,71,33.45139167,33.45139167,-112.12616944,-112.12616944,8,Pedestrian,0,The First Harmful Event was Not a Collision with a Motor Vehicle in Transport,0,No,3,Intersection-Related,2,Four-Way Intersection,1,On Roadway,0,None,3,Dark - Lighted,1,Clear,0,No,0000000,Not Applicable,99,Unknown,99,Unknown,99,Unknown EMS Scene Arrival Hour,99,Unknown EMS Scene Arrival Minutes,99,Unknown,99,Unknown EMS Hospital Arrival Time,1
4,Arizona,40401,0,0,1,1,0,1,1,25,YAVAPAI (25),299,MAYER,5,May,22,22,1,Sunday,2022,16,4:00pm-4:59pm,45,45,COPPER RD,NA,9,Unknown,1,Rural,7,Local,98,Not Reported,0,This section IS NOT on the NHS,0,No Special Jurisdiction,0,None,34.43642778,34.43642778,-112.20074722,-112.20074722,1,Rollover/Overturn,0,The First Harmful Event was Not a Collision with a Motor Vehicle in Transport,0,No,1,Non-Junction,1,Not an Intersection,4,On Roadside,0,None,1,Daylight,1,Clear,0,No,0000000,Not Applicable,16,4:00pm-4:59pm,45,45,17,5:00pm-5:59pm,9,9,88,Not Applicable (Not Transported),88,Not Applicable (Not Transported),1
4,Arizona,40402,2,2,4,4,0,10,10,13,MARICOPA (13),370,PHOENIX,5,May,23,23,2,Monday,2022,4,4:00am-4:59am,6,6,I-17,NA,1,Interstate,2,Urban,1,Interstate,1,State Highway Agency,1,This section IS ON the NHS,0,No Special Jurisdiction,106,106,33.60811111,33.60811111,-112.11657222,-112.11657222,12,Motor Vehicle In-Transport,98,Not Reported,1,Yes,18,Through Roadway,1,Not an Intersection,1,On Roadway,4,"Work Zone, Type Unknown",2,Dark - Not Lighted,1,Clear,0,No,0000000,Not Applicable,4,4:00am-4:59am,16,16,4,4:00am-4:59am,23,23,99,Unknown,99,Unknown EMS Hospital Arrival Time,1
4,Arizona,40406,1,1,1,1,0,1,1,13,MARICOPA (13),290,MESA,5,May,24,24,3,Tuesday,2022,21,9:00pm-9:59pm,45,45,E MAIN ST,NA,5,Local Street - Township,2,Urban,4,Minor Arterial,1,State Highway Agency,0,This section IS NOT on the NHS,0,No Special Jurisdiction,10,10,33.41538056,33.41538056,-111.62834167,-111.62834167,8,Pedestrian,0,The First Harmful Event was Not a Collision with a Motor Vehicle in Transport,0,No,1,Non-Junction,1,Not an Intersection,1,On Roadway,0,None,2,Dark - Not Lighted,1,Clear,0,No,0000000,Not Applicable,21,9:00pm-9:59pm,45,45,21,9:00pm-9:59pm,50,50,22,10:00pm-10:59pm,15,15,1
4,Arizona,40407,1,1,1,1,0,1,1,13,MARICOPA (13),370,PHOENIX,5,May,25,25,4,Wednesday,2022,15,3:00pm-3:59pm,1,1,NONE,NA,8,Other,6,Trafficway Not in State Inventory,96,Trafficway Not in State Inventory,96,Trafficway Not in State Inventory,0,This section IS NOT on the NHS,0,No Special Jurisdiction,0,None,33.49598056,33.49598056,-112.11694444,-112.11694444,9,Pedalcyclist,0,The First Harmful Event was Not a Collision with a Motor Vehicle in Transport,0,No,4,Driveway Access,1,Not an Intersection,1,On Roadway,0,None,1,Daylight,1,Clear,0,No,0000000,Not Applicable,99,Unknown,99,Unknown,99,Unknown EMS Scene Arrival Hour,99,Unknown EMS Scene Arrival Minutes,99,Unknown,99,Unknown EMS Hospital Arrival Time,1
4,Arizona,40408,0,0,1,1,0,1,1,13,MARICOPA (13),370,PHOENIX,5,May,27,27,6,Friday,2022,20,8:00pm-8:59pm,29,29,N METRO PKWY,NA,5,Local Street - Township,2,Urban,5,Major Collector,4,City or Municipal Highway Agency,0,This section IS NOT on the NHS,0,No Special Jurisdiction,7,7,33.57151944,33.57151944,-112.12265,-112.12265,33,Curb,0,The First Harmful Event was Not a Collision with a Motor Vehicle in Transport,0,No,1,Non-Junction,1,Not an Intersection,4,On Roadside,0,None,3,Dark - Lighted,1,Clear,0,No,0000000,Not Applicable,99,Unknown,99,Unknown,99,Unknown EMS Scene Arrival Hour,99,Unknown EMS Scene Arrival Minutes,99,Unknown,98,Unknown if Transported,1
4,Arizona,40409,0,0,3,3,0,4,4,25,YAVAPAI (25),65,CAMP VERDE,5,May,28,28,7,Saturday,2022,1,1:00am-1:59am,8,8,I-17,NA,1,Interstate,1,Rural,1,Interstate,1,State Highway Agency,1,This section IS ON the NHS,0,No Special Jurisdiction,1076,1076,34.72142222,34.72142222,-111.72164167,-111.72164167,35,Embankment,0,The First Harmful Event was Not a Collision with a Motor Vehicle in Transport,0,No,1,Non-Junction,1,Not an Intersection,3,On Median,0,None,2,Dark - Not Lighted,1,Clear,0,No,0000000,Not Applicable,1,1:00am-1:59am,11,11,1,1:00am-1:59am,29,29,99,Unknown,99,Unknown EMS Hospital Arrival Time,1
4,Arizona,40410,0,0,2,2,0,2,2,13,MARICOPA (13),190,GILBERT,5,May,28,28,7,Saturday,2022,23,11:00pm-11:59pm,13,13,W RAY RD,S PINE ST,5,Local Street - Township,2,Urban,4,Minor Arterial,4,City or Municipal Highway Agency,0,This section IS NOT on the NHS,0,No Special Jurisdiction,575,575,33.32095278,33.32095278,-111.79839722,-111.79839722,12,Motor Vehicle In-Transport,6,Angle,0,No,2,Intersection,3,T-Intersection,1,On Roadway,0,None,3,Dark - Lighted,1,Clear,0,No,0000000,Not Applicable,23,11:00pm-11:59pm,13,13,23,11:00pm-11:59pm,20,20,88,Not Applicable (Not Transported),88,Not Applicable (Not Transported),1
4,Arizona,40411,0,0,2,2,0,2,2,19,PIMA (19),530,TUCSON,5,May,29,29,1,Sunday,2022,22,10:00pm-10:59pm,2,2,LA CANADA DR,RIVER RD,5,Local Street - Township,2,Urban,4,Minor Arterial,2,County Highway Agency,0,This section IS NOT on the NHS,0,No Special Jurisdiction,314,314,32.29745278,32.29745278,-110.99526944,-110.99526944,12,Motor Vehicle In-Transport,6,Angle,0,No,2,Intersection,2,Four-Way Intersection,1,On Roadway,0,None,3,Dark - Lighted,1,Clear,0,No,0000000,Not Applicable,22,10:00pm-10:59pm,2,2,22,10:00pm-10:59pm,9,9,22,10:00pm-10:59pm,49,49,1
4,Arizona,40412,1,1,1,1,0,1,1,19,PIMA (19),219,GREEN VALLEY,5,May,30,30,2,Monday,2022,22,10:00pm-10:59pm,3,3,S CAMINO DEL SOL,W CAMINO ENCANTO,9,Unknown,2,Urban,5,Major Collector,2,County Highway Agency,0,This section IS NOT on the NHS,0,No Special Jurisdiction,31,31,31.827425,31.827425,-111.01238611,-111.01238611,8,Pedestrian,0,The First Harmful Event was Not a Collision with a Motor Vehicle in Transport,0,No,3,Intersection-Related,3,T-Intersection,1,On Roadway,0,None,3,Dark - Lighted,1,Clear,0,No,0000000,Not Applicable,22,10:00pm-10:59pm,4,4,22,10:00pm-10:59pm,6,6,22,10:00pm-10:59pm,57,57,1
4,Arizona,40413,0,0,2,2,0,2,2,13,MARICOPA (13),80,CHANDLER,5,May,31,31,3,Tuesday,2022,15,3:00pm-3:59pm,44,44,CHANDLER BLVD,PRICE RD,5,Local Street - Township,2,Urban,4,Minor Arterial,1,State Highway Agency,0,This section IS NOT on the NHS,0,No Special Jurisdiction,136,136,33.30577778,33.30577778,-111.89495278,-111.89495278,12,Motor Vehicle In-Transport,6,Angle,1,Yes,2,Intersection,2,Four-Way Intersection,1,On Roadway,0,None,1,Daylight,98,Not Reported,0,No,0000000,Not Applicable,15,3:00pm-3:59pm,44,44,15,3:00pm-3:59pm,48,48,16,4:00pm-4:59pm,2,2,1
4,Arizona,40414,0,0,2,2,0,5,5,13,MARICOPA (13),370,PHOENIX,5,May,31,31,3,Tuesday,2022,16,4:00pm-4:59pm,18,18,N 35TH AVENUE,W COOLIDGE ST,5,Local Street - Township,2,Urban,3,Principal Arterial - Other,4,City or Municipal Highway Agency,0,This section IS NOT on the NHS,0,No Special Jurisdiction,112,112,33.50494167,33.50494167,-112.13431667,-112.13431667,12,Motor Vehicle In-Transport,7,Sideswipe - Same Direction,0,No,2,Intersection,3,T-Intersection,1,On Roadway,0,None,1,Daylight,1,Clear,0,No,0000000,Not Applicable,99,Unknown,99,Unknown,99,Unknown EMS Scene Arrival Hour,99,Unknown EMS Scene Arrival Minutes,99,Unknown,99,Unknown EMS Hospital Arrival Time,1
4,Arizona,40416,0,0,1,1,0,1,1,13,MARICOPA (13),60,BUCKEYE,3,March,8,8,3,Tuesday,2022,14,2:00pm-2:59pm,10,10,W SALOME HWY,NA,8,Other,1,Rural,6,Minor Collector,2,County Highway Agency,0,This section IS NOT on the NHS,0,No Special Jurisdiction,0,None,33.45568056,33.45568056,-112.93465833,-112.93465833,1,Rollover/Overturn,0,The First Harmful Event was Not a Collision with a Motor Vehicle in Transport,0,No,1,Non-Junction,1,Not an Intersection,4,On Roadside,0,None,1,Daylight,1,Clear,0,No,0000000,Not Applicable,12,12:00pm-12:59pm,32,32,12,12:00pm-12:59pm,42,42,99,Unknown,99,Unknown EMS Hospital Arrival Time,1
4,Arizona,40417,0,0,1,1,0,1,1,13,MARICOPA (13),0,NOT APPLICABLE,3,March,11,11,6,Friday,2022,13,1:00pm-1:59pm,12,12,SR-88,NA,3,State Highway,1,Rural,5,Major Collector,2,County Highway Agency,0,This section IS NOT on the NHS,0,No Special Jurisdiction,105,105,33.502075,33.502075,-111.46160833,-111.46160833,1,Rollover/Overturn,0,The First Harmful Event was Not a Collision with a Motor Vehicle in Transport,0,No,1,Non-Junction,1,Not an Intersection,4,On Roadside,0,None,1,Daylight,1,Clear,0,No,0000000,Not Applicable,13,1:00pm-1:59pm,11,11,13,1:00pm-1:59pm,30,30,88,Not Applicable (Not Transported),88,Not Applicable (Not Transported),1
4,Arizona,40418,0,0,2,2,0,4,4,13,MARICOPA (13),370,PHOENIX,3,March,13,13,1,Sunday,2022,21,9:00pm-9:59pm,30,30,E INDIAN SCHOOL RD,N 36TH ST,6,Local Street - Municipality,2,Urban,3,Principal Arterial - Other,4,City or Municipal Highway Agency,1,This section IS ON the NHS,0,No Special Jurisdiction,0,None,33.49511944,33.49511944,-112.0043,-112.0043,12,Motor Vehicle In-Transport,6,Angle,0,No,2,Intersection,2,Four-Way Intersection,1,On Roadway,0,None,3,Dark - Lighted,1,Clear,0,No,0000000,Not Applicable,99,Unknown,99,Unknown,99,Unknown EMS Scene Arrival Hour,99,Unknown EMS Scene Arrival Minutes,99,Unknown,99,Unknown EMS Hospital Arrival Time,1
4,Arizona,40419,0,0,1,1,0,1,1,13,MARICOPA (13),368,PEORIA,3,March,14,14,2,Monday,2022,15,3:00pm-3:59pm,4,4,N 75TH AVE,NA,6,Local Street - Municipality,2,Urban,4,Minor Arterial,4,City or Municipal Highway Agency,0,This section IS NOT on the NHS,0,No Special Jurisdiction,0,None,33.63261111,33.63261111,-112.21992222,-112.21992222,24,Guardrail Face,0,The First Harmful Event was Not a Collision with a Motor Vehicle in Transport,0,No,1,Non-Junction,1,Not an Intersection,4,On Roadside,0,None,1,Daylight,1,Clear,0,No,0000000,Not Applicable,99,Unknown,99,Unknown,99,Unknown EMS Scene Arrival Hour,99,Unknown EMS Scene Arrival Minutes,99,Unknown,99,Unknown EMS Hospital Arrival Time,1
4,Arizona,40420,1,1,1,1,0,1,1,13,MARICOPA (13),370,PHOENIX,3,March,16,16,4,Wednesday,2022,20,8:00pm-8:59pm,46,46,E BELL RD,NA,6,Local Street - Municipality,2,Urban,3,Principal Arterial - Other,4,City or Municipal Highway Agency,1,This section IS ON the NHS,0,No Special Jurisdiction,0,None,33.64047222,33.64047222,-112.01949167,-112.01949167,8,Pedestrian,0,The First Harmful Event was Not a Collision with a Motor Vehicle in Transport,0,No,1,Non-Junction,1,Not an Intersection,1,On Roadway,0,None,3,Dark - Lighted,1,Clear,0,No,0000000,Not Applicable,99,Unknown,99,Unknown,99,Unknown EMS Scene Arrival Hour,99,Unknown EMS Scene Arrival Minutes,99,Unknown,99,Unknown EMS Hospital Arrival Time,1
4,Arizona,40421,1,1,1,1,0,1,1,13,MARICOPA (13),370,PHOENIX,3,March,17,17,5,Thursday,2022,23,11:00pm-11:59pm,17,17,E THOMAS RD,N 36TH ST,6,Local Street - Municipality,2,Urban,4,Minor Arterial,4,City or Municipal Highway Agency,0,This section IS NOT on the NHS,0,No Special Jurisdiction,0,None,33.48053889,33.48053889,-112.00434722,-112.00434722,8,Pedestrian,0,The First Harmful Event was Not a Collision with a Motor Vehicle in Transport,0,No,3,Intersection-Related,2,Four-Way Intersection,1,On Roadway,0,None,3,Dark - Lighted,1,Clear,0,No,0000000,Not Applicable,99,Unknown,99,Unknown,99,Unknown EMS Scene Arrival Hour,99,Unknown EMS Scene Arrival Minutes,99,Unknown,99,Unknown EMS Hospital Arrival Time,1
4,Arizona,40422,0,0,2,2,0,2,2,13,MARICOPA (13),370,PHOENIX,3,March,18,18,6,Friday,2022,9,9:00am-9:59am,49,49,W WARNER RD,N PENNINGTON DR,6,Local Street - Municipality,2,Urban,4,Minor Arterial,4,City or Municipal Highway Agency,0,This section IS NOT on the NHS,0,No Special Jurisdiction,0,None,33.33517222,33.33517222,-111.87036667,-111.87036667,12,Motor Vehicle In-Transport,6,Angle,0,No,2,Intersection,3,T-Intersection,1,On Roadway,0,None,1,Daylight,1,Clear,0,No,0000000,Not Applicable,9,9:00am-9:59am,52,52,9,9:00am-9:59am,53,53,10,10:00am-10:59am,6,6,1
4,Arizona,40423,0,0,2,2,0,4,4,13,MARICOPA (13),370,PHOENIX,3,March,18,18,6,Friday,2022,16,4:00pm-4:59pm,27,27,W BASELINE RD,NA,6,Local Street - Municipality,2,Urban,3,Principal Arterial - Other,4,City or Municipal Highway Agency,1,This section IS ON the NHS,0,No Special Jurisdiction,0,None,33.37753889,33.37753889,-112.15849167,-112.15849167,12,Motor Vehicle In-Transport,2,Front-to-Front,0,No,1,Non-Junction,1,Not an Intersection,1,On Roadway,0,None,3,Dark - Lighted,1,Clear,0,No,0000000,Not Applicable,99,Unknown,99,Unknown,99,Unknown EMS Scene Arrival Hour,99,Unknown EMS Scene Arrival Minutes,99,Unknown,99,Unknown EMS Hospital Arrival Time,1
4,Arizona,40424,0,0,1,1,0,1,1,21,PINAL (21),70,CASA GRANDE,3,March,19,19,7,Saturday,2022,17,5:00pm-5:59pm,26,26,I-8,NA,1,Interstate,1,Rural,1,Interstate,1,State Highway Agency,1,This section IS ON the NHS,0,No Special Jurisdiction,1757,1757,32.83239722,32.83239722,-111.72975833,-111.72975833,42,Tree (Standing Only),0,The First Harmful Event was Not a Collision with a Motor Vehicle in Transport,0,No,1,Non-Junction,1,Not an Intersection,3,On Median,0,None,1,Daylight,10,Cloudy,0,No,0000000,Not Applicable,17,5:00pm-5:59pm,27,27,17,5:00pm-5:59pm,37,37,88,Not Applicable (Not Transported),88,Not Applicable (Not Transported),1
4,Arizona,40425,0,0,2,2,0,2,2,13,MARICOPA (13),510,TOLLESON,3,March,19,19,7,Saturday,2022,6,6:00am-6:59am,3,3,MC-85,S 87TH AVE,6,Local Street - Municipality,2,Urban,4,Minor Arterial,2,County Highway Agency,0,This section IS NOT on the NHS,0,No Special Jurisdiction,0,None,33.43645278,33.43645278,-112.24686944,-112.24686944,12,Motor Vehicle In-Transport,6,Angle,0,No,2,Intersection,3,T-Intersection,1,On Roadway,0,None,3,Dark - Lighted,1,Clear,0,No,0000000,Not Applicable,4,4:00am-4:59am,57,57,5,5:00am-5:59am,10,10,5,5:00am-5:59am,26,26,1
4,Arizona,40426,1,1,1,1,0,1,1,13,MARICOPA (13),490,TEMPE,3,March,22,22,3,Tuesday,2022,3,3:00am-3:59am,59,59,US-60 RAMP C1,NA,2,US Highway,2,Urban,2,Principal Arterial - Other Freeways and Expressways,1,State Highway Agency,1,This section IS ON the NHS,0,No Special Jurisdiction,1405,1405,33.38692222,33.38692222,-111.95868333,-111.95868333,8,Pedestrian,0,The First Harmful Event was Not a Collision with a Motor Vehicle in Transport,1,Yes,20,Entrance/Exit Ramp,1,Not an Intersection,1,On Roadway,0,None,2,Dark - Not Lighted,1,Clear,0,No,0000000,Not Applicable,4,4:00am-4:59am,2,2,4,4:00am-4:59am,14,14,88,Not Applicable (Not Transported),88,Not Applicable (Not Transported),1
4,Arizona,40428,1,1,1,1,0,1,1,13,MARICOPA (13),370,PHOENIX,3,March,27,27,1,Sunday,2022,5,5:00am-5:59am,21,21,W VAN BUREN ST,NA,6,Local Street - Municipality,2,Urban,4,Minor Arterial,4,City or Municipal Highway Agency,0,This section IS NOT on the NHS,0,No Special Jurisdiction,0,None,33.45143333,33.45143333,-112.13316667,-112.13316667,8,Pedestrian,0,The First Harmful Event was Not a Collision with a Motor Vehicle in Transport,0,No,1,Non-Junction,1,Not an Intersection,1,On Roadway,0,None,3,Dark - Lighted,1,Clear,0,No,0000000,Not Applicable,99,Unknown,99,Unknown,99,Unknown EMS Scene Arrival Hour,99,Unknown EMS Scene Arrival Minutes,88,Not Applicable (Not Transported),88,Not Applicable (Not Transported),1
4,Arizona,40429,0,0,2,2,0,2,2,13,MARICOPA (13),290,MESA,3,March,30,30,4,Wednesday,2022,17,5:00pm-5:59pm,37,37,E APACHE TRL,NA,9,Unknown,2,Urban,4,Minor Arterial,2,County Highway Agency,0,This section IS NOT on the NHS,0,No Special Jurisdiction,0,None,33.41513611,33.41513611,-111.65475833,-111.65475833,12,Motor Vehicle In-Transport,6,Angle,0,No,8,Driveway Access Related,1,Not an Intersection,1,On Roadway,0,None,1,Daylight,1,Clear,0,No,0000000,Not Applicable,17,5:00pm-5:59pm,38,38,17,5:00pm-5:59pm,51,51,18,6:00pm-6:59pm,2,2,1
4,Arizona,40430,1,1,2,2,0,2,2,13,MARICOPA (13),370,PHOENIX,4,April,5,5,3,Tuesday,2022,1,1:00am-1:59am,19,19,N 43RD AVE,NA,6,Local Street - Municipality,2,Urban,4,Minor Arterial,4,City or Municipal Highway Agency,0,This section IS NOT on the NHS,0,No Special Jurisdiction,0,None,33.53511667,33.53511667,-112.15156111,-112.15156111,8,Pedestrian,0,The First Harmful Event was Not a Collision with a Motor Vehicle in Transport,0,No,1,Non-Junction,1,Not an Intersection,1,On Roadway,0,None,3,Dark - Lighted,1,Clear,0,No,0000000,Not Applicable,99,Unknown,99,Unknown,99,Unknown EMS Scene Arrival Hour,99,Unknown EMS Scene Arrival Minutes,88,Not Applicable (Not Transported),88,Not Applicable (Not Transported),1
4,Arizona,40431,0,0,2,2,0,2,2,13,MARICOPA (13),370,PHOENIX,6,June,1,1,4,Wednesday,2022,4,4:00am-4:59am,10,10,W NORTHERN AVE,NA,6,Local Street - Municipality,2,Urban,3,Principal Arterial - Other,4,City or Municipal Highway Agency,0,This section IS NOT on the NHS,0,No Special Jurisdiction,0,None,33.55316944,33.55316944,-112.12646944,-112.12646944,12,Motor Vehicle In-Transport,2,Front-to-Front,0,No,1,Non-Junction,1,Not an Intersection,1,On Roadway,0,None,3,Dark - Lighted,1,Clear,0,No,0000000,Not Applicable,99,Unknown,99,Unknown,99,Unknown EMS Scene Arrival Hour,99,Unknown EMS Scene Arrival Minutes,99,Unknown,99,Unknown EMS Hospital Arrival Time,1
4,Arizona,40432,1,1,1,1,0,1,1,19,PIMA (19),295,MARANA,6,June,1,1,4,Wednesday,2022,6,6:00am-6:59am,28,28,N COACHLINE BLVD,NA,5,Local Street - Township,2,Urban,5,Major Collector,3,Town or Township Highway Agency,0,This section IS NOT on the NHS,0,No Special Jurisdiction,0,None,32.3863,32.3863,-111.12832778,-111.12832778,8,Pedestrian,0,The First Harmful Event was Not a Collision with a Motor Vehicle in Transport,0,No,1,Non-Junction,1,Not an Intersection,1,On Roadway,0,None,1,Daylight,1,Clear,0,No,0000000,Not Applicable,6,6:00am-6:59am,33,33,6,6:00am-6:59am,41,41,88,Not Applicable (Not Transported),88,Not Applicable (Not Transported),1
4,Arizona,40433,0,0,2,2,0,2,2,13,MARICOPA (13),200,GLENDALE,6,June,1,1,4,Wednesday,2022,10,10:00am-10:59am,31,31,N 79TH AVE,W CAMPO BELLO DR,6,Local Street - Municipality,2,Urban,5,Major Collector,4,City or Municipal Highway Agency,0,This section IS NOT on the NHS,0,No Special Jurisdiction,0,None,33.64141389,33.64141389,-112.23115833,-112.23115833,12,Motor Vehicle In-Transport,6,Angle,0,No,2,Intersection,2,Four-Way Intersection,1,On Roadway,0,None,1,Daylight,1,Clear,0,No,0000000,Not Applicable,10,10:00am-10:59am,32,32,10,10:00am-10:59am,38,38,10,10:00am-10:59am,41,41,1
4,Arizona,40434,0,0,1,1,0,1,1,25,YAVAPAI (25),53,BLACK CANYON CITY,6,June,1,1,4,Wednesday,2022,14,2:00pm-2:59pm,38,38,I-17,NA,1,Interstate,1,Rural,1,Interstate,1,State Highway Agency,1,This section IS ON the NHS,0,No Special Jurisdiction,500,500,34.09081944,34.09081944,-112.14367778,-112.14367778,1,Rollover/Overturn,0,The First Harmful Event was Not a Collision with a Motor Vehicle in Transport,0,No,1,Non-Junction,1,Not an Intersection,4,On Roadside,0,None,1,Daylight,1,Clear,0,No,0000000,Not Applicable,14,2:00pm-2:59pm,39,39,14,2:00pm-2:59pm,51,51,88,Not Applicable (Not Transported),88,Not Applicable (Not Transported),1
4,Arizona,40435,0,0,2,2,0,3,3,13,MARICOPA (13),370,PHOENIX,6,June,1,1,4,Wednesday,2022,16,4:00pm-4:59pm,52,52,W LOWER BUCKEYE RD,S 91ST AVE,6,Local Street - Municipality,2,Urban,4,Minor Arterial,4,City or Municipal Highway Agency,0,This section IS NOT on the NHS,0,No Special Jurisdiction,0,None,33.42111389,33.42111389,-112.25576389,-112.25576389,12,Motor Vehicle In-Transport,6,Angle,0,No,2,Intersection,2,Four-Way Intersection,1,On Roadway,0,None,1,Daylight,1,Clear,0,No,0000000,Not Applicable,99,Unknown,99,Unknown,99,Unknown EMS Scene Arrival Hour,99,Unknown EMS Scene Arrival Minutes,99,Unknown,98,Unknown if Transported,1
4,Arizona,40436,0,0,1,1,0,3,3,13,MARICOPA (13),220,GOODYEAR,6,June,3,3,6,Friday,2022,2,2:00am-2:59am,58,58,S COTTON LN,NA,6,Local Street - Municipality,2,Urban,3,Principal Arterial - Other,4,City or Municipal Highway Agency,1,This section IS ON the NHS,0,No Special Jurisdiction,0,None,33.43659722,33.43659722,-112.42706944,-112.42706944,1,Rollover/Overturn,0,The First Harmful Event was Not a Collision with a Motor Vehicle in Transport,0,No,1,Non-Junction,1,Not an Intersection,1,On Roadway,0,None,3,Dark - Lighted,1,Clear,0,No,0000000,Not Applicable,2,2:00am-2:59am,59,59,3,3:00am-3:59am,7,7,3,3:00am-3:59am,28,28,1
4,Arizona,40437,0,0,2,2,0,2,2,19,PIMA (19),530,TUCSON,6,June,3,3,6,Friday,2022,4,4:00am-4:59am,12,12,N CRAYCROFT RD,NA,6,Local Street - Municipality,2,Urban,3,Principal Arterial - Other,2,County Highway Agency,0,This section IS NOT on the NHS,0,No Special Jurisdiction,0,None,32.28605556,32.28605556,-110.875525,-110.875525,12,Motor Vehicle In-Transport,1,Front-to-Rear,0,No,1,Non-Junction,1,Not an Intersection,1,On Roadway,0,None,2,Dark - Not Lighted,1,Clear,0,No,0000000,Not Applicable,4,4:00am-4:59am,12,12,4,4:00am-4:59am,20,20,88,Not Applicable (Not Transported),88,Not Applicable (Not Transported),1
4,Arizona,40438,0,0,2,2,0,5,5,25,YAVAPAI (25),0,NOT APPLICABLE,6,June,3,3,6,Friday,2022,12,12:00pm-12:59pm,52,52,US-93,NA,2,US Highway,1,Rural,3,Principal Arterial - Other,2,County Highway Agency,1,This section IS ON the NHS,0,No Special Jurisdiction,1971,1971,34.01153611,34.01153611,-112.78896389,-112.78896389,12,Motor Vehicle In-Transport,2,Front-to-Front,0,No,1,Non-Junction,1,Not an Intersection,1,On Roadway,0,None,1,Daylight,10,Cloudy,0,No,0000000,Not Applicable,12,12:00pm-12:59pm,54,54,13,1:00pm-1:59pm,2,2,14,2:00pm-2:59pm,0,0,1
4,Arizona,40439,0,0,2,2,0,3,3,13,MARICOPA (13),60,BUCKEYE,6,June,4,4,7,Saturday,2022,11,11:00am-11:59am,52,52,SR-85,NA,3,State Highway,1,Rural,3,Principal Arterial - Other,1,State Highway Agency,1,This section IS ON the NHS,0,No Special Jurisdiction,286,286,33.35314444,33.35314444,-112.62488889,-112.62488889,12,Motor Vehicle In-Transport,7,Sideswipe - Same Direction,0,No,1,Non-Junction,1,Not an Intersection,1,On Roadway,0,None,1,Daylight,10,Cloudy,0,No,0000000,Not Applicable,11,11:00am-11:59am,54,54,12,12:00pm-12:59pm,5,5,12,12:00pm-12:59pm,38,38,1