STATE,STATENAME,ST_CASE,PEDS,PERNOTMVIT,VE_TOTAL,VE_FORMS,PVH_INVL,PERSONS,PERMVIT,COUNTY,COUNTYNAME,CITY,CITYNAME,MONTH,MONTHNAME,DAY,DAYNAME,DAY_WEEK,DAY_WEEKNAME,YEAR,HOUR,HOURNAME,MINUTE,MINUTENAME,TWAY_ID,TWAY_ID2,ROUTE,ROUTENAME,RUR_URB,RUR_URBNAME,FUNC_SYS,FUNC_SYSNAME,RD_OWNER,RD_OWNERNAME,NHS,NHSNAME,SP_JUR,SP_JURNAME,MILEPT,MILEPTNAME,LATITUDE,LATITUDENAME,LONGITUD,LONGITUDNAME,HARM_EV,HARM_EVNAME,MAN_COLL,MAN_COLLNAME,RELJCT1,RELJCT1NAME,RELJCT2,RELJCT2NAME,TYP_INT,TYP_INTNAME,REL_ROAD,REL_ROADNAME,WRK_ZONE,WRK_ZONENAME,LGT_COND,LGT_CONDNAME,WEATHER,WEATHERNAME,SCH_BUS,SCH_BUSNAME,RAIL,RAILNAME,NOT_HOUR,NOT_HOURNAME,NOT_MIN,NOT_MINNAME,ARR_HOUR,ARR_HOURNAME,ARR_MIN,ARR_MINNAME,HOSP_HR,HOSP_HRNAME,HOSP_MN,HOSP_MNNAME,FATALS
4,Arizona,40440,0,0,1,1,0,1,1,5,COCONINO (5),0,NOT APPLICABLE,6,June,4,4,7,Saturday,2022,16,4:00pm-4:59pm,15,15,SR-98,NA,3,State Highway,1,Rural,4,Minor Arterial,1,State Highway Agency,0,This section IS NOT on the NHS,0,No Special Jurisdiction,563,563,36.56644444,36.56644444,-110.75898611,-110.75898611,41,Shrubbery,0,The First Harmful Event was Not a Collision with a Motor Vehicle in Transport,0,No,1,Non-Junction,1,Not an Intersection,4,On Roadside,0,None,1,Daylight,1,Clear,0,No,0000000,Not Applicable,16,4:00pm-4:59pm,15,15,16,4:00pm-4:59pm,25,25,88,Not Applicable (Not Transported),88,Not Applicable (Not Transported),1
4,Arizona,40441,1,1,1,1,0,5,5,13,MARICOPA (13),420,SCOTTSDALE,6,June,4,4,7,Saturday,2022,22,10:00pm-10:59pm,45,45,N SCOTTSDALE RD,E VIRGINIA AVE,6,Local Street - Municipality,2,Urban,3,Principal Arterial - Other,4,City or Municipal Highway Agency,1,This section IS ON the NHS,0,No Special Jurisdiction,0,None,33.47683333,33.47683333,-111.92610556,-111.92610556,8,Pedestrian,0,The First Harmful Event was Not a Collision with a Motor Vehicle in Transport,0,No,3,Intersection-Related,3,T-Intersection,1,On Roadway,0,None,3,Dark - Lighted,1,Clear,0,No,0000000,Not Applicable,22,10:00pm-10:59pm,46,46,22,10:00pm-10:59pm,51,51,23,11:00pm-11:59pm,5,5,1
4,Arizona,40442,0,0,1,1,0,1,1,15,MOHAVE (15),0,NOT APPLICABLE,6,June,4,4,7,Saturday,2022,23,11:00pm-11:59pm,36,36,E CALLE LUCERO,NA,8,Other,1,Rural,7,Local,98,Not Reported,0,This section IS NOT on the NHS,0,No Special Jurisdiction,0,None,35.398975,35.398975,-113.99310278,-113.99310278,42,Tree (Standing Only),0,The First Harmful Event was Not a Collision with a Motor Vehicle in Transport,0,No,1,Non-Junction,1,Not an Intersection,4,On Roadside,0,None,2,Dark - Not Lighted,1,Clear,0,No,0000000,Not Applicable,23,11:00pm-11:59pm,39,39,0,0:00am-0:59am,9,9,88,Not Applicable (Not Transported),88,Not Applicable (Not Transported),1
4,Arizona,40443,2,2,2,2,0,1,1,13,MARICOPA (13),370,PHOENIX,6,June,5,5,1,Sunday,2022,6,6:00am-6:59am,4,4,W MCDOWELL RD,NA,6,Local Street - Municipality,2,Urban,4,Minor Arterial,4,City or Municipal Highway Agency,0,This section IS NOT on the NHS,0,No Special Jurisdiction,0,None,33.46591111,33.46591111,-112.19181944,-112.19181944,8,Pedestrian,0,The First Harmful Event was Not a Collision with a Motor Vehicle in Transport,0,No,1,Non-Junction,1,Not an Intersection,1,On Roadway,0,None,1,Daylight,1,Clear,0,No,0000000,Not Applicable,99,Unknown,99,Unknown,99,Unknown EMS Scene Arrival Hour,99,Unknown EMS Scene Arrival Minutes,99,Unknown,99,Unknown EMS Hospital Arrival Time,1
4,Arizona,40444,1,1,1,1,0,1,1,13,MARICOPA (13),370,PHOENIX,6,June,7,7,3,Tuesday,2022,3,3:00am-3:59am,36,36,N 51ST AVE,W PIERSON ST,6,Local Street - Municipality,2,Urban,3,Principal Arterial - Other,4,City or Municipal Highway Agency,1,This section IS ON the NHS,0,No Special Jurisdiction,0,None,33.50714722,33.50714722,-112.168725,-112.168725,8,Pedestrian,0,The First Harmful Event was Not a Collision with a Motor Vehicle in Transport,0,No,3,Intersection-Related,3,T-Intersection,1,On Roadway,0,None,3,Dark - Lighted,1,Clear,0,No,0000000,Not Applicable,99,Unknown,99,Unknown,99,Unknown EMS Scene Arrival Hour,99,Unknown EMS Scene Arrival Minutes,99,Unknown,99,Unknown EMS Hospital Arrival Time,1
4,Arizona,40445,1,1,1,1,0,1,1,19,PIMA (19),295,MARANA,6,June,7,7,3,Tuesday,2022,7,7:00am-7:59am,28,28,W TWIN PEAKS RD,NA,5,Local Street - Township,1,Rural,5,Major Collector,3,Town or Township Highway Agency,0,This section IS NOT on the NHS,0,No Special Jurisdiction,0,None,32.38079167,32.38079167,-111.20852778,-111.20852778,9,Pedalcyclist,0,The First Harmful Event was Not a Collision with a Motor Vehicle in Transport,0,No,1,Non-Junction,1,Not an Intersection,1,On Roadway,0,None,1,Daylight,1,Clear,0,No,0000000,Not Applicable,7,7:00am-7:59am,29,29,7,7:00am-7:59am,45,45,88,Not Applicable (Not Transported),88,Not Applicable (Not Transported),1
4,Arizona,40446,0,0,1,1,0,1,1,13,MARICOPA (13),370,PHOENIX,6,June,10,10,6,Friday,2022,22,10:00pm-10:59pm,31,31,N 7TH ST,NA,6,Local Street - Municipality,2,Urban,3,Principal Arterial - Other,4,City or Municipal Highway Agency,1,This section IS ON the NHS,0,No Special Jurisdiction,0,None,33.59920278,33.59920278,-112.06541667,-112.06541667,33,Curb,0,The First Harmful Event was Not a Collision with a Motor Vehicle in Transport,0,No,1,Non-Junction,1,Not an Intersection,4,On Roadside,0,None,3,Dark - Lighted,1,Clear,0,No,0000000,Not Applicable,99,Unknown,99,Unknown,99,Unknown EMS Scene Arrival Hour,99,Unknown EMS Scene Arrival Minutes,99,Unknown,99,Unknown EMS Hospital Arrival Time,1
4,Arizona,40447,0,0,2,2,0,3,3,13,MARICOPA (13),370,PHOENIX,6,June,11,11,7,Saturday,2022,10,10:00am-10:59am,58,58,SR-101,NA,3,State Highway,2,Urban,2,Principal Arterial - Other Freeways and Expressways,1,State Highway Agency,1,This section IS ON the NHS,0,No Special Jurisdiction,247,247,33.66906667,33.66906667,-112.06613333,-112.06613333,12,Motor Vehicle In-Transport,1,Front-to-Rear,0,No,1,Non-Junction,1,Not an Intersection,1,On Roadway,0,None,1,Daylight,1,Clear,0,No,0000000,Not Applicable,11,11:00am-11:59am,2,2,11,11:00am-11:59am,7,7,99,Unknown,99,Unknown EMS Hospital Arrival Time,2
4,Arizona,40448,0,0,2,2,0,3,3,19,PIMA (19),530,TUCSON,6,June,11,11,7,Saturday,2022,13,1:00pm-1:59pm,17,17,I-10,NA,1,Interstate,2,Urban,1,Interstate,1,State Highway Agency,1,This section IS ON the NHS,0,No Special Jurisdiction,2622,2622,32.17749444,32.17749444,-110.94527222,-110.94527222,12,Motor Vehicle In-Transport,7,Sideswipe - Same Direction,1,Yes,5,Entrance/Exit Ramp Related,1,Not an Intersection,1,On Roadway,0,None,1,Daylight,1,Clear,0,No,0000000,Not Applicable,13,1:00pm-1:59pm,17,17,13,1:00pm-1:59pm,25,25,88,Not Applicable (Not Transported),88,Not Applicable (Not Transported),1
4,Arizona,40449,0,0,2,2,0,2,2,13,MARICOPA (13),370,PHOENIX,6,June,11,11,7,Saturday,2022,23,11:00pm-11:59pm,52,52,SR-51,NA,3,State Highway,2,Urban,2,Principal Arterial - Other Freeways and Expressways,1,State Highway Agency,1,This section IS ON the NHS,0,No Special Jurisdiction,66,66,33.55390278,33.55390278,-112.03798889,-112.03798889,12,Motor Vehicle In-Transport,2,Front-to-Front,0,No,1,Non-Junction,1,Not an Intersection,1,On Roadway,0,None,3,Dark - Lighted,1,Clear,0,No,0000000,Not Applicable,23,11:00pm-11:59pm,56,56,0,0:00am-0:59am,5,5,99,Unknown,99,Unknown EMS Hospital Arrival Time,1
4,Arizona,40450,0,0,2,2,0,3,3,5,COCONINO (5),170,FLAGSTAFF,6,June,12,12,1,Sunday,2022,1,1:00am-1:59am,6,6,I-40,NA,1,Interstate,2,Urban,1,Interstate,1,State Highway Agency,1,This section IS ON the NHS,0,No Special Jurisdiction,1977,1977,35.18941389,35.18941389,-111.62657778,-111.62657778,12,Motor Vehicle In-Transport,6,Angle,1,Yes,5,Entrance/Exit Ramp Related,1,Not an Intersection,1,On Roadway,1,Construction,3,Dark - Lighted,1,Clear,0,No,0000000,Not Applicable,1,1:00am-1:59am,6,6,1,1:00am-1:59am,6,6,88,Not Applicable (Not Transported),88,Not Applicable (Not Transported),1
4,Arizona,40451,0,0,1,1,0,1,1,19,PIMA (19),530,TUCSON,6,June,12,12,1,Sunday,2022,13,1:00pm-1:59pm,45,45,I-10,NA,1,Interstate,2,Urban,1,Interstate,1,State Highway Agency,1,This section IS ON the NHS,0,No Special Jurisdiction,2542,2542,32.26464167,32.26464167,-111.00662222,-111.00662222,25,Concrete Traffic Barrier,0,The First Harmful Event was Not a Collision with a Motor Vehicle in Transport,0,No,1,Non-Junction,1,Not an Intersection,3,On Median,0,None,1,Daylight,1,Clear,0,No,0000000,Not Applicable,13,1:00pm-1:59pm,45,45,13,1:00pm-1:59pm,50,50,14,2:00pm-2:59pm,15,15,1
4,Arizona,40452,0,0,2,2,0,2,2,13,MARICOPA (13),370,PHOENIX,6,June,12,12,1,Sunday,2022,23,11:00pm-11:59pm,15,15,I-10,NA,1,Interstate,2,Urban,1,Interstate,1,State Highway Agency,1,This section IS ON the NHS,0,No Special Jurisdiction,1450,1450,33.46220556,33.46220556,-112.05899722,-112.05899722,12,Motor Vehicle In-Transport,2,Front-to-Front,1,Yes,5,Entrance/Exit Ramp Related,1,Not an Intersection,1,On Roadway,0,None,3,Dark - Lighted,1,Clear,0,No,0000000,Not Applicable,23,11:00pm-11:59pm,21,21,23,11:00pm-11:59pm,31,31,0,0:00am-0:59am,12,12,1
4,Arizona,40453,0,0,3,3,0,4,4,13,MARICOPA (13),370,PHOENIX,6,June,13,13,2,Monday,2022,11,11:00am-11:59am,16,16,W NORTHERN AVE,N 43RD AVE,6,Local Street - Municipality,2,Urban,3,Principal Arterial - Other,4,City or Municipal Highway Agency,0,This section IS NOT on the NHS,0,No Special Jurisdiction,0,None,33.55315278,33.55315278,-112.15153889,-112.15153889,12,Motor Vehicle In-Transport,6,Angle,0,No,2,Intersection,2,Four-Way Intersection,1,On Roadway,0,None,1,Daylight,1,Clear,0,No,0000000,Not Applicable,99,Unknown,99,Unknown,99,Unknown EMS Scene Arrival Hour,99,Unknown EMS Scene Arrival Minutes,99,Unknown,99,Unknown EMS Hospital Arrival Time,2
4,Arizona,40455,0,0,1,1,0,1,1,13,MARICOPA (13),370,PHOENIX,6,June,14,14,3,Tuesday,2022,12,12:00pm-12:59pm,54,54,SR-51,NA,3,State Highway,2,Urban,2,Principal Arterial - Other Freeways and Expressways,1,State Highway Agency,1,This section IS ON the NHS,0,No Special Jurisdiction,147,147,33.63613889,33.63613889,-112.00400833,-112.00400833,1,Rollover/Overturn,0,The First Harmful Event was Not a Collision with a Motor Vehicle in Transport,0,No,1,Non-Junction,1,Not an Intersection,4,On Roadside,0,None,1,Daylight,1,Clear,0,No,0000000,Not Applicable,12,12:00pm-12:59pm,54,54,12,12:00pm-12:59pm,54,54,13,1:00pm-1:59pm,57,57,1
4,Arizona,40456,1,1,1,1,0,2,2,13,MARICOPA (13),290,MESA,6,June,14,14,3,Tuesday,2022,21,9:00pm-9:59pm,0,0,S POWER RD,NA,6,Local Street - Municipality,2,Urban,3,Principal Arterial - Other,4,City or Municipal Highway Agency,1,This section IS ON the NHS,0,No Special Jurisdiction,0,None,33.38075,33.38075,-111.68773056,-111.68773056,8,Pedestrian,0,The First Harmful Event was Not a Collision with a Motor Vehicle in Transport,0,No,1,Non-Junction,1,Not an Intersection,1,On Roadway,0,None,3,Dark - Lighted,1,Clear,0,No,0000000,Not Applicable,21,9:00pm-9:59pm,0,0,99,Unknown EMS Scene Arrival Hour,99,Unknown EMS Scene Arrival Minutes,88,Not Applicable (Not Transported),88,Not Applicable (Not Transported),1
4,Arizona,40457,0,0,2,2,0,3,3,13,MARICOPA (13),322,MORRISTOWN,6,June,15,15,4,Wednesday,2022,17,5:00pm-5:59pm,55,55,US-60,SR-74,2,US Highway,1,Rural,3,Principal Arterial - Other,1,State Highway Agency,1,This section IS ON the NHS,0,No Special Jurisdiction,893,893,33.86367778,33.86367778,-112.63322778,-112.63322778,12,Motor Vehicle In-Transport,6,Angle,1,Yes,2,Intersection,2,Four-Way Intersection,1,On Roadway,0,None,1,Daylight,1,Clear,0,No,0000000,Not Applicable,17,5:00pm-5:59pm,56,56,18,6:00pm-6:59pm,0,0,88,Not Applicable (Not Transported),88,Not Applicable (Not Transported),1
4,Arizona,40459,0,0,1,1,0,1,1,21,PINAL (21),0,NOT APPLICABLE,6,June,16,16,5,Thursday,2022,20,8:00pm-8:59pm,8,8,I-10,NA,1,Interstate,1,Rural,1,Interstate,1,State Highway Agency,1,This section IS ON the NHS,0,No Special Jurisdiction,1772,1772,33.10356389,33.10356389,-111.83093333,-111.83093333,1,Rollover/Overturn,0,The First Harmful Event was Not a Collision with a Motor Vehicle in Transport,0,No,1,Non-Junction,1,Not an Intersection,3,On Median,0,None,2,Dark - Not Lighted,1,Clear,0,No,0000000,Not Applicable,20,8:00pm-8:59pm,8,8,20,8:00pm-8:59pm,20,20,88,Not Applicable (Not Transported),88,Not Applicable (Not Transported),1
4,Arizona,40460,0,0,2,2,0,2,2,23,SANTA CRUZ (23),0,NOT APPLICABLE,6,June,17,17,6,Friday,2022,16,4:00pm-4:59pm,49,49,I-19,NA,1,Interstate,1,Rural,1,Interstate,1,State Highway Agency,1,This section IS ON the NHS,0,No Special Jurisdiction,208,208,31.59349444,31.59349444,-111.05339722,-111.05339722,12,Motor Vehicle In-Transport,7,Sideswipe - Same Direction,0,No,1,Non-Junction,1,Not an Intersection,1,On Roadway,0,None,1,Daylight,10,Cloudy,0,No,0000000,Not Applicable,16,4:00pm-4:59pm,49,49,17,5:00pm-5:59pm,0,0,88,Not Applicable (Not Transported),88,Not Applicable (Not Transported),1
4,Arizona,40461,0,0,2,1,1,1,1,3,COCHISE (3),580,WILLCOX,6,June,17,17,6,Friday,2022,19,7:00pm-7:59pm,11,11,MALEY STREET,HASKELL AVENUE,6,Local Street - Municipality,1,Rural,5,Major Collector,4,City or Municipal Highway Agency,0,This section IS NOT on the NHS,0,No Special Jurisdiction,5,5,32.25251389,32.25251389,-109.83221389,-109.83221389,33,Curb,0,The First Harmful Event was Not a Collision with a Motor Vehicle in Transport,0,No,3,Intersection-Related,2,Four-Way Intersection,4,On Roadside,0,None,1,Daylight,10,Cloudy,0,No,0000000,Not Applicable,19,7:00pm-7:59pm,8,8,19,7:00pm-7:59pm,12,12,19,7:00pm-7:59pm,33,33,1
4,Arizona,40462,0,0,3,3,0,3,3,13,MARICOPA (13),370,PHOENIX,6,June,17,17,6,Friday,2022,20,8:00pm-8:59pm,50,50,W THUNDERBIRD RD,38TH DRIVE,8,Other,2,Urban,3,Principal Arterial - Other,4,City or Municipal Highway Agency,0,This section IS NOT on the NHS,0,No Special Jurisdiction,116,116,33.61076111,33.61076111,-112.140975,-112.140975,12,Motor Vehicle In-Transport,6,Angle,0,No,2,Intersection,3,T-Intersection,1,On Roadway,0,None,3,Dark - Lighted,1,Clear,0,No,0000000,Not Applicable,99,Unknown,99,Unknown,99,Unknown EMS Scene Arrival Hour,99,Unknown EMS Scene Arrival Minutes,99,Unknown,99,Unknown EMS Hospital Arrival Time,1
4,Arizona,40463,0,0,2,2,0,2,2,19,PIMA (19),530,TUCSON,6,June,18,18,7,Saturday,2022,9,9:00am-9:59am,52,52,SWAN ROAD,ARROYO GRANDE DRIVE,8,Other,2,Urban,4,Minor Arterial,2,County Highway Agency,0,This section IS NOT on the NHS,0,No Special Jurisdiction,58,58,32.30614167,32.30614167,-110.89243889,-110.89243889,12,Motor Vehicle In-Transport,6,Angle,0,No,2,Intersection,3,T-Intersection,1,On Roadway,0,None,1,Daylight,1,Clear,0,No,0000000,Not Applicable,9,9:00am-9:59am,52,52,9,9:00am-9:59am,56,56,10,10:00am-10:59am,41,41,1
4,Arizona,40464,0,1,2,1,1,3,2,21,PINAL (21),160,ELOY,6,June,18,18,7,Saturday,2022,14,2:00pm-2:59pm,47,47,I-10,NA,1,Interstate,2,Urban,1,Interstate,1,State Highway Agency,1,This section IS ON the NHS,0,No Special Jurisdiction,2094,2094,32.73309167,32.73309167,-111.54434167,-111.54434167,14,Parked Motor Vehicle,0,The First Harmful Event was Not a Collision with a Motor Vehicle in Transport,0,No,1,Non-Junction,1,Not an Intersection,2,On Shoulder,0,None,1,Daylight,2,Rain,0,No,0000000,Not Applicable,14,2:00pm-2:59pm,49,49,14,2:00pm-2:59pm,49,49,99,Unknown,99,Unknown EMS Hospital Arrival Time,1
4,Arizona,40465,0,0,1,1,0,1,1,13,MARICOPA (13),60,BUCKEYE,6,June,18,18,7,Saturday,2022,17,5:00pm-5:59pm,35,35,WINTERSBURG RD,NA,8,Other,1,Rural,5,Major Collector,2,County Highway Agency,0,This section IS NOT on the NHS,0,No Special Jurisdiction,97,97,33.48628889,33.48628889,-112.867625,-112.867625,1,Rollover/Overturn,0,The First Harmful Event was Not a Collision with a Motor Vehicle in Transport,0,No,1,Non-Junction,1,Not an Intersection,4,On Roadside,0,None,1,Daylight,10,Cloudy,0,No,0000000,Not Applicable,17,5:00pm-5:59pm,35,35,17,5:00pm-5:59pm,51,51,88,Not Applicable (Not Transported),88,Not Applicable (Not Transported),1
4,Arizona,40467,0,0,1,1,0,1,1,19,PIMA (19),530,TUCSON,6,June,23,23,5,Thursday,2022,0,0:00am-0:59am,4,4,I-10,NA,1,Interstate,2,Urban,1,Interstate,1,State Highway Agency,1,This section IS ON the NHS,0,No Special Jurisdiction,2624,2624,32.18013056,32.18013056,-110.94961111,-110.94961111,1,Rollover/Overturn,0,The First Harmful Event was Not a Collision with a Motor Vehicle in Transport,1,Yes,19,Other location within Interchange Area,1,Not an Intersection,3,On Median,0,None,3,Dark - Lighted,1,Clear,0,No,0000000,Not Applicable,0,0:00am-0:59am,4,4,0,0:00am-0:59am,19,19,88,Not Applicable (Not Transported),88,Not Applicable (Not Transported),1
4,Arizona,40468,0,0,1,1,0,1,1,5,COCONINO (5),0,NOT APPLICABLE,6,June,23,23,5,Thursday,2022,12,12:00pm-12:59pm,38,38,I-40,NA,1,Interstate,1,Rural,1,Interstate,1,State Highway Agency,1,This section IS ON the NHS,0,No Special Jurisdiction,2203,2203,35.15546944,35.15546944,-111.25637778,-111.25637778,38,Fence,0,The First Harmful Event was Not a Collision with a Motor Vehicle in Transport,0,No,1,Non-Junction,1,Not an Intersection,4,On Roadside,0,None,1,Daylight,10,Cloudy,0,No,0000000,Not Applicable,12,12:00pm-12:59pm,51,51,13,1:00pm-1:59pm,17,17,88,Not Applicable (Not Transported),88,Not Applicable (Not Transported),1
4,Arizona,40469,0,0,1,1,0,3,3,13,MARICOPA (13),220,GOODYEAR,6,June,24,24,6,Friday,2022,3,3:00am-3:59am,6,6,SR-101 RAMP,NA,3,State Highway,2,Urban,1,Interstate,1,State Highway Agency,1,This section IS ON the NHS,0,No Special Jurisdiction,1,1,33.46195833,33.46195833,-112.26811389,-112.26811389,1,Rollover/Overturn,0,The First Harmful Event was Not a Collision with a Motor Vehicle in Transport,1,Yes,20,Entrance/Exit Ramp,1,Not an Intersection,1,On Roadway,0,None,3,Dark - Lighted,10,Cloudy,0,No,0000000,Not Applicable,3,3:00am-3:59am,7,7,3,3:00am-3:59am,17,17,3,3:00am-3:59am,58,58,2
4,Arizona,40470,0,0,2,2,0,9,9,1,APACHE (1),9997,Other,6,June,24,24,6,Friday,2022,5,5:00am-5:59am,52,52,I-40,NA,1,Interstate,1,Rural,1,Interstate,1,State Highway Agency,1,This section IS ON the NHS,0,No Special Jurisdiction,3140,3140,35.07911944,35.07911944,-109.72603611,-109.72603611,12,Motor Vehicle In-Transport,7,Sideswipe - Same Direction,0,No,1,Non-Junction,1,Not an Intersection,1,On Roadway,0,None,1,Daylight,1,Clear,0,No,0000000,Not Applicable,5,5:00am-5:59am,58,58,6,6:00am-6:59am,40,40,99,Unknown,99,Unknown EMS Hospital Arrival Time,1
4,Arizona,40471,0,0,1,1,0,1,1,13,MARICOPA (13),290,MESA,6,June,25,25,7,Saturday,2022,2,2:00am-2:59am,18,18,E UNIVERSITY DR,NA,8,Other,2,Urban,4,Minor Arterial,4,City or Municipal Highway Agency,0,This section IS NOT on the NHS,0,No Special Jurisdiction,203,203,33.4223,33.4223,-111.664475,-111.664475,40,Fire Hydrant,0,The First Harmful Event was Not a Collision with a Motor Vehicle in Transport,0,No,1,Non-Junction,1,Not an Intersection,4,On Roadside,0,None,3,Dark - Lighted,1,Clear,0,No,0000000,Not Applicable,99,Unknown,98,Unknown if Notified,99,Unknown EMS Scene Arrival Hour,98,Unknown if Arrived,88,Not Applicable (Not Transported),88,Not Applicable (Not Transported),1
4,Arizona,40472,0,0,2,2,0,2,2,19,PIMA (19),530,TUCSON,6,June,25,25,7,Saturday,2022,14,2:00pm-2:59pm,8,8,S HARRISON RD,E MILLMAR RD,8,Other,2,Urban,4,Minor Arterial,4,City or Municipal Highway Agency,0,This section IS NOT on the NHS,0,No Special Jurisdiction,163,163,32.17005,32.17005,-110.789725,-110.789725,12,Motor Vehicle In-Transport,6,Angle,0,No,2,Intersection,3,T-Intersection,1,On Roadway,0,None,1,Daylight,1,Clear,0,No,0000000,Not Applicable,14,2:00pm-2:59pm,8,8,14,2:00pm-2:59pm,9,9,88,Not Applicable (Not Transported),88,Not Applicable (Not Transported),1
4,Arizona,40473,0,0,2,2,0,4,4,25,YAVAPAI (25),362,PAULDEN,6,June,25,25,7,Saturday,2022,16,4:00pm-4:59pm,26,26,SR-89,NA,3,State Highway,1,Rural,4,Minor Arterial,1,State Highway Agency,0,This section IS NOT on the NHS,0,No Special Jurisdiction,868,868,34.99631389,34.99631389,-112.389675,-112.389675,12,Motor Vehicle In-Transport,2,Front-to-Front,0,No,1,Non-Junction,1,Not an Intersection,1,On Roadway,0,None,1,Daylight,10,Cloudy,0,No,0000000,Not Applicable,16,4:00pm-4:59pm,27,27,16,4:00pm-4:59pm,48,48,99,Unknown,99,Unknown EMS Hospital Arrival Time,1
4,Arizona,40474,0,0,2,2,0,5,5,13,MARICOPA (13),486,SURPRISE,6,June,25,25,7,Saturday,2022,23,11:00pm-11:59pm,56,56,US-60,NA,2,US Highway,1,Rural,3,Principal Arterial - Other,1,State Highway Agency,1,This section IS ON the NHS,0,No Special Jurisdiction,1030,1030,33.72789444,33.72789444,-112.46481944,-112.46481944,12,Motor Vehicle In-Transport,2,Front-to-Front,0,No,1,Non-Junction,1,Not an Intersection,1,On Roadway,0,None,2,Dark - Not Lighted,10,Cloudy,0,No,0000000,Not Applicable,0,0:00am-0:59am,2,2,0,0:00am-0:59am,10,10,99,Unknown,99,Unknown EMS Hospital Arrival Time,1
4,Arizona,40475,0,0,1,1,0,4,4,5,COCONINO (5),0,NOT APPLICABLE,6,June,26,26,1,Sunday,2022,14,2:00pm-2:59pm,2,2,I-40,NA,1,Interstate,1,Rural,1,Interstate,1,State Highway Agency,1,This section IS ON the NHS,0,No Special Jurisdiction,1556,1556,35.21954722,35.21954722,-112.30694722,-112.30694722,24,Guardrail Face,0,The First Harmful Event was Not a Collision with a Motor Vehicle in Transport,0,No,1,Non-Junction,1,Not an Intersection,4,On Roadside,0,None,1,Daylight,2,Rain,0,No,0000000,Not Applicable,14,2:00pm-2:59pm,23,23,14,2:00pm-2:59pm,52,52,99,Unknown,99,Unknown EMS Hospital Arrival Time,1
4,Arizona,40476,0,0,1,1,0,7,7,13,MARICOPA (13),0,NOT APPLICABLE,6,June,26,26,1,Sunday,2022,17,5:00pm-5:59pm,4,4,SR-87,NA,3,State Highway,1,Rural,3,Principal Arterial - Other,1,State Highway Agency,1,This section IS ON the NHS,0,No Special Jurisdiction,1038,1038,33.88079722,33.88079722,-111.454675,-111.454675,24,Guardrail Face,0,The First Harmful Event was Not a Collision with a Motor Vehicle in Transport,0,No,1,Non-Junction,1,Not an Intersection,4,On Roadside,0,None,1,Daylight,10,Cloudy,0,No,0000000,Not Applicable,17,5:00pm-5:59pm,8,8,17,5:00pm-5:59pm,40,40,99,Unknown,99,Unknown EMS Hospital Arrival Time,2
4,Arizona,40477,0,0,1,1,0,5,5,13,MARICOPA (13),370,PHOENIX,6,June,26,26,1,Sunday,2022,20,8:00pm-8:59pm,59,59,43RD AVENUE,NA,8,Other,2,Urban,4,Minor Arterial,2,County Highway Agency,0,This section IS NOT on the NHS,0,No Special Jurisdiction,42,42,33.3692,33.3692,-112.15210833,-112.15210833,1,Rollover/Overturn,0,The First Harmful Event was Not a Collision with a Motor Vehicle in Transport,0,No,1,Non-Junction,1,Not an Intersection,4,On Roadside,0,None,3,Dark - Lighted,10,Cloudy,0,No,0000000,Not Applicable,21,9:00pm-9:59pm,0,0,21,9:00pm-9:59pm,5,5,88,Not Applicable (Not Transported),88,Not Applicable (Not Transported),1
4,Arizona,40478,0,0,1,1,0,1,1,9,GRAHAM (9),0,NOT APPLICABLE,6,June,27,27,2,Monday,2022,0,0:00am-0:59am,31,31,US-191,NA,2,US Highway,1,Rural,4,Minor Arterial,1,State Highway Agency,0,This section IS NOT on the NHS,0,No Special Jurisdiction,1126,1126,32.71234167,32.71234167,-109.70789722,-109.70789722,30,Utility Pole/Light Support,0,The First Harmful Event was Not a Collision with a Motor Vehicle in Transport,0,No,1,Non-Junction,1,Not an Intersection,4,On Roadside,0,None,2,Dark - Not Lighted,2,Rain,0,No,0000000,Not Applicable,0,0:00am-0:59am,34,34,0,0:00am-0:59am,53,53,88,Not Applicable (Not Transported),88,Not Applicable (Not Transported),1