STATE,STATENAME,ST_CASE,PEDS,PERNOTMVIT,VE_TOTAL,VE_FORMS,PVH_INVL,PERSONS,PERMVIT,COUNTY,COUNTYNAME,CITY,CITYNAME,MONTH,MONTHNAME,DAY,DAYNAME,DAY_WEEK,DAY_WEEKNAME,YEAR,HOUR,HOURNAME,MINUTE,MINUTENAME,TWAY_ID,TWAY_ID2,ROUTE,ROUTENAME,RUR_URB,RUR_URBNAME,FUNC_SYS,FUNC_SYSNAME,RD_OWNER,RD_OWNERNAME,NHS,NHSNAME,SP_JUR,SP_JURNAME,MILEPT,MILEPTNAME,LATITUDE,LATITUDENAME,LONGITUD,LONGITUDNAME,HARM_EV,HARM_EVNAME,MAN_COLL,MAN_COLLNAME,RELJCT1,RELJCT1NAME,RELJCT2,RELJCT2NAME,TYP_INT,TYP_INTNAME,REL_ROAD,REL_ROADNAME,WRK_ZONE,WRK_ZONENAME,LGT_COND,LGT_CONDNAME,WEATHER,WEATHERNAME,SCH_BUS,SCH_BUSNAME,RAIL,RAILNAME,NOT_HOUR,NOT_HOURNAME,NOT_MIN,NOT_MINNAME,ARR_HOUR,ARR_HOURNAME,ARR_MIN,ARR_MINNAME,HOSP_HR,HOSP_HRNAME,HOSP_MN,HOSP_MNNAME,FATALS
4,Arizona,40519,0,0,3,3,0,4,4,13,MARICOPA (13),290,MESA,7,July,20,20,4,Wednesday,2022,5,5:00am-5:59am,36,36,US-60 RAMP,STAPLEY DR,2,US Highway,2,Urban,2,Principal Arterial - Other Freeways and Expressways,1,State Highway Agency,1,This section IS ON the NHS,0,No Special Jurisdiction,1,1,33.38562778,33.38562778,-111.80576389,-111.80576389,12,Motor Vehicle In-Transport,1,Front-to-Rear,1,Yes,3,Intersection-Related,2,Four-Way Intersection,1,On Roadway,0,None,4,Dawn,10,Cloudy,0,No,0000000,Not Applicable,5,5:00am-5:59am,36,36,5,5:00am-5:59am,56,56,6,6:00am-6:59am,38,38,1
4,Arizona,40521,1,1,1,1,0,1,1,19,PIMA (19),335,ORO VALLEY,7,July,21,21,5,Thursday,2022,1,1:00am-1:59am,43,43,SR-989,NA,3,State Highway,2,Urban,3,Principal Arterial - Other,1,State Highway Agency,0,This section IS NOT on the NHS,0,No Special Jurisdiction,10,10,32.42618611,32.42618611,-110.95276389,-110.95276389,8,Pedestrian,0,The First Harmful Event was Not a Collision with a Motor Vehicle in Transport,0,No,1,Non-Junction,1,Not an Intersection,1,On Roadway,0,None,2,Dark - Not Lighted,10,Cloudy,0,No,0000000,Not Applicable,1,1:00am-1:59am,43,43,1,1:00am-1:59am,50,50,2,2:00am-2:59am,32,32,1
4,Arizona,40522,1,1,1,1,0,1,1,19,PIMA (19),0,NOT APPLICABLE,7,July,21,21,5,Thursday,2022,4,4:00am-4:59am,26,26,BOPP RD,IRENE BLVD,9,Unknown,2,Urban,6,Minor Collector,98,Not Reported,0,This section IS NOT on the NHS,0,No Special Jurisdiction,2,2,32.17559167,32.17559167,-111.18793056,-111.18793056,8,Pedestrian,0,The First Harmful Event was Not a Collision with a Motor Vehicle in Transport,0,No,3,Intersection-Related,2,Four-Way Intersection,1,On Roadway,0,None,1,Daylight,1,Clear,0,No,0000000,Not Applicable,4,4:00am-4:59am,26,26,4,4:00am-4:59am,44,44,88,Not Applicable (Not Transported),88,Not Applicable (Not Transported),1
4,Arizona,40523,0,0,1,1,0,1,1,13,MARICOPA (13),0,NOT APPLICABLE,7,July,21,21,5,Thursday,2022,21,9:00pm-9:59pm,57,57,I-17,NA,1,Interstate,2,Urban,1,Interstate,1,State Highway Agency,1,This section IS ON the NHS,0,No Special Jurisdiction,350,350,33.87120556,33.87120556,-112.14651389,-112.14651389,1,Rollover/Overturn,0,The First Harmful Event was Not a Collision with a Motor Vehicle in Transport,1,Yes,19,Other location within Interchange Area,1,Not an Intersection,4,On Roadside,0,None,2,Dark - Not Lighted,1,Clear,0,No,0000000,Not Applicable,21,9:00pm-9:59pm,57,57,22,10:00pm-10:59pm,11,11,88,Not Applicable (Not Transported),88,Not Applicable (Not Transported),1
4,Arizona,40524,0,0,2,2,0,2,2,13,MARICOPA (13),290,MESA,7,July,21,21,5,Thursday,2022,22,10:00pm-10:59pm,9,9,W RIO SALADO PKWY,N MAY ST,8,Other,2,Urban,4,Minor Arterial,4,City or Municipal Highway Agency,0,This section IS NOT on the NHS,0,No Special Jurisdiction,1,1,33.42938333,33.42938333,-111.88025,-111.88025,12,Motor Vehicle In-Transport,6,Angle,0,No,2,Intersection,2,Four-Way Intersection,1,On Roadway,0,None,3,Dark - Lighted,10,Cloudy,0,No,0000000,Not Applicable,22,10:00pm-10:59pm,9,9,22,10:00pm-10:59pm,15,15,22,10:00pm-10:59pm,30,30,1
4,Arizona,40525,0,0,2,2,0,9,9,13,MARICOPA (13),370,PHOENIX,7,July,22,22,6,Friday,2022,1,1:00am-1:59am,51,51,N 43RD AVE,W THUNDERBIRD RD,8,Other,2,Urban,4,Minor Arterial,4,City or Municipal Highway Agency,0,This section IS NOT on the NHS,0,No Special Jurisdiction,208,208,33.61066944,33.61066944,-112.15112778,-112.15112778,12,Motor Vehicle In-Transport,6,Angle,0,No,2,Intersection,2,Four-Way Intersection,1,On Roadway,0,None,3,Dark - Lighted,1,Clear,0,No,0000000,Not Applicable,99,Unknown,99,Unknown,99,Unknown EMS Scene Arrival Hour,99,Unknown EMS Scene Arrival Minutes,99,Unknown,99,Unknown EMS Hospital Arrival Time,4
4,Arizona,40526,0,0,2,2,0,3,3,19,PIMA (19),530,TUCSON,7,July,22,22,6,Friday,2022,9,9:00am-9:59am,40,40,FLOWING WELLS RD,PRINCE RD,8,Other,2,Urban,4,Minor Arterial,4,City or Municipal Highway Agency,0,This section IS NOT on the NHS,0,No Special Jurisdiction,17,17,32.27213611,32.27213611,-110.995,-110.995,12,Motor Vehicle In-Transport,2,Front-to-Front,0,No,2,Intersection,2,Four-Way Intersection,1,On Roadway,0,None,1,Daylight,1,Clear,0,No,0000000,Not Applicable,7,7:00am-7:59am,15,15,8,8:00am-8:59am,17,17,7,7:00am-7:59am,44,44,1
4,Arizona,40527,0,0,1,1,0,1,1,19,PIMA (19),530,TUCSON,7,July,23,23,7,Saturday,2022,20,8:00pm-8:59pm,30,30,N DAVIDSON RD,E COSTELLO RANCH PL,8,Other,1,Rural,7,Local,98,Not Reported,0,This section IS NOT on the NHS,0,No Special Jurisdiction,0,None,31.99866944,31.99866944,-110.689275,-110.689275,31,"Post, Pole or Other Supports",0,The First Harmful Event was Not a Collision with a Motor Vehicle in Transport,0,No,3,Intersection-Related,3,T-Intersection,4,On Roadside,0,None,2,Dark - Not Lighted,10,Cloudy,0,No,0000000,Not Applicable,20,8:00pm-8:59pm,43,43,20,8:00pm-8:59pm,50,50,99,Unknown,99,Unknown EMS Hospital Arrival Time,1
4,Arizona,40529,0,0,1,1,0,4,4,13,MARICOPA (13),60,BUCKEYE,7,July,24,24,1,Sunday,2022,9,9:00am-9:59am,50,50,I-10,NA,1,Interstate,2,Urban,1,Interstate,1,State Highway Agency,1,This section IS ON the NHS,0,No Special Jurisdiction,1160,1160,33.44164444,33.44164444,-112.56653056,-112.56653056,1,Rollover/Overturn,0,The First Harmful Event was Not a Collision with a Motor Vehicle in Transport,0,No,1,Non-Junction,1,Not an Intersection,4,On Roadside,1,Construction,1,Daylight,2,Rain,0,No,0000000,Not Applicable,9,9:00am-9:59am,54,54,10,10:00am-10:59am,0,0,10,10:00am-10:59am,9,9,1
4,Arizona,40530,0,0,3,3,0,3,3,13,MARICOPA (13),420,SCOTTSDALE,7,July,24,24,1,Sunday,2022,10,10:00am-10:59am,37,37,SCOTTSDALE RD,NONE,6,Local Street - Municipality,2,Urban,3,Principal Arterial - Other,4,City or Municipal Highway Agency,1,This section IS ON the NHS,0,No Special Jurisdiction,26,26,33.46750833,33.46750833,-111.92634444,-111.92634444,12,Motor Vehicle In-Transport,2,Front-to-Front,0,No,2,Intersection,3,T-Intersection,1,On Roadway,0,None,1,Daylight,1,Clear,0,No,0000000,Not Applicable,10,10:00am-10:59am,39,39,10,10:00am-10:59am,42,42,10,10:00am-10:59am,57,57,1
4,Arizona,40531,0,0,2,2,0,3,3,21,PINAL (21),70,CASA GRANDE,7,July,24,24,1,Sunday,2022,16,4:00pm-4:59pm,20,20,I-10 RAMP,NA,1,Interstate,1,Rural,1,Interstate,1,State Highway Agency,1,This section IS ON the NHS,0,No Special Jurisdiction,1994,1994,32.81637222,32.81637222,-111.68201667,-111.68201667,12,Motor Vehicle In-Transport,7,Sideswipe - Same Direction,1,Yes,20,Entrance/Exit Ramp,1,Not an Intersection,1,On Roadway,0,None,1,Daylight,1,Clear,0,No,0000000,Not Applicable,16,4:00pm-4:59pm,26,26,16,4:00pm-4:59pm,32,32,99,Unknown,99,Unknown EMS Hospital Arrival Time,1
4,Arizona,40532,0,0,1,1,0,1,1,17,NAVAJO (17),610,WINSLOW,7,July,24,24,1,Sunday,2022,18,6:00pm-6:59pm,57,57,SR-99,NA,3,State Highway,1,Rural,6,Minor Collector,1,State Highway Agency,0,This section IS NOT on the NHS,0,No Special Jurisdiction,105,105,34.96777222,34.96777222,-110.64661944,-110.64661944,24,Guardrail Face,0,The First Harmful Event was Not a Collision with a Motor Vehicle in Transport,0,No,1,Non-Junction,1,Not an Intersection,4,On Roadside,0,None,1,Daylight,10,Cloudy,0,No,0000000,Not Applicable,18,6:00pm-6:59pm,57,57,19,7:00pm-7:59pm,7,7,88,Not Applicable (Not Transported),88,Not Applicable (Not Transported),1
4,Arizona,40533,1,1,1,1,0,1,1,19,PIMA (19),530,TUCSON,7,July,25,25,2,Monday,2022,0,0:00am-0:59am,50,50,GATES PASS RD,NA,8,Other,1,Rural,5,Major Collector,2,County Highway Agency,0,This section IS NOT on the NHS,0,No Special Jurisdiction,5,5,32.22135,32.22135,-111.12386389,-111.12386389,59,Traffic Sign Support,0,The First Harmful Event was Not a Collision with a Motor Vehicle in Transport,0,No,1,Non-Junction,1,Not an Intersection,4,On Roadside,0,None,2,Dark - Not Lighted,10,Cloudy,0,No,0000000,Not Applicable,88,Not Applicable (Not Notified),88,Not Applicable (Not Notified),88,Not Applicable,88,Not Applicable,88,Not Applicable (Not Transported),88,Not Applicable (Not Transported),1
4,Arizona,40534,0,0,1,1,0,1,1,13,MARICOPA (13),370,PHOENIX,7,July,25,25,2,Monday,2022,6,6:00am-6:59am,9,9,I-17 EXIT,NA,1,Interstate,2,Urban,1,Interstate,1,State Highway Agency,1,This section IS ON the NHS,0,No Special Jurisdiction,1,1,33.46416944,33.46416944,-112.10974167,-112.10974167,20,Impact Attenuator/Crash Cushion,0,The First Harmful Event was Not a Collision with a Motor Vehicle in Transport,1,Yes,5,Entrance/Exit Ramp Related,1,Not an Intersection,8,Gore,0,None,1,Daylight,10,Cloudy,0,No,0000000,Not Applicable,6,6:00am-6:59am,13,13,6,6:00am-6:59am,25,25,6,6:00am-6:59am,45,45,1
4,Arizona,40535,0,0,2,2,0,5,5,19,PIMA (19),530,TUCSON,7,July,26,26,3,Tuesday,2022,8,8:00am-8:59am,2,2,SAHUARITA RD,SYCAMORE RIDGE TRL,9,Unknown,2,Urban,3,Principal Arterial - Other,2,County Highway Agency,0,This section IS NOT on the NHS,0,No Special Jurisdiction,113,113,31.96318611,31.96318611,-110.80256944,-110.80256944,12,Motor Vehicle In-Transport,1,Front-to-Rear,0,No,2,Intersection,3,T-Intersection,1,On Roadway,0,None,1,Daylight,10,Cloudy,0,No,0000000,Not Applicable,8,8:00am-8:59am,4,4,8,8:00am-8:59am,15,15,8,8:00am-8:59am,39,39,1
4,Arizona,40536,0,0,3,3,0,6,6,5,COCONINO (5),0,NOT APPLICABLE,7,July,26,26,3,Tuesday,2022,14,2:00pm-2:59pm,30,30,I-40,NA,1,Interstate,1,Rural,1,Interstate,1,State Highway Agency,1,This section IS ON the NHS,0,No Special Jurisdiction,1535,1535,35.21709722,35.21709722,-112.34877778,-112.34877778,1,Rollover/Overturn,0,The First Harmful Event was Not a Collision with a Motor Vehicle in Transport,0,No,1,Non-Junction,1,Not an Intersection,1,On Roadway,0,None,1,Daylight,2,Rain,0,No,0000000,Not Applicable,14,2:00pm-2:59pm,32,32,14,2:00pm-2:59pm,50,50,99,Unknown,99,Unknown EMS Hospital Arrival Time,3
4,Arizona,40537,0,0,2,2,0,3,3,13,MARICOPA (13),368,PEORIA,7,July,26,26,3,Tuesday,2022,15,3:00pm-3:59pm,15,15,N 84TH AVE,NA,9,Unknown,2,Urban,5,Major Collector,4,City or Municipal Highway Agency,0,This section IS NOT on the NHS,0,No Special Jurisdiction,189,189,33.63610833,33.63610833,-112.24201667,-112.24201667,12,Motor Vehicle In-Transport,2,Front-to-Front,0,No,1,Non-Junction,1,Not an Intersection,1,On Roadway,0,None,1,Daylight,1,Clear,0,No,0000000,Not Applicable,15,3:00pm-3:59pm,15,15,15,3:00pm-3:59pm,22,22,88,Not Applicable (Not Transported),88,Not Applicable (Not Transported),1
4,Arizona,40538,0,0,2,2,0,6,6,13,MARICOPA (13),510,TOLLESON,7,July,26,26,3,Tuesday,2022,15,3:00pm-3:59pm,51,51,N 99TH AVE,I-10 RAMP,8,Other,2,Urban,4,Minor Arterial,1,State Highway Agency,0,This section IS NOT on the NHS,0,No Special Jurisdiction,189,189,33.46231944,33.46231944,-112.27252778,-112.27252778,12,Motor Vehicle In-Transport,6,Angle,1,Yes,2,Intersection,2,Four-Way Intersection,1,On Roadway,0,None,1,Daylight,10,Cloudy,0,No,0000000,Not Applicable,15,3:00pm-3:59pm,51,51,15,3:00pm-3:59pm,54,54,99,Unknown,99,Unknown EMS Hospital Arrival Time,1
4,Arizona,40539,0,0,2,2,0,5,5,3,COCHISE (3),40,BENSON,7,July,28,28,5,Thursday,2022,15,3:00pm-3:59pm,51,51,SR-90,S VILLAGE LOOP,3,State Highway,1,Rural,3,Principal Arterial - Other,1,State Highway Agency,1,This section IS ON the NHS,0,No Special Jurisdiction,3,3,31.96176944,31.96176944,-110.34539167,-110.34539167,12,Motor Vehicle In-Transport,2,Front-to-Front,0,No,3,Intersection-Related,2,Four-Way Intersection,1,On Roadway,0,None,1,Daylight,10,Cloudy,0,No,0000000,Not Applicable,15,3:00pm-3:59pm,51,51,16,4:00pm-4:59pm,0,0,99,Unknown,99,Unknown EMS Hospital Arrival Time,1
4,Arizona,40540,0,0,1,1,0,4,4,7,GILA (7),395,ROOSEVELT,7,July,30,30,7,Saturday,2022,22,10:00pm-10:59pm,17,17,FOREST SERVICE RD 396,NA,9,Unknown,1,Rural,98,Not Reported,98,Not Reported,0,This section IS NOT on the NHS,0,No Special Jurisdiction,0,None,33.59966944,33.59966944,-110.99256111,-110.99256111,1,Rollover/Overturn,0,The First Harmful Event was Not a Collision with a Motor Vehicle in Transport,0,No,1,Non-Junction,1,Not an Intersection,4,On Roadside,0,None,2,Dark - Not Lighted,1,Clear,0,No,0000000,Not Applicable,22,10:00pm-10:59pm,17,17,22,10:00pm-10:59pm,30,30,23,11:00pm-11:59pm,59,59,1
4,Arizona,40541,0,0,2,2,0,3,3,15,MOHAVE (15),260,KINGMAN,7,July,31,31,1,Sunday,2022,1,1:00am-1:59am,4,4,SR-66,NA,3,State Highway,1,Rural,5,Major Collector,1,State Highway Agency,0,This section IS NOT on the NHS,0,No Special Jurisdiction,75,75,35.30156111,35.30156111,-113.93014167,-113.93014167,12,Motor Vehicle In-Transport,2,Front-to-Front,0,No,1,Non-Junction,1,Not an Intersection,1,On Roadway,0,None,2,Dark - Not Lighted,1,Clear,0,No,0000000,Not Applicable,1,1:00am-1:59am,5,5,1,1:00am-1:59am,55,55,88,Not Applicable (Not Transported),88,Not Applicable (Not Transported),3
4,Arizona,40542,0,0,1,1,0,1,1,13,MARICOPA (13),200,GLENDALE,7,July,31,31,1,Sunday,2022,1,1:00am-1:59am,28,28,N 95TH AVE,NA,6,Local Street - Municipality,2,Urban,5,Major Collector,4,City or Municipal Highway Agency,0,This section IS NOT on the NHS,0,No Special Jurisdiction,0,None,33.51526944,33.51526944,-112.26385833,-112.26385833,1,Rollover/Overturn,0,The First Harmful Event was Not a Collision with a Motor Vehicle in Transport,0,No,1,Non-Junction,1,Not an Intersection,1,On Roadway,0,None,3,Dark - Lighted,1,Clear,0,No,0000000,Not Applicable,1,1:00am-1:59am,29,29,1,1:00am-1:59am,36,36,1,1:00am-1:59am,53,53,1
4,Arizona,40543,0,0,4,4,0,4,4,13,MARICOPA (13),200,GLENDALE,7,July,31,31,1,Sunday,2022,2,2:00am-2:59am,32,32,N 51ST AVE,W UNION HILLS DR,6,Local Street - Municipality,2,Urban,3,Principal Arterial - Other,4,City or Municipal Highway Agency,1,This section IS ON the NHS,0,No Special Jurisdiction,0,None,33.65458333,33.65458333,-112.16890833,-112.16890833,12,Motor Vehicle In-Transport,6,Angle,0,No,2,Intersection,2,Four-Way Intersection,1,On Roadway,0,None,3,Dark - Lighted,1,Clear,0,No,0000000,Not Applicable,99,Unknown,99,Unknown,99,Unknown EMS Scene Arrival Hour,99,Unknown EMS Scene Arrival Minutes,99,Unknown,99,Unknown EMS Hospital Arrival Time,1
4,Arizona,40544,0,0,1,1,0,2,2,13,MARICOPA (13),290,MESA,7,July,31,31,1,Sunday,2022,15,3:00pm-3:59pm,10,10,N GILBERT RD,NA,6,Local Street - Municipality,2,Urban,4,Minor Arterial,4,City or Municipal Highway Agency,0,This section IS NOT on the NHS,0,No Special Jurisdiction,0,None,33.42611944,33.42611944,-111.78829167,-111.78829167,31,"Post, Pole or Other Supports",0,The First Harmful Event was Not a Collision with a Motor Vehicle in Transport,0,No,1,Non-Junction,1,Not an Intersection,4,On Roadside,0,None,1,Daylight,10,Cloudy,0,No,0000000,Not Applicable,15,3:00pm-3:59pm,10,10,15,3:00pm-3:59pm,15,15,99,Unknown,99,Unknown EMS Hospital Arrival Time,1
4,Arizona,40545,0,0,1,1,0,1,1,13,MARICOPA (13),486,SURPRISE,7,July,31,31,1,Sunday,2022,15,3:00pm-3:59pm,0,0,N EL MIRAGE RD,NA,6,Local Street - Municipality,2,Urban,4,Minor Arterial,2,County Highway Agency,0,This section IS NOT on the NHS,0,No Special Jurisdiction,0,None,33.68181944,33.68181944,-112.32355,-112.32355,1,Rollover/Overturn,0,The First Harmful Event was Not a Collision with a Motor Vehicle in Transport,0,No,1,Non-Junction,1,Not an Intersection,3,On Median,0,None,1,Daylight,10,Cloudy,0,No,0000000,Not Applicable,15,3:00pm-3:59pm,1,1,15,3:00pm-3:59pm,8,8,88,Not Applicable (Not Transported),88,Not Applicable (Not Transported),1
4,Arizona,40546,1,1,3,3,0,4,4,1,APACHE (1),79,CHAMBERS,7,July,31,31,1,Sunday,2022,20,8:00pm-8:59pm,7,7,I-40,NA,1,Interstate,1,Rural,1,Interstate,1,State Highway Agency,1,This section IS ON the NHS,0,No Special Jurisdiction,3177,3177,35.09534167,35.09534167,-109.6699,-109.6699,8,Pedestrian,0,The First Harmful Event was Not a Collision with a Motor Vehicle in Transport,0,No,1,Non-Junction,1,Not an Intersection,1,On Roadway,0,None,2,Dark - Not Lighted,10,Cloudy,0,No,0000000,Not Applicable,20,8:00pm-8:59pm,7,7,20,8:00pm-8:59pm,28,28,88,Not Applicable (Not Transported),88,Not Applicable (Not Transported),1
4,Arizona,40547,1,1,1,1,0,2,2,13,MARICOPA (13),368,PEORIA,4,April,9,9,7,Saturday,2022,1,1:00am-1:59am,6,6,W PEORIA AVE,N 37TH AVE,6,Local Street - Municipality,2,Urban,4,Minor Arterial,4,City or Municipal Highway Agency,0,This section IS NOT on the NHS,0,No Special Jurisdiction,0,None,33.5821,33.5821,-112.13790278,-112.13790278,8,Pedestrian,0,The First Harmful Event was Not a Collision with a Motor Vehicle in Transport,0,No,3,Intersection-Related,3,T-Intersection,1,On Roadway,0,None,3,Dark - Lighted,1,Clear,0,No,0000000,Not Applicable,99,Unknown,99,Unknown,99,Unknown EMS Scene Arrival Hour,99,Unknown EMS Scene Arrival Minutes,99,Unknown,98,Unknown if Transported,1
4,Arizona,40548,0,0,4,4,0,6,6,13,MARICOPA (13),290,MESA,8,August,1,1,2,Monday,2022,18,6:00pm-6:59pm,9,9,US-60,NA,2,US Highway,2,Urban,2,Principal Arterial - Other Freeways and Expressways,1,State Highway Agency,1,This section IS ON the NHS,0,No Special Jurisdiction,1466,1466,33.38560833,33.38560833,-111.86460278,-111.86460278,12,Motor Vehicle In-Transport,1,Front-to-Rear,0,No,1,Non-Junction,1,Not an Intersection,1,On Roadway,0,None,1,Daylight,1,Clear,0,No,0000000,Not Applicable,18,6:00pm-6:59pm,8,8,18,6:00pm-6:59pm,14,14,18,6:00pm-6:59pm,34,34,1
4,Arizona,40549,1,1,1,1,0,2,2,13,MARICOPA (13),290,MESA,8,August,1,1,2,Monday,2022,20,8:00pm-8:59pm,16,16,MCKELLIPS RD,NA,6,Local Street - Municipality,2,Urban,4,Minor Arterial,4,City or Municipal Highway Agency,0,This section IS NOT on the NHS,0,No Special Jurisdiction,65,65,33.45153056,33.45153056,-111.82817778,-111.82817778,8,Pedestrian,0,The First Harmful Event was Not a Collision with a Motor Vehicle in Transport,0,No,1,Non-Junction,1,Not an Intersection,1,On Roadway,0,None,3,Dark - Lighted,1,Clear,0,No,0000000,Not Applicable,20,8:00pm-8:59pm,18,18,20,8:00pm-8:59pm,20,20,20,8:00pm-8:59pm,38,38,1
4,Arizona,40550,0,0,2,2,0,2,2,19,PIMA (19),530,TUCSON,8,August,2,2,3,Tuesday,2022,15,3:00pm-3:59pm,52,52,SR-86,TUCSON ESTATES PKWY,3,State Highway,2,Urban,4,Minor Arterial,1,State Highway Agency,0,This section IS NOT on the NHS,0,No Special Jurisdiction,1111,1111,32.16459722,32.16459722,-111.09609722,-111.09609722,12,Motor Vehicle In-Transport,6,Angle,0,No,2,Intersection,3,T-Intersection,1,On Roadway,0,None,1,Daylight,10,Cloudy,0,No,0000000,Not Applicable,15,3:00pm-3:59pm,54,54,16,4:00pm-4:59pm,0,0,17,5:00pm-5:59pm,15,15,1
4,Arizona,40551,0,0,2,2,0,4,4,13,MARICOPA (13),486,SURPRISE,8,August,3,3,4,Wednesday,2022,20,8:00pm-8:59pm,54,54,SR-303,NA,3,State Highway,2,Urban,2,Principal Arterial - Other Freeways and Expressways,1,State Highway Agency,1,This section IS ON the NHS,0,No Special Jurisdiction,140,140,33.646275,33.646275,-112.4178,-112.4178,12,Motor Vehicle In-Transport,2,Front-to-Front,0,No,1,Non-Junction,1,Not an Intersection,1,On Roadway,0,None,3,Dark - Lighted,1,Clear,0,No,0000000,Not Applicable,20,8:00pm-8:59pm,55,55,21,9:00pm-9:59pm,1,1,21,9:00pm-9:59pm,18,18,2
4,Arizona,40552,1,1,1,1,0,1,1,5,COCONINO (5),170,FLAGSTAFF,8,August,3,3,4,Wednesday,2022,21,9:00pm-9:59pm,29,29,BUTLER AVE,NA,6,Local Street - Municipality,2,Urban,4,Minor Arterial,4,City or Municipal Highway Agency,0,This section IS NOT on the NHS,0,No Special Jurisdiction,15,15,35.19221667,35.19221667,-111.62531667,-111.62531667,8,Pedestrian,0,The First Harmful Event was Not a Collision with a Motor Vehicle in Transport,0,No,1,Non-Junction,1,Not an Intersection,1,On Roadway,0,None,3,Dark - Lighted,10,Cloudy,0,No,0000000,Not Applicable,21,9:00pm-9:59pm,29,29,21,9:00pm-9:59pm,34,34,88,Not Applicable (Not Transported),88,Not Applicable (Not Transported),1
4,Arizona,40553,2,2,1,1,0,1,1,21,PINAL (21),0,NOT APPLICABLE,8,August,3,3,4,Wednesday,2022,23,11:00pm-11:59pm,23,23,I-10,NA,1,Interstate,2,Urban,1,Interstate,1,State Highway Agency,1,This section IS ON the NHS,0,No Special Jurisdiction,2105,2105,32.726775,32.726775,-111.52247778,-111.52247778,8,Pedestrian,0,The First Harmful Event was Not a Collision with a Motor Vehicle in Transport,0,No,1,Non-Junction,1,Not an Intersection,1,On Roadway,1,Construction,2,Dark - Not Lighted,10,Cloudy,0,No,0000000,Not Applicable,23,11:00pm-11:59pm,9,9,23,11:00pm-11:59pm,31,31,99,Unknown,99,Unknown EMS Hospital Arrival Time,1
4,Arizona,40554,0,0,1,1,0,2,2,21,PINAL (21),0,NOT APPLICABLE,8,August,4,4,5,Thursday,2022,7,7:00am-7:59am,30,30,I-8,NA,1,Interstate,1,Rural,1,Interstate,1,State Highway Agency,1,This section IS ON the NHS,0,No Special Jurisdiction,1508,1508,32.83457778,32.83457778,-112.13973333,-112.13973333,1,Rollover/Overturn,0,The First Harmful Event was Not a Collision with a Motor Vehicle in Transport,0,No,1,Non-Junction,1,Not an Intersection,4,On Roadside,0,None,1,Daylight,10,Cloudy,0,No,0000000,Not Applicable,7,7:00am-7:59am,33,33,8,8:00am-8:59am,14,14,88,Not Applicable (Not Transported),88,Not Applicable (Not Transported),2
4,Arizona,40555,0,0,2,2,0,2,2,5,COCONINO (5),170,FLAGSTAFF,8,August,4,4,5,Thursday,2022,9,9:00am-9:59am,41,41,SR-40B COUNTRY CLUB DR,I-40 RAMP,3,State Highway,2,Urban,1,Interstate,1,State Highway Agency,1,This section IS ON the NHS,0,No Special Jurisdiction,98,98,35.21572222,35.21572222,-111.58158333,-111.58158333,12,Motor Vehicle In-Transport,6,Angle,1,Yes,2,Intersection,2,Four-Way Intersection,1,On Roadway,0,None,1,Daylight,10,Cloudy,0,No,0000000,Not Applicable,9,9:00am-9:59am,41,41,9,9:00am-9:59am,46,46,88,Not Applicable (Not Transported),88,Not Applicable (Not Transported),1
4,Arizona,40556,0,0,1,1,0,1,1,13,MARICOPA (13),370,PHOENIX,8,August,4,4,5,Thursday,2022,11,11:00am-11:59am,53,53,E BROADWAY RD,NA,6,Local Street - Municipality,2,Urban,4,Minor Arterial,4,City or Municipal Highway Agency,0,This section IS NOT on the NHS,0,No Special Jurisdiction,643,643,33.40828889,33.40828889,-111.77974722,-111.77974722,46,Traffic Signal Support,0,The First Harmful Event was Not a Collision with a Motor Vehicle in Transport,0,No,1,Non-Junction,1,Not an Intersection,4,On Roadside,0,None,1,Daylight,10,Cloudy,0,No,0000000,Not Applicable,11,11:00am-11:59am,55,55,11,11:00am-11:59am,59,59,12,12:00pm-12:59pm,19,19,1
4,Arizona,40557,0,0,1,1,0,1,1,19,PIMA (19),530,TUCSON,8,August,4,4,5,Thursday,2022,11,11:00am-11:59am,53,53,I-10,NA,1,Interstate,2,Urban,1,Interstate,1,State Highway Agency,1,This section IS ON the NHS,0,No Special Jurisdiction,2796,2796,32.02450556,32.02450556,-110.71667222,-110.71667222,1,Rollover/Overturn,0,The First Harmful Event was Not a Collision with a Motor Vehicle in Transport,1,Yes,19,Other location within Interchange Area,1,Not an Intersection,3,On Median,0,None,1,Daylight,1,Clear,0,No,0000000,Not Applicable,11,11:00am-11:59am,54,54,12,12:00pm-12:59pm,0,0,88,Not Applicable (Not Transported),88,Not Applicable (Not Transported),1