STATE,STATENAME,ST_CASE,PEDS,PERNOTMVIT,VE_TOTAL,VE_FORMS,PVH_INVL,PERSONS,PERMVIT,COUNTY,COUNTYNAME,CITY,CITYNAME,MONTH,MONTHNAME,DAY,DAYNAME,DAY_WEEK,DAY_WEEKNAME,YEAR,HOUR,HOURNAME,MINUTE,MINUTENAME,TWAY_ID,TWAY_ID2,ROUTE,ROUTENAME,RUR_URB,RUR_URBNAME,FUNC_SYS,FUNC_SYSNAME,RD_OWNER,RD_OWNERNAME,NHS,NHSNAME,SP_JUR,SP_JURNAME,MILEPT,MILEPTNAME,LATITUDE,LATITUDENAME,LONGITUD,LONGITUDNAME,HARM_EV,HARM_EVNAME,MAN_COLL,MAN_COLLNAME,RELJCT1,RELJCT1NAME,RELJCT2,RELJCT2NAME,TYP_INT,TYP_INTNAME,REL_ROAD,REL_ROADNAME,WRK_ZONE,WRK_ZONENAME,LGT_COND,LGT_CONDNAME,WEATHER,WEATHERNAME,SCH_BUS,SCH_BUSNAME,RAIL,RAILNAME,NOT_HOUR,NOT_HOURNAME,NOT_MIN,NOT_MINNAME,ARR_HOUR,ARR_HOURNAME,ARR_MIN,ARR_MINNAME,HOSP_HR,HOSP_HRNAME,HOSP_MN,HOSP_MNNAME,FATALS
4,Arizona,40642,0,0,2,2,0,4,4,13,MARICOPA (13),370,PHOENIX,9,September,16,16,6,Friday,2022,10,10:00am-10:59am,4,4,N 24TH ST,E VAN BUREN ST,6,Local Street - Municipality,2,Urban,4,Minor Arterial,4,City or Municipal Highway Agency,0,This section IS NOT on the NHS,0,No Special Jurisdiction,0,None,33.45130556,33.45130556,-112.03012222,-112.03012222,12,Motor Vehicle In-Transport,6,Angle,0,No,2,Intersection,2,Four-Way Intersection,1,On Roadway,0,None,1,Daylight,1,Clear,0,No,0000000,Not Applicable,99,Unknown,99,Unknown,99,Unknown EMS Scene Arrival Hour,99,Unknown EMS Scene Arrival Minutes,99,Unknown,99,Unknown EMS Hospital Arrival Time,1
4,Arizona,40643,0,0,4,4,0,9,9,1,APACHE (1),0,NOT APPLICABLE,9,September,17,17,7,Saturday,2022,15,3:00pm-3:59pm,29,29,I-40,NA,1,Interstate,1,Rural,1,Interstate,1,State Highway Agency,1,This section IS ON the NHS,0,No Special Jurisdiction,3137,3137,35.07665,35.07665,-109.73436389,-109.73436389,35,Embankment,0,The First Harmful Event was Not a Collision with a Motor Vehicle in Transport,0,No,1,Non-Junction,1,Not an Intersection,3,On Median,0,None,1,Daylight,1,Clear,0,No,0000000,Not Applicable,15,3:00pm-3:59pm,30,30,15,3:00pm-3:59pm,52,52,88,Not Applicable (Not Transported),88,Not Applicable (Not Transported),1
4,Arizona,40645,0,0,2,2,0,5,5,25,YAVAPAI (25),428,Sedona,9,September,18,18,1,Sunday,2022,14,2:00pm-2:59pm,18,18,I-17 - J RAMP,SR-179,1,Interstate,1,Rural,1,Interstate,1,State Highway Agency,1,This section IS ON the NHS,0,No Special Jurisdiction,1035,1035,34.69039722,34.69039722,-111.74394444,-111.74394444,12,Motor Vehicle In-Transport,6,Angle,1,Yes,2,Intersection,2,Four-Way Intersection,1,On Roadway,0,None,1,Daylight,1,Clear,0,No,0000000,Not Applicable,14,2:00pm-2:59pm,20,20,14,2:00pm-2:59pm,32,32,88,Not Applicable (Not Transported),88,Not Applicable (Not Transported),4
4,Arizona,40646,1,1,1,1,0,1,1,13,MARICOPA (13),290,MESA,9,September,18,18,1,Sunday,2022,19,7:00pm-7:59pm,58,58,E BROADWAY RD,NA,6,Local Street - Municipality,2,Urban,4,Minor Arterial,4,City or Municipal Highway Agency,0,This section IS NOT on the NHS,0,No Special Jurisdiction,0,None,33.40779167,33.40779167,-111.81687222,-111.81687222,8,Pedestrian,0,The First Harmful Event was Not a Collision with a Motor Vehicle in Transport,0,No,1,Non-Junction,1,Not an Intersection,1,On Roadway,0,None,3,Dark - Lighted,1,Clear,0,No,0000000,Not Applicable,19,7:00pm-7:59pm,58,58,20,8:00pm-8:59pm,2,2,99,Unknown,98,Unknown if Transported,1
4,Arizona,40647,0,0,4,4,0,4,4,13,MARICOPA (13),290,MESA,9,September,19,19,2,Monday,2022,17,5:00pm-5:59pm,11,11,E PUEBLO AVE,S VAL VISTA DR,6,Local Street - Municipality,2,Urban,4,Minor Arterial,4,City or Municipal Highway Agency,0,This section IS NOT on the NHS,0,No Special Jurisdiction,0,None,33.40068333,33.40068333,-111.75375833,-111.75375833,12,Motor Vehicle In-Transport,1,Front-to-Rear,0,No,3,Intersection-Related,2,Four-Way Intersection,1,On Roadway,0,None,1,Daylight,1,Clear,0,No,0000000,Not Applicable,17,5:00pm-5:59pm,12,12,17,5:00pm-5:59pm,15,15,99,Unknown,99,Unknown EMS Hospital Arrival Time,1
4,Arizona,40648,2,2,1,1,0,1,1,19,PIMA (19),530,TUCSON,9,September,20,20,3,Tuesday,2022,19,7:00pm-7:59pm,15,15,E BROADWAY BVLD,N PLANTO RD,6,Local Street - Municipality,2,Urban,3,Principal Arterial - Other,4,City or Municipal Highway Agency,0,This section IS NOT on the NHS,0,No Special Jurisdiction,0,None,32.22116667,32.22116667,-110.82376667,-110.82376667,8,Pedestrian,0,The First Harmful Event was Not a Collision with a Motor Vehicle in Transport,0,No,3,Intersection-Related,2,Four-Way Intersection,1,On Roadway,0,None,3,Dark - Lighted,10,Cloudy,0,No,0000000,Not Applicable,19,7:00pm-7:59pm,0,0,19,7:00pm-7:59pm,45,45,19,7:00pm-7:59pm,51,51,1
4,Arizona,40649,1,1,2,2,0,2,2,19,PIMA (19),530,TUCSON,9,September,20,20,3,Tuesday,2022,19,7:00pm-7:59pm,31,31,S PALO VERDE RD,NA,6,Local Street - Municipality,2,Urban,4,Minor Arterial,2,County Highway Agency,0,This section IS NOT on the NHS,0,No Special Jurisdiction,0,None,32.15413056,32.15413056,-110.91753611,-110.91753611,8,Pedestrian,0,The First Harmful Event was Not a Collision with a Motor Vehicle in Transport,0,No,1,Non-Junction,1,Not an Intersection,1,On Roadway,0,None,2,Dark - Not Lighted,2,Rain,0,No,0000000,Not Applicable,19,7:00pm-7:59pm,32,32,19,7:00pm-7:59pm,34,34,19,7:00pm-7:59pm,37,37,1
4,Arizona,40650,0,0,2,2,0,2,2,5,COCONINO (5),0,NOT APPLICABLE,9,September,21,21,4,Wednesday,2022,15,3:00pm-3:59pm,11,11,SR-64,NA,3,State Highway,1,Rural,4,Minor Arterial,1,State Highway Agency,0,This section IS NOT on the NHS,0,No Special Jurisdiction,921,921,35.93774722,35.93774722,-111.65981111,-111.65981111,5,Fell/Jumped from Vehicle,0,The First Harmful Event was Not a Collision with a Motor Vehicle in Transport,0,No,1,Non-Junction,1,Not an Intersection,1,On Roadway,0,None,1,Daylight,10,Cloudy,0,No,0000000,Not Applicable,15,3:00pm-3:59pm,28,28,16,4:00pm-4:59pm,10,10,88,Not Applicable (Not Transported),88,Not Applicable (Not Transported),1
4,Arizona,40652,0,0,1,1,0,3,3,13,MARICOPA (13),370,PHOENIX,9,September,24,24,7,Saturday,2022,1,1:00am-1:59am,8,8,I-10 RAMP,NA,1,Interstate,2,Urban,1,Interstate,1,State Highway Agency,1,This section IS ON the NHS,0,No Special Jurisdiction,1430,1430,33.46105833,33.46105833,-112.10987778,-112.10987778,25,Concrete Traffic Barrier,0,The First Harmful Event was Not a Collision with a Motor Vehicle in Transport,1,Yes,5,Entrance/Exit Ramp Related,1,Not an Intersection,4,On Roadside,0,None,3,Dark - Lighted,1,Clear,0,No,0000000,Not Applicable,1,1:00am-1:59am,10,10,1,1:00am-1:59am,19,19,1,1:00am-1:59am,50,50,2
4,Arizona,40653,0,0,1,1,0,2,2,19,PIMA (19),530,TUCSON,9,September,24,24,7,Saturday,2022,9,9:00am-9:59am,52,52,N KINNEY RD,NA,6,Local Street - Municipality,1,Rural,5,Major Collector,2,County Highway Agency,0,This section IS NOT on the NHS,0,No Special Jurisdiction,0,None,32.22440833,32.22440833,-111.13580833,-111.13580833,35,Embankment,0,The First Harmful Event was Not a Collision with a Motor Vehicle in Transport,0,No,1,Non-Junction,1,Not an Intersection,4,On Roadside,0,None,1,Daylight,1,Clear,0,No,0000000,Not Applicable,9,9:00am-9:59am,58,58,10,10:00am-10:59am,8,8,99,Unknown,99,Unknown EMS Hospital Arrival Time,1
4,Arizona,40654,1,1,2,2,0,3,3,21,PINAL (21),0,NOT APPLICABLE,9,September,24,24,7,Saturday,2022,19,7:00pm-7:59pm,20,20,SR-347,NA,3,State Highway,1,Rural,3,Principal Arterial - Other,1,State Highway Agency,1,This section IS ON the NHS,0,No Special Jurisdiction,161,161,33.10525,33.10525,-112.02721667,-112.02721667,8,Pedestrian,0,The First Harmful Event was Not a Collision with a Motor Vehicle in Transport,0,No,1,Non-Junction,1,Not an Intersection,1,On Roadway,0,None,3,Dark - Lighted,1,Clear,0,No,0000000,Not Applicable,19,7:00pm-7:59pm,21,21,19,7:00pm-7:59pm,24,24,88,Not Applicable (Not Transported),88,Not Applicable (Not Transported),1
4,Arizona,40655,2,2,2,2,0,1,1,13,MARICOPA (13),60,BUCKEYE,9,September,25,25,1,Sunday,2022,2,2:00am-2:59am,24,24,I-10,NA,1,Interstate,2,Urban,1,Interstate,1,State Highway Agency,1,This section IS ON the NHS,0,No Special Jurisdiction,1150,1150,33.43412778,33.43412778,-112.58872222,-112.58872222,12,Motor Vehicle In-Transport,1,Front-to-Rear,1,Yes,18,Through Roadway,1,Not an Intersection,1,On Roadway,0,None,2,Dark - Not Lighted,1,Clear,0,No,0000000,Not Applicable,2,2:00am-2:59am,29,29,2,2:00am-2:59am,35,35,3,3:00am-3:59am,1,1,1
4,Arizona,40656,0,0,1,1,0,1,1,13,MARICOPA (13),290,MESA,9,September,25,25,1,Sunday,2022,5,5:00am-5:59am,44,44,W BASELINE RD,NA,6,Local Street - Municipality,2,Urban,4,Minor Arterial,4,City or Municipal Highway Agency,0,This section IS NOT on the NHS,0,No Special Jurisdiction,0,None,33.37877222,33.37877222,-111.83546111,-111.83546111,39,Wall,0,The First Harmful Event was Not a Collision with a Motor Vehicle in Transport,0,No,1,Non-Junction,1,Not an Intersection,4,On Roadside,0,None,4,Dawn,1,Clear,0,No,0000000,Not Applicable,5,5:00am-5:59am,44,44,5,5:00am-5:59am,51,51,88,Not Applicable (Not Transported),88,Not Applicable (Not Transported),1
4,Arizona,40657,0,0,2,2,0,2,2,5,COCONINO (5),170,FLAGSTAFF,9,September,26,26,2,Monday,2022,4,4:00am-4:59am,4,4,I-40,NA,1,Interstate,1,Rural,1,Interstate,1,State Highway Agency,1,This section IS ON the NHS,0,No Special Jurisdiction,2097,2097,35.20303056,35.20303056,-111.41355833,-111.41355833,12,Motor Vehicle In-Transport,2,Front-to-Front,0,No,1,Non-Junction,1,Not an Intersection,1,On Roadway,0,None,2,Dark - Not Lighted,1,Clear,0,No,0000000,Not Applicable,4,4:00am-4:59am,5,5,4,4:00am-4:59am,10,10,88,Not Applicable (Not Transported),88,Not Applicable (Not Transported),1
4,Arizona,40658,0,0,2,2,0,2,2,13,MARICOPA (13),368,PEORIA,9,September,26,26,2,Monday,2022,22,10:00pm-10:59pm,45,45,W OLIVE AVE,SR-101 RAMP,6,Local Street - Municipality,2,Urban,4,Minor Arterial,4,City or Municipal Highway Agency,0,This section IS NOT on the NHS,0,No Special Jurisdiction,77,77,33.56628333,33.56628333,-112.25792222,-112.25792222,12,Motor Vehicle In-Transport,6,Angle,1,Yes,2,Intersection,2,Four-Way Intersection,1,On Roadway,0,None,3,Dark - Lighted,1,Clear,0,No,0000000,Not Applicable,22,10:00pm-10:59pm,46,46,23,11:00pm-11:59pm,3,3,23,11:00pm-11:59pm,42,42,1
4,Arizona,40659,0,0,2,2,0,2,2,13,MARICOPA (13),510,TOLLESON,9,September,26,26,2,Monday,2022,22,10:00pm-10:59pm,53,53,I-10,NA,1,Interstate,2,Urban,1,Interstate,1,State Highway Agency,1,This section IS ON the NHS,0,No Special Jurisdiction,1350,1350,33.46249722,33.46249722,-112.24794722,-112.24794722,12,Motor Vehicle In-Transport,1,Front-to-Rear,0,No,1,Non-Junction,1,Not an Intersection,1,On Roadway,0,None,3,Dark - Lighted,10,Cloudy,0,No,0000000,Not Applicable,22,10:00pm-10:59pm,53,53,22,10:00pm-10:59pm,53,53,23,11:00pm-11:59pm,24,24,1
4,Arizona,40660,0,0,2,2,0,2,2,19,PIMA (19),530,TUCSON,9,September,28,28,4,Wednesday,2022,7,7:00am-7:59am,8,8,W DUVAL MINE RD,NA,9,Unknown,2,Urban,5,Major Collector,2,County Highway Agency,0,This section IS NOT on the NHS,0,No Special Jurisdiction,0,None,31.886175,31.886175,-111.0184,-111.0184,12,Motor Vehicle In-Transport,2,Front-to-Front,0,No,1,Non-Junction,1,Not an Intersection,1,On Roadway,0,None,1,Daylight,1,Clear,0,No,0000000,Not Applicable,7,7:00am-7:59am,8,8,7,7:00am-7:59am,15,15,7,7:00am-7:59am,37,37,1
4,Arizona,40661,0,0,2,2,0,2,2,25,YAVAPAI (25),120,COTTONWOOD,10,October,1,1,7,Saturday,2022,7,7:00am-7:59am,20,20,SR-89A,NA,3,State Highway,1,Rural,3,Principal Arterial - Other,1,State Highway Agency,1,This section IS ON the NHS,0,No Special Jurisdiction,399,399,34.75971667,34.75971667,-111.94932778,-111.94932778,12,Motor Vehicle In-Transport,2,Front-to-Front,0,No,1,Non-Junction,1,Not an Intersection,1,On Roadway,0,None,1,Daylight,1,Clear,0,No,0000000,Not Applicable,7,7:00am-7:59am,23,23,7,7:00am-7:59am,28,28,8,8:00am-8:59am,35,35,1
4,Arizona,40662,0,0,1,1,0,1,1,17,NAVAJO (17),610,WINSLOW,10,October,1,1,7,Saturday,2022,13,1:00pm-1:59pm,22,22,I-40,NA,1,Interstate,1,Rural,1,Interstate,1,State Highway Agency,1,This section IS ON the NHS,0,No Special Jurisdiction,2656,2656,34.97254722,34.97254722,-110.50321389,-110.50321389,1,Rollover/Overturn,0,The First Harmful Event was Not a Collision with a Motor Vehicle in Transport,0,No,1,Non-Junction,1,Not an Intersection,3,On Median,0,None,1,Daylight,1,Clear,0,No,0000000,Not Applicable,13,1:00pm-1:59pm,25,25,13,1:00pm-1:59pm,38,38,88,Not Applicable (Not Transported),88,Not Applicable (Not Transported),1
4,Arizona,40663,0,0,2,2,0,2,2,1,APACHE (1),0,NOT APPLICABLE,10,October,1,1,7,Saturday,2022,14,2:00pm-2:59pm,24,24,I-40,NA,1,Interstate,1,Rural,1,Interstate,1,State Highway Agency,1,This section IS ON the NHS,1,National Park Service,3117,3117,35.06804167,35.06804167,-109.76235278,-109.76235278,12,Motor Vehicle In-Transport,1,Front-to-Rear,0,No,1,Non-Junction,1,Not an Intersection,1,On Roadway,0,None,1,Daylight,1,Clear,0,No,0000000,Not Applicable,14,2:00pm-2:59pm,25,25,14,2:00pm-2:59pm,45,45,99,Unknown,99,Unknown EMS Hospital Arrival Time,1
4,Arizona,40664,1,1,1,1,0,1,1,13,MARICOPA (13),370,PHOENIX,10,October,2,2,1,Sunday,2022,2,2:00am-2:59am,37,37,W BELL RD,NA,6,Local Street - Municipality,2,Urban,3,Principal Arterial - Other,4,City or Municipal Highway Agency,1,This section IS ON the NHS,0,No Special Jurisdiction,0,None,33.639375,33.639375,-112.14958611,-112.14958611,33,Curb,0,The First Harmful Event was Not a Collision with a Motor Vehicle in Transport,0,No,1,Non-Junction,1,Not an Intersection,3,On Median,0,None,3,Dark - Lighted,1,Clear,0,No,0000000,Not Applicable,99,Unknown,99,Unknown,99,Unknown EMS Scene Arrival Hour,99,Unknown EMS Scene Arrival Minutes,99,Unknown,99,Unknown EMS Hospital Arrival Time,1
4,Arizona,40665,0,0,1,1,0,1,1,13,MARICOPA (13),388,QUEEN CREEK,10,October,2,2,1,Sunday,2022,15,3:00pm-3:59pm,52,52,HUNT HWY,NA,6,Local Street - Municipality,2,Urban,4,Minor Arterial,2,County Highway Agency,0,This section IS NOT on the NHS,0,No Special Jurisdiction,0,None,33.20465833,33.20465833,-111.70570833,-111.70570833,30,Utility Pole/Light Support,0,The First Harmful Event was Not a Collision with a Motor Vehicle in Transport,0,No,1,Non-Junction,1,Not an Intersection,4,On Roadside,0,None,1,Daylight,1,Clear,0,No,0000000,Not Applicable,15,3:00pm-3:59pm,52,52,16,4:00pm-4:59pm,0,0,88,Not Applicable (Not Transported),88,Not Applicable (Not Transported),1
4,Arizona,40666,1,1,1,1,0,1,1,13,MARICOPA (13),200,GLENDALE,10,October,2,2,1,Sunday,2022,20,8:00pm-8:59pm,42,42,W CAMELBACK RD,NA,6,Local Street - Municipality,2,Urban,4,Minor Arterial,4,City or Municipal Highway Agency,0,This section IS NOT on the NHS,0,No Special Jurisdiction,0,None,33.508925,33.508925,-112.23340556,-112.23340556,8,Pedestrian,0,The First Harmful Event was Not a Collision with a Motor Vehicle in Transport,0,No,1,Non-Junction,1,Not an Intersection,1,On Roadway,0,None,3,Dark - Lighted,1,Clear,0,No,0000000,Not Applicable,20,8:00pm-8:59pm,42,42,20,8:00pm-8:59pm,46,46,21,9:00pm-9:59pm,9,9,1
4,Arizona,40667,0,0,2,2,0,2,2,13,MARICOPA (13),200,GLENDALE,10,October,2,2,1,Sunday,2022,22,10:00pm-10:59pm,38,38,SR-101,NA,3,State Highway,2,Urban,2,Principal Arterial - Other Freeways and Expressways,1,State Highway Agency,1,This section IS ON the NHS,0,No Special Jurisdiction,157,157,33.66778889,33.66778889,-112.21196111,-112.21196111,1,Rollover/Overturn,0,The First Harmful Event was Not a Collision with a Motor Vehicle in Transport,0,No,1,Non-Junction,1,Not an Intersection,1,On Roadway,0,None,3,Dark - Lighted,1,Clear,0,No,0000000,Not Applicable,22,10:00pm-10:59pm,40,40,22,10:00pm-10:59pm,44,44,88,Not Applicable (Not Transported),88,Not Applicable (Not Transported),1
4,Arizona,40668,1,1,1,1,0,1,1,13,MARICOPA (13),370,PHOENIX,10,October,3,3,2,Monday,2022,3,3:00am-3:59am,17,17,W INDIAN SCHOOL RD,N 43RD AVE,6,Local Street - Municipality,2,Urban,3,Principal Arterial - Other,4,City or Municipal Highway Agency,1,This section IS ON the NHS,0,No Special Jurisdiction,0,None,33.49511389,33.49511389,-112.15178889,-112.15178889,8,Pedestrian,0,The First Harmful Event was Not a Collision with a Motor Vehicle in Transport,0,No,3,Intersection-Related,2,Four-Way Intersection,1,On Roadway,0,None,3,Dark - Lighted,1,Clear,0,No,0000000,Not Applicable,3,3:00am-3:59am,19,19,3,3:00am-3:59am,23,23,88,Not Applicable (Not Transported),88,Not Applicable (Not Transported),1
4,Arizona,40669,0,0,3,3,0,5,5,5,COCONINO (5),170,FLAGSTAFF,10,October,3,3,2,Monday,2022,12,12:00pm-12:59pm,57,57,US-89,NA,2,US Highway,1,Rural,3,Principal Arterial - Other,1,State Highway Agency,1,This section IS ON the NHS,0,No Special Jurisdiction,316,316,35.655825,35.655825,-111.514525,-111.514525,12,Motor Vehicle In-Transport,7,Sideswipe - Same Direction,0,No,1,Non-Junction,1,Not an Intersection,1,On Roadway,0,None,1,Daylight,2,Rain,0,No,0000000,Not Applicable,13,1:00pm-1:59pm,2,2,13,1:00pm-1:59pm,31,31,99,Unknown,99,Unknown EMS Hospital Arrival Time,1
4,Arizona,40670,1,1,1,1,0,1,1,13,MARICOPA (13),190,GILBERT,10,October,5,5,4,Wednesday,2022,7,7:00am-7:59am,50,50,E QUEEN CREEK RD,NA,5,Local Street - Township,2,Urban,4,Minor Arterial,3,Town or Township Highway Agency,0,This section IS NOT on the NHS,0,No Special Jurisdiction,0,None,33.26302778,33.26302778,-111.76447778000001,-111.76447778000001,9,Pedalcyclist,0,The First Harmful Event was Not a Collision with a Motor Vehicle in Transport,0,No,1,Non-Junction,1,Not an Intersection,4,On Roadside,0,None,1,Daylight,1,Clear,0,No,0000000,Not Applicable,7,7:00am-7:59am,51,51,7,7:00am-7:59am,56,56,8,8:00am-8:59am,19,19,1
4,Arizona,40671,0,0,2,2,0,2,2,13,MARICOPA (13),490,TEMPE,10,October,5,5,4,Wednesday,2022,14,2:00pm-2:59pm,38,38,SR-101 RAMP-C,NA,3,State Highway,2,Urban,2,Principal Arterial - Other Freeways and Expressways,1,State Highway Agency,0,This section IS NOT on the NHS,0,No Special Jurisdiction,537,537,33.38644444,33.38644444,-111.89294167,-111.89294167,26,Other Traffic Barrier,0,The First Harmful Event was Not a Collision with a Motor Vehicle in Transport,1,Yes,5,Entrance/Exit Ramp Related,1,Not an Intersection,4,On Roadside,0,None,1,Daylight,1,Clear,0,No,0000000,Not Applicable,14,2:00pm-2:59pm,38,38,14,2:00pm-2:59pm,49,49,15,3:00pm-3:59pm,11,11,1
4,Arizona,40672,0,0,2,2,0,2,2,21,PINAL (21),160,ELOY,10,October,5,5,4,Wednesday,2022,21,9:00pm-9:59pm,4,4,SR-87,NA,3,State Highway,1,Rural,4,Minor Arterial,2,County Highway Agency,0,This section IS NOT on the NHS,0,No Special Jurisdiction,0,None,32.81765278,32.81765278,-111.66080833,-111.66080833,12,Motor Vehicle In-Transport,2,Front-to-Front,0,No,1,Non-Junction,1,Not an Intersection,1,On Roadway,0,None,2,Dark - Not Lighted,1,Clear,0,No,0000000,Not Applicable,21,9:00pm-9:59pm,4,4,21,9:00pm-9:59pm,10,10,99,Unknown,99,Unknown EMS Hospital Arrival Time,1
4,Arizona,40673,0,0,2,2,0,6,6,13,MARICOPA (13),525,TONOPAH,10,October,6,6,5,Thursday,2022,2,2:00am-2:59am,54,54,I-10,NA,1,Interstate,1,Rural,1,Interstate,1,State Highway Agency,1,This section IS ON the NHS,0,No Special Jurisdiction,990,990,33.47935833,33.47935833,-112.85684167,-112.85684167,12,Motor Vehicle In-Transport,1,Front-to-Rear,0,No,1,Non-Junction,1,Not an Intersection,1,On Roadway,0,None,2,Dark - Not Lighted,1,Clear,0,No,0000000,Not Applicable,2,2:00am-2:59am,55,55,3,3:00am-3:59am,10,10,99,Unknown,99,Unknown EMS Hospital Arrival Time,2
4,Arizona,40674,0,0,2,2,0,5,5,13,MARICOPA (13),290,MESA,10,October,6,6,5,Thursday,2022,13,1:00pm-1:59pm,18,18,SR-24,WILLIAMS FIELD RD,3,State Highway,1,Rural,98,Not Reported,98,Not Reported,0,This section IS NOT on the NHS,0,No Special Jurisdiction,20,20,33.30517222,33.30517222,-111.62320556,-111.62320556,12,Motor Vehicle In-Transport,6,Angle,1,Yes,2,Intersection,2,Four-Way Intersection,1,On Roadway,0,None,1,Daylight,1,Clear,0,No,0000000,Not Applicable,13,1:00pm-1:59pm,21,21,13,1:00pm-1:59pm,29,29,99,Unknown,99,Unknown EMS Hospital Arrival Time,2
4,Arizona,40675,0,0,2,2,0,5,5,5,COCONINO (5),0,NOT APPLICABLE,10,October,6,6,5,Thursday,2022,16,4:00pm-4:59pm,23,23,SR-89A,FORREST HIGHLANDS DR,3,State Highway,1,Rural,4,Minor Arterial,1,State Highway Agency,0,This section IS NOT on the NHS,0,No Special Jurisdiction,775,775,35.12171111,35.12171111,-111.70285833,-111.70285833,12,Motor Vehicle In-Transport,6,Angle,0,No,2,Intersection,3,T-Intersection,1,On Roadway,0,None,1,Daylight,10,Cloudy,0,No,0000000,Not Applicable,16,4:00pm-4:59pm,26,26,16,4:00pm-4:59pm,31,31,88,Not Applicable (Not Transported),88,Not Applicable (Not Transported),1
4,Arizona,40676,0,0,1,1,0,1,1,21,PINAL (21),0,NOT APPLICABLE,10,October,8,8,7,Saturday,2022,12,12:00pm-12:59pm,51,51,SR-79,NA,3,State Highway,1,Rural,4,Minor Arterial,1,State Highway Agency,0,This section IS NOT on the NHS,0,No Special Jurisdiction,79,79,32.64341944,32.64341944,-111.01754167,-111.01754167,59,Traffic Sign Support,0,The First Harmful Event was Not a Collision with a Motor Vehicle in Transport,0,No,1,Non-Junction,1,Not an Intersection,4,On Roadside,0,None,1,Daylight,1,Clear,0,No,0000000,Not Applicable,12,12:00pm-12:59pm,54,54,13,1:00pm-1:59pm,5,5,16,4:00pm-4:59pm,0,0,1
4,Arizona,40677,1,1,1,1,0,3,3,13,MARICOPA (13),370,PHOENIX,10,October,8,8,7,Saturday,2022,21,9:00pm-9:59pm,44,44,E BELL RD,N 34TH WAY,6,Local Street - Municipality,2,Urban,3,Principal Arterial - Other,4,City or Municipal Highway Agency,1,This section IS ON the NHS,0,No Special Jurisdiction,0,None,33.64055833,33.64055833,-112.007625,-112.007625,8,Pedestrian,0,The First Harmful Event was Not a Collision with a Motor Vehicle in Transport,0,No,3,Intersection-Related,3,T-Intersection,1,On Roadway,0,None,3,Dark - Lighted,1,Clear,0,No,0000000,Not Applicable,99,Unknown,99,Unknown,99,Unknown EMS Scene Arrival Hour,99,Unknown EMS Scene Arrival Minutes,99,Unknown,99,Unknown EMS Hospital Arrival Time,1
4,Arizona,40678,1,1,1,1,0,1,1,13,MARICOPA (13),290,MESA,10,October,9,9,1,Sunday,2022,19,7:00pm-7:59pm,40,40,CRISMON RD,E BROADWAY RD,6,Local Street - Municipality,2,Urban,4,Minor Arterial,4,City or Municipal Highway Agency,0,This section IS NOT on the NHS,0,No Special Jurisdiction,0,None,33.40770833,33.40770833,-111.61544722,-111.61544722,8,Pedestrian,0,The First Harmful Event was Not a Collision with a Motor Vehicle in Transport,0,No,3,Intersection-Related,2,Four-Way Intersection,1,On Roadway,0,None,3,Dark - Lighted,1,Clear,0,No,0000000,Not Applicable,19,7:00pm-7:59pm,40,40,19,7:00pm-7:59pm,44,44,20,8:00pm-8:59pm,10,10,1
4,Arizona,40679,1,1,1,1,0,4,4,1,APACHE (1),415,SANDERS,10,October,9,9,1,Sunday,2022,23,11:00pm-11:59pm,56,56,US-191,MIDDLE WELL RD,2,US Highway,1,Rural,4,Minor Arterial,1,State Highway Agency,0,This section IS NOT on the NHS,0,No Special Jurisdiction,3568,3568,35.09735278,35.09735278,-109.31261667,-109.31261667,8,Pedestrian,0,The First Harmful Event was Not a Collision with a Motor Vehicle in Transport,0,No,3,Intersection-Related,3,T-Intersection,1,On Roadway,0,None,2,Dark - Not Lighted,10,Cloudy,0,No,0000000,Not Applicable,23,11:00pm-11:59pm,56,56,0,0:00am-0:59am,8,8,88,Not Applicable (Not Transported),88,Not Applicable (Not Transported),1
4,Arizona,40680,0,0,1,1,0,1,1,25,YAVAPAI (25),0,NOT APPLICABLE,10,October,10,10,2,Monday,2022,9,9:00am-9:59am,49,49,SR-89,NA,3,State Highway,1,Rural,4,Minor Arterial,1,State Highway Agency,0,This section IS NOT on the NHS,0,No Special Jurisdiction,447,447,34.473702780000004,34.473702780000004,-112.51453611,-112.51453611,1,Rollover/Overturn,0,The First Harmful Event was Not a Collision with a Motor Vehicle in Transport,0,No,1,Non-Junction,1,Not an Intersection,4,On Roadside,0,None,9,Reported as Unknown,99,Reported as Unknown,0,No,0000000,Not Applicable,10,10:00am-10:59am,19,19,10,10:00am-10:59am,30,30,88,Not Applicable (Not Transported),88,Not Applicable (Not Transported),1