STATE,STATENAME,ST_CASE,PEDS,PERNOTMVIT,VE_TOTAL,VE_FORMS,PVH_INVL,PERSONS,PERMVIT,COUNTY,COUNTYNAME,CITY,CITYNAME,MONTH,MONTHNAME,DAY,DAYNAME,DAY_WEEK,DAY_WEEKNAME,YEAR,HOUR,HOURNAME,MINUTE,MINUTENAME,TWAY_ID,TWAY_ID2,ROUTE,ROUTENAME,RUR_URB,RUR_URBNAME,FUNC_SYS,FUNC_SYSNAME,RD_OWNER,RD_OWNERNAME,NHS,NHSNAME,SP_JUR,SP_JURNAME,MILEPT,MILEPTNAME,LATITUDE,LATITUDENAME,LONGITUD,LONGITUDNAME,HARM_EV,HARM_EVNAME,MAN_COLL,MAN_COLLNAME,RELJCT1,RELJCT1NAME,RELJCT2,RELJCT2NAME,TYP_INT,TYP_INTNAME,REL_ROAD,REL_ROADNAME,WRK_ZONE,WRK_ZONENAME,LGT_COND,LGT_CONDNAME,WEATHER,WEATHERNAME,SCH_BUS,SCH_BUSNAME,RAIL,RAILNAME,NOT_HOUR,NOT_HOURNAME,NOT_MIN,NOT_MINNAME,ARR_HOUR,ARR_HOURNAME,ARR_MIN,ARR_MINNAME,HOSP_HR,HOSP_HRNAME,HOSP_MN,HOSP_MNNAME,FATALS
4,Arizona,40681,1,1,1,1,0,1,1,5,COCONINO (5),336,PAGE,10,October,11,11,3,Tuesday,2022,16,4:00pm-4:59pm,22,22,ELM ST,NA,6,Local Street - Municipality,2,Urban,4,Minor Arterial,4,City or Municipal Highway Agency,0,This section IS NOT on the NHS,0,No Special Jurisdiction,0,None,36.91677778,36.91677778,-111.45837222,-111.45837222,9,Pedalcyclist,0,The First Harmful Event was Not a Collision with a Motor Vehicle in Transport,0,No,4,Driveway Access,1,Not an Intersection,1,On Roadway,0,None,5,Dusk,1,Clear,0,No,0000000,Not Applicable,16,4:00pm-4:59pm,23,23,16,4:00pm-4:59pm,25,25,16,4:00pm-4:59pm,54,54,1
4,Arizona,40682,0,0,3,3,0,3,3,25,YAVAPAI (25),386,PRESCOTT,10,October,11,11,3,Tuesday,2022,17,5:00pm-5:59pm,57,57,WILLOW CREEK RD,NA,6,Local Street - Municipality,2,Urban,4,Minor Arterial,4,City or Municipal Highway Agency,0,This section IS NOT on the NHS,0,No Special Jurisdiction,0,None,34.59768056,34.59768056,-112.46301111,-112.46301111,12,Motor Vehicle In-Transport,7,Sideswipe - Same Direction,0,No,1,Non-Junction,1,Not an Intersection,1,On Roadway,0,None,1,Daylight,1,Clear,0,No,0000000,Not Applicable,17,5:00pm-5:59pm,57,57,18,6:00pm-6:59pm,2,2,88,Not Applicable (Not Transported),88,Not Applicable (Not Transported),1
4,Arizona,40683,0,0,2,2,0,2,2,7,GILA (7),210,GLOBE,10,October,12,12,4,Wednesday,2022,15,3:00pm-3:59pm,16,16,US-60,NA,2,US Highway,2,Urban,3,Principal Arterial - Other,1,State Highway Agency,1,This section IS ON the NHS,0,No Special Jurisdiction,2164,2164,33.41590556,33.41590556,-110.80078889,-110.80078889,12,Motor Vehicle In-Transport,6,Angle,0,No,8,Driveway Access Related,1,Not an Intersection,1,On Roadway,0,None,1,Daylight,1,Clear,0,No,0000000,Not Applicable,15,3:00pm-3:59pm,16,16,15,3:00pm-3:59pm,23,23,88,Not Applicable (Not Transported),88,Not Applicable (Not Transported),1
4,Arizona,40686,0,0,2,2,0,3,3,13,MARICOPA (13),290,MESA,10,October,13,13,5,Thursday,2022,16,4:00pm-4:59pm,7,7,E MAIN ST,N SOSSAMAN RD,6,Local Street - Municipality,2,Urban,4,Minor Arterial,4,City or Municipal Highway Agency,0,This section IS NOT on the NHS,0,No Special Jurisdiction,0,None,33.4152,33.4152,-111.66752778,-111.66752778,12,Motor Vehicle In-Transport,6,Angle,0,No,2,Intersection,2,Four-Way Intersection,1,On Roadway,0,None,1,Daylight,1,Clear,0,No,0000000,Not Applicable,16,4:00pm-4:59pm,7,7,16,4:00pm-4:59pm,8,8,16,4:00pm-4:59pm,25,25,1
4,Arizona,40687,0,0,1,1,0,1,1,13,MARICOPA (13),370,PHOENIX,10,October,15,15,7,Saturday,2022,0,0:00am-0:59am,30,30,I-17,NA,1,Interstate,2,Urban,1,Interstate,1,State Highway Agency,1,This section IS ON the NHS,0,No Special Jurisdiction,1979,1979,33.42887222,33.42887222,-112.09999722,-112.09999722,25,Concrete Traffic Barrier,0,The First Harmful Event was Not a Collision with a Motor Vehicle in Transport,0,No,1,Non-Junction,1,Not an Intersection,3,On Median,0,None,3,Dark - Lighted,1,Clear,0,No,0000000,Not Applicable,0,0:00am-0:59am,37,37,0,0:00am-0:59am,45,45,1,1:00am-1:59am,0,0,1
4,Arizona,40688,0,0,1,1,0,2,2,15,MOHAVE (15),0,NOT APPLICABLE,10,October,15,15,7,Saturday,2022,12,12:00pm-12:59pm,10,10,I-40,NA,1,Interstate,1,Rural,1,Interstate,1,State Highway Agency,1,This section IS ON the NHS,0,No Special Jurisdiction,618,618,35.19574722,35.19574722,-113.866875,-113.866875,1,Rollover/Overturn,0,The First Harmful Event was Not a Collision with a Motor Vehicle in Transport,0,No,1,Non-Junction,1,Not an Intersection,3,On Median,0,None,1,Daylight,2,Rain,0,No,0000000,Not Applicable,12,12:00pm-12:59pm,13,13,12,12:00pm-12:59pm,28,28,88,Not Applicable (Not Transported),88,Not Applicable (Not Transported),2
4,Arizona,40689,0,0,1,1,0,1,1,7,GILA (7),0,NOT APPLICABLE,10,October,17,17,2,Monday,2022,16,4:00pm-4:59pm,33,33,US-60 SR-77,NA,2,US Highway,1,Rural,4,Minor Arterial,1,State Highway Agency,0,This section IS NOT on the NHS,0,No Special Jurisdiction,2580,2580,33.74364167,33.74364167,-110.52915,-110.52915,18,Other Object (not fixed),0,The First Harmful Event was Not a Collision with a Motor Vehicle in Transport,0,No,1,Non-Junction,1,Not an Intersection,4,On Roadside,0,None,1,Daylight,2,Rain,0,No,0000000,Not Applicable,16,4:00pm-4:59pm,51,51,17,5:00pm-5:59pm,44,44,88,Not Applicable (Not Transported),88,Not Applicable (Not Transported),1
4,Arizona,40690,0,0,2,2,0,3,3,19,PIMA (19),530,TUCSON,10,October,18,18,3,Tuesday,2022,18,6:00pm-6:59pm,23,23,GRANT RD,WILMOT RD,6,Local Street - Municipality,2,Urban,3,Principal Arterial - Other,4,City or Municipal Highway Agency,0,This section IS NOT on the NHS,0,No Special Jurisdiction,99998,Not Reported,32.25059722,32.25059722,-110.85801111,-110.85801111,12,Motor Vehicle In-Transport,6,Angle,0,No,2,Intersection,2,Four-Way Intersection,1,On Roadway,0,None,1,Daylight,1,Clear,0,No,0000000,Not Applicable,18,6:00pm-6:59pm,23,23,18,6:00pm-6:59pm,27,27,18,6:00pm-6:59pm,39,39,1
4,Arizona,40691,1,1,1,1,0,5,5,17,NAVAJO (17),0,NOT APPLICABLE,10,October,19,19,4,Wednesday,2022,12,12:00pm-12:59pm,5,5,SR-260,NA,3,State Highway,1,Rural,3,Principal Arterial - Other,1,State Highway Agency,1,This section IS ON the NHS,0,No Special Jurisdiction,1115,1115,34.33921389,34.33921389,-110.72780278,-110.72780278,8,Pedestrian,0,The First Harmful Event was Not a Collision with a Motor Vehicle in Transport,0,No,1,Non-Junction,1,Not an Intersection,1,On Roadway,0,None,1,Daylight,1,Clear,0,No,0000000,Not Applicable,12,12:00pm-12:59pm,5,5,12,12:00pm-12:59pm,16,16,15,3:00pm-3:59pm,31,31,1
4,Arizona,40692,0,0,2,2,0,2,2,25,YAVAPAI (25),0,NOT APPLICABLE,10,October,19,19,4,Wednesday,2022,23,11:00pm-11:59pm,6,6,SR-179,NA,3,State Highway,1,Rural,3,Principal Arterial - Other,1,State Highway Agency,1,This section IS ON the NHS,0,No Special Jurisdiction,21,21,34.70734444,34.70734444,-111.77305278,-111.77305278,12,Motor Vehicle In-Transport,2,Front-to-Front,0,No,1,Non-Junction,1,Not an Intersection,1,On Roadway,0,None,2,Dark - Not Lighted,1,Clear,0,No,0000000,Not Applicable,23,11:00pm-11:59pm,9,9,23,11:00pm-11:59pm,16,16,88,Not Applicable (Not Transported),88,Not Applicable (Not Transported),2
4,Arizona,40693,1,1,1,1,0,1,1,13,MARICOPA (13),370,PHOENIX,10,October,20,20,5,Thursday,2022,5,5:00am-5:59am,41,41,BASELINE RD,36TH ST,6,Local Street - Municipality,2,Urban,3,Principal Arterial - Other,4,City or Municipal Highway Agency,1,This section IS ON the NHS,0,No Special Jurisdiction,708,708,33.37804722,33.37804722,-112.00559167,-112.00559167,8,Pedestrian,0,The First Harmful Event was Not a Collision with a Motor Vehicle in Transport,0,No,2,Intersection,3,T-Intersection,1,On Roadway,0,None,1,Daylight,1,Clear,0,No,0000000,Not Applicable,99,Unknown,98,Unknown if Notified,99,Unknown EMS Scene Arrival Hour,98,Unknown if Arrived,99,Unknown,98,Unknown if Transported,1
4,Arizona,40694,1,1,1,1,0,2,2,13,MARICOPA (13),370,PHOENIX,10,October,20,20,5,Thursday,2022,11,11:00am-11:59am,56,56,19 TH AVE,NA,6,Local Street - Municipality,2,Urban,4,Minor Arterial,4,City or Municipal Highway Agency,0,This section IS NOT on the NHS,0,No Special Jurisdiction,207,207,33.60325278,33.60325278,-112.09960556,-112.09960556,8,Pedestrian,0,The First Harmful Event was Not a Collision with a Motor Vehicle in Transport,0,No,1,Non-Junction,1,Not an Intersection,1,On Roadway,0,None,1,Daylight,1,Clear,0,No,0000000,Not Applicable,99,Unknown,99,Unknown,99,Unknown EMS Scene Arrival Hour,99,Unknown EMS Scene Arrival Minutes,99,Unknown,99,Unknown EMS Hospital Arrival Time,1
4,Arizona,40695,0,0,2,2,0,2,2,5,COCONINO (5),0,NOT APPLICABLE,10,October,20,20,5,Thursday,2022,19,7:00pm-7:59pm,47,47,US-89,NA,2,US Highway,1,Rural,3,Principal Arterial - Other,1,State Highway Agency,1,This section IS ON the NHS,0,No Special Jurisdiction,800,800,36.31082778,36.31082778,-111.46810278,-111.46810278,12,Motor Vehicle In-Transport,2,Front-to-Front,0,No,1,Non-Junction,1,Not an Intersection,1,On Roadway,0,None,3,Dark - Lighted,1,Clear,0,No,0000000,Not Applicable,19,7:00pm-7:59pm,51,51,19,7:00pm-7:59pm,55,55,99,Unknown,99,Unknown EMS Hospital Arrival Time,1
4,Arizona,40697,0,0,3,3,0,4,4,13,MARICOPA (13),370,PHOENIX,10,October,27,27,5,Thursday,2022,1,1:00am-1:59am,54,54,I-10,NA,1,Interstate,2,Urban,1,Interstate,1,State Highway Agency,1,This section IS ON the NHS,0,No Special Jurisdiction,1382,1382,33.462641669999996,33.462641669999996,-112.19421389,-112.19421389,12,Motor Vehicle In-Transport,1,Front-to-Rear,1,Yes,18,Through Roadway,1,Not an Intersection,1,On Roadway,0,None,3,Dark - Lighted,1,Clear,0,No,0000000,Not Applicable,1,1:00am-1:59am,54,54,2,2:00am-2:59am,7,7,88,Not Applicable (Not Transported),88,Not Applicable (Not Transported),1
4,Arizona,40698,0,0,4,4,0,4,4,13,MARICOPA (13),220,GOODYEAR,10,October,27,27,5,Thursday,2022,23,11:00pm-11:59pm,18,18,SR-303,NA,3,State Highway,2,Urban,2,Principal Arterial - Other Freeways and Expressways,1,State Highway Agency,1,This section IS ON the NHS,0,No Special Jurisdiction,44,44,33.50629444,33.50629444,-112.41883889,-112.41883889,12,Motor Vehicle In-Transport,1,Front-to-Rear,1,Yes,18,Through Roadway,1,Not an Intersection,1,On Roadway,0,None,3,Dark - Lighted,1,Clear,0,No,0000000,Not Applicable,23,11:00pm-11:59pm,20,20,23,11:00pm-11:59pm,37,37,99,Unknown,99,Unknown EMS Hospital Arrival Time,1
4,Arizona,40699,0,0,2,2,0,2,2,13,MARICOPA (13),370,PHOENIX,10,October,28,28,6,Friday,2022,5,5:00am-5:59am,26,26,I-10,NA,1,Interstate,2,Urban,1,Interstate,1,State Highway Agency,1,This section IS ON the NHS,0,No Special Jurisdiction,1383,1383,33.46266667,33.46266667,-112.19125833,-112.19125833,12,Motor Vehicle In-Transport,1,Front-to-Rear,1,Yes,18,Through Roadway,1,Not an Intersection,1,On Roadway,0,None,3,Dark - Lighted,1,Clear,0,No,0000000,Not Applicable,5,5:00am-5:59am,27,27,5,5:00am-5:59am,42,42,88,Not Applicable (Not Transported),88,Not Applicable (Not Transported),1
4,Arizona,40700,0,0,2,2,0,5,5,13,MARICOPA (13),0,NOT APPLICABLE,10,October,28,28,6,Friday,2022,12,12:00pm-12:59pm,50,50,SR-347 MARICOPA RD,RIGGS RD,3,State Highway,1,Rural,3,Principal Arterial - Other,1,State Highway Agency,1,This section IS ON the NHS,3,Indian Reservation,233,233,33.21913333,33.21913333,-111.98902778,-111.98902778,12,Motor Vehicle In-Transport,6,Angle,0,No,2,Intersection,2,Four-Way Intersection,1,On Roadway,0,None,1,Daylight,1,Clear,0,No,0000000,Not Applicable,12,12:00pm-12:59pm,56,56,13,1:00pm-1:59pm,5,5,99,Unknown,99,Unknown EMS Hospital Arrival Time,1
4,Arizona,40701,0,0,2,2,0,2,2,13,MARICOPA (13),420,SCOTTSDALE,10,October,28,28,6,Friday,2022,14,2:00pm-2:59pm,24,24,SR-74 CAREFREE HWY,NONE,3,State Highway,2,Urban,3,Principal Arterial - Other,1,State Highway Agency,0,This section IS NOT on the NHS,0,No Special Jurisdiction,520,520,33.79924444,33.79924444,-111.93015833,-111.93015833,12,Motor Vehicle In-Transport,6,Angle,0,No,2,Intersection,3,T-Intersection,1,On Roadway,0,None,1,Daylight,1,Clear,0,No,0000000,Not Applicable,14,2:00pm-2:59pm,24,24,14,2:00pm-2:59pm,30,30,15,3:00pm-3:59pm,25,25,1
4,Arizona,40702,1,1,1,1,0,1,1,19,PIMA (19),530,TUCSON,10,October,29,29,7,Saturday,2022,1,1:00am-1:59am,30,30,I-10,NA,1,Interstate,2,Urban,1,Interstate,1,State Highway Agency,1,This section IS ON the NHS,0,No Special Jurisdiction,2536,2536,32.28053611,32.28053611,-111.01813611,-111.01813611,8,Pedestrian,0,The First Harmful Event was Not a Collision with a Motor Vehicle in Transport,0,No,1,Non-Junction,1,Not an Intersection,1,On Roadway,0,None,3,Dark - Lighted,1,Clear,0,No,0000000,Not Applicable,1,1:00am-1:59am,33,33,1,1:00am-1:59am,45,45,88,Not Applicable (Not Transported),88,Not Applicable (Not Transported),1
4,Arizona,40703,0,0,1,1,0,1,1,13,MARICOPA (13),0,NOT APPLICABLE,10,October,29,29,7,Saturday,2022,16,4:00pm-4:59pm,9,9,SR-88 APACHE TRL,NA,3,State Highway,1,Rural,5,Major Collector,1,State Highway Agency,0,This section IS NOT on the NHS,0,No Special Jurisdiction,179,179,33.52984167,33.52984167,-111.40589444,-111.40589444,18,Other Object (not fixed),0,The First Harmful Event was Not a Collision with a Motor Vehicle in Transport,0,No,1,Non-Junction,1,Not an Intersection,4,On Roadside,0,None,1,Daylight,1,Clear,0,No,0000000,Not Applicable,16,4:00pm-4:59pm,11,11,16,4:00pm-4:59pm,40,40,88,Not Applicable (Not Transported),88,Not Applicable (Not Transported),1
4,Arizona,40704,0,0,2,2,0,3,3,13,MARICOPA (13),0,NOT APPLICABLE,10,October,30,30,1,Sunday,2022,7,7:00am-7:59am,25,25,SR-85,NA,3,State Highway,1,Rural,3,Principal Arterial - Other,1,State Highway Agency,1,This section IS ON the NHS,0,No Special Jurisdiction,21,21,32.97085833,32.97085833,-112.67297778,-112.67297778,12,Motor Vehicle In-Transport,2,Front-to-Front,0,No,1,Non-Junction,1,Not an Intersection,1,On Roadway,0,None,1,Daylight,1,Clear,0,No,0000000,Not Applicable,7,7:00am-7:59am,30,30,7,7:00am-7:59am,43,43,88,Not Applicable (Not Transported),88,Not Applicable (Not Transported),1
4,Arizona,40705,0,0,1,1,0,1,1,19,PIMA (19),335,ORO VALLEY,10,October,31,31,2,Monday,2022,15,3:00pm-3:59pm,50,50,MAGEE RD,NA,8,Other,2,Urban,5,Major Collector,2,County Highway Agency,0,This section IS NOT on the NHS,0,No Special Jurisdiction,207,207,32.35171944,32.35171944,-110.97466111,-110.97466111,30,Utility Pole/Light Support,0,The First Harmful Event was Not a Collision with a Motor Vehicle in Transport,0,No,1,Non-Junction,1,Not an Intersection,4,On Roadside,0,None,1,Daylight,1,Clear,0,No,0000000,Not Applicable,15,3:00pm-3:59pm,51,51,15,3:00pm-3:59pm,53,53,16,4:00pm-4:59pm,21,21,1
4,Arizona,40706,1,1,1,1,0,3,3,13,MARICOPA (13),290,MESA,10,October,31,31,2,Monday,2022,21,9:00pm-9:59pm,41,41,MCKELLIPS RD,NA,6,Local Street - Municipality,2,Urban,4,Minor Arterial,4,City or Municipal Highway Agency,0,This section IS NOT on the NHS,0,No Special Jurisdiction,72,72,33.451425,33.451425,-111.81595278,-111.81595278,8,Pedestrian,0,The First Harmful Event was Not a Collision with a Motor Vehicle in Transport,0,No,1,Non-Junction,1,Not an Intersection,1,On Roadway,0,None,3,Dark - Lighted,1,Clear,0,No,0000000,Not Applicable,21,9:00pm-9:59pm,41,41,21,9:00pm-9:59pm,45,45,21,9:00pm-9:59pm,55,55,1
4,Arizona,40707,1,1,1,1,0,1,1,13,MARICOPA (13),190,GILBERT,10,October,31,31,2,Monday,2022,22,10:00pm-10:59pm,52,52,JUNIPER AVE,NA,6,Local Street - Municipality,2,Urban,5,Major Collector,4,City or Municipal Highway Agency,0,This section IS NOT on the NHS,0,No Special Jurisdiction,99998,Not Reported,33.36098333,33.36098333,-111.7634,-111.7634,8,Pedestrian,0,The First Harmful Event was Not a Collision with a Motor Vehicle in Transport,0,No,1,Non-Junction,1,Not an Intersection,1,On Roadway,0,None,3,Dark - Lighted,1,Clear,0,No,0000000,Not Applicable,22,10:00pm-10:59pm,58,58,23,11:00pm-11:59pm,2,2,88,Not Applicable (Not Transported),88,Not Applicable (Not Transported),1
4,Arizona,40708,1,1,1,1,0,2,2,19,PIMA (19),295,MARANA,10,October,21,21,6,Friday,2022,19,7:00pm-7:59pm,55,55,AVRA VALLEY RD,NA,6,Local Street - Municipality,1,Rural,5,Major Collector,4,City or Municipal Highway Agency,0,This section IS NOT on the NHS,0,No Special Jurisdiction,152,152,32.3952,32.3952,-111.25211944,-111.25211944,8,Pedestrian,0,The First Harmful Event was Not a Collision with a Motor Vehicle in Transport,0,No,1,Non-Junction,1,Not an Intersection,1,On Roadway,0,None,2,Dark - Not Lighted,1,Clear,0,No,0000000,Not Applicable,19,7:00pm-7:59pm,57,57,20,8:00pm-8:59pm,5,5,88,Not Applicable (Not Transported),88,Not Applicable (Not Transported),1
4,Arizona,40709,0,0,1,1,0,1,1,13,MARICOPA (13),420,SCOTTSDALE,10,October,22,22,7,Saturday,2022,21,9:00pm-9:59pm,8,8,LEGACY BLVD,NA,6,Local Street - Municipality,2,Urban,5,Major Collector,4,City or Municipal Highway Agency,0,This section IS NOT on the NHS,0,No Special Jurisdiction,99998,Not Reported,33.66163056,33.66163056,-111.91710833,-111.91710833,33,Curb,0,The First Harmful Event was Not a Collision with a Motor Vehicle in Transport,0,No,1,Non-Junction,1,Not an Intersection,4,On Roadside,0,None,3,Dark - Lighted,1,Clear,0,No,0000000,Not Applicable,21,9:00pm-9:59pm,8,8,21,9:00pm-9:59pm,21,21,21,9:00pm-9:59pm,39,39,1
4,Arizona,40711,0,0,1,1,0,1,1,27,YUMA (27),0,NOT APPLICABLE,10,October,23,23,1,Sunday,2022,10,10:00am-10:59am,14,14,I-8,NA,1,Interstate,1,Rural,1,Interstate,1,State Highway Agency,1,This section IS ON the NHS,0,No Special Jurisdiction,720,720,32.82124722,32.82124722,-113.46718056,-113.46718056,41,Shrubbery,0,The First Harmful Event was Not a Collision with a Motor Vehicle in Transport,0,No,1,Non-Junction,1,Not an Intersection,4,On Roadside,0,None,1,Daylight,1,Clear,0,No,0000000,Not Applicable,10,10:00am-10:59am,14,14,10,10:00am-10:59am,45,45,88,Not Applicable (Not Transported),88,Not Applicable (Not Transported),1
4,Arizona,40712,0,0,1,1,0,1,1,19,PIMA (19),0,NOT APPLICABLE,10,October,23,23,1,Sunday,2022,17,5:00pm-5:59pm,40,40,E RIVER RD,NA,6,Local Street - Municipality,2,Urban,3,Principal Arterial - Other,4,City or Municipal Highway Agency,0,This section IS NOT on the NHS,0,No Special Jurisdiction,15,15,32.28985833,32.28985833,-110.94725,-110.94725,39,Wall,0,The First Harmful Event was Not a Collision with a Motor Vehicle in Transport,0,No,1,Non-Junction,1,Not an Intersection,5,Outside Trafficway,0,None,5,Dusk,1,Clear,0,No,0000000,Not Applicable,17,5:00pm-5:59pm,40,40,17,5:00pm-5:59pm,47,47,18,6:00pm-6:59pm,12,12,1
4,Arizona,40713,0,0,2,2,0,2,2,13,MARICOPA (13),0,NOT APPLICABLE,10,October,24,24,2,Monday,2022,17,5:00pm-5:59pm,25,25,GILBERT RD,NA,6,Local Street - Municipality,2,Urban,4,Minor Arterial,4,City or Municipal Highway Agency,0,This section IS NOT on the NHS,0,No Special Jurisdiction,158,158,33.39767778,33.39767778,-111.78821111,-111.78821111,12,Motor Vehicle In-Transport,6,Angle,0,No,8,Driveway Access Related,1,Not an Intersection,1,On Roadway,0,None,1,Daylight,1,Clear,0,No,0000000,Not Applicable,17,5:00pm-5:59pm,25,25,17,5:00pm-5:59pm,30,30,17,5:00pm-5:59pm,45,45,1
4,Arizona,40714,0,0,1,1,0,1,1,13,MARICOPA (13),486,SURPRISE,3,March,1,1,3,Tuesday,2022,99,Unknown Hours,99,Unknown Minutes,N 134TH AVE,NA,9,Unknown,9,Unknown,98,Not Reported,98,Not Reported,9,Unknown if this section is on the NHS,9,Unknown,0,None,77.7777,77.7777,777.7777,777.7777,99,Reported as Unknown,99,Reported as Unknown,8,Not Reported,98,Not Reported,98,Not Reported,98,Not Reported,0,None,9,Reported as Unknown,99,Reported as Unknown,0,No,0000000,Not Applicable,99,Unknown,99,Unknown,99,Unknown EMS Scene Arrival Hour,99,Unknown EMS Scene Arrival Minutes,99,Unknown,99,Unknown EMS Hospital Arrival Time,1
4,Arizona,40715,1,1,1,1,0,1,1,7,GILA (7),416,SAN CARLOS,3,March,1,1,3,Tuesday,2022,20,8:00pm-8:59pm,2,2,BIA 903,NA,8,Other,1,Rural,6,Minor Collector,62,Bureau of Indian Affairs,0,This section IS NOT on the NHS,0,No Special Jurisdiction,0,None,33.36805,33.36805,-110.46508333,-110.46508333,8,Pedestrian,0,The First Harmful Event was Not a Collision with a Motor Vehicle in Transport,8,Not Reported,98,Not Reported,98,Not Reported,1,On Roadway,0,None,9,Reported as Unknown,99,Reported as Unknown,0,No,0000000,Not Applicable,99,Unknown,99,Unknown,99,Unknown EMS Scene Arrival Hour,99,Unknown EMS Scene Arrival Minutes,99,Unknown,98,Unknown if Transported,1
4,Arizona,40716,0,0,1,1,0,1,1,25,YAVAPAI (25),0,NOT APPLICABLE,3,March,3,3,5,Thursday,2022,7,7:00am-7:59am,8,8,BRADSWHAW MTN RD,NA,8,Other,1,Rural,7,Local,98,Not Reported,0,This section IS NOT on the NHS,0,No Special Jurisdiction,0,None,34.55258889,34.55258889,-112.23564167,-112.23564167,99,Reported as Unknown,99,Reported as Unknown,8,Not Reported,98,Not Reported,98,Not Reported,98,Not Reported,0,None,1,Daylight,98,Not Reported,0,No,0000000,Not Applicable,99,Unknown,99,Unknown,99,Unknown EMS Scene Arrival Hour,99,Unknown EMS Scene Arrival Minutes,99,Unknown,99,Unknown EMS Hospital Arrival Time,1
4,Arizona,40717,0,0,1,1,0,1,1,17,NAVAJO (17),253,KAYENTA,3,March,4,4,6,Friday,2022,6,6:00am-6:59am,15,15,GRADED DIRT RD,NA,9,Unknown,9,Unknown,99,Unknown,99,Unknown,9,Unknown if this section is on the NHS,9,Unknown,0,None,77.7777,77.7777,777.7777,777.7777,1,Rollover/Overturn,0,The First Harmful Event was Not a Collision with a Motor Vehicle in Transport,0,No,1,Non-Junction,1,Not an Intersection,98,Not Reported,0,None,9,Reported as Unknown,99,Reported as Unknown,0,No,0000000,Not Applicable,99,Unknown,99,Unknown,99,Unknown EMS Scene Arrival Hour,99,Unknown EMS Scene Arrival Minutes,88,Not Applicable (Not Transported),88,Not Applicable (Not Transported),1
4,Arizona,40719,0,0,1,1,0,2,2,5,COCONINO (5),170,FLAGSTAFF,3,March,11,11,6,Friday,2022,8,8:00am-8:59am,4,4,US-180,NA,2,US Highway,9,Unknown,99,Unknown,99,Unknown,9,Unknown if this section is on the NHS,0,No Special Jurisdiction,99999,Unknown,99.9999,99.9999,999.9999,999.9999,99,Reported as Unknown,99,Reported as Unknown,8,Not Reported,98,Not Reported,98,Not Reported,98,Not Reported,0,None,1,Daylight,98,Not Reported,0,No,0000000,Not Applicable,99,Unknown,99,Unknown,99,Unknown EMS Scene Arrival Hour,99,Unknown EMS Scene Arrival Minutes,99,Unknown,99,Unknown EMS Hospital Arrival Time,1
4,Arizona,40720,0,0,1,1,0,2,2,5,COCONINO (5),0,NOT APPLICABLE,3,March,11,11,6,Friday,2022,19,7:00pm-7:59pm,2,2,SR-99,NA,3,State Highway,1,Rural,5,Major Collector,1,State Highway Agency,0,This section IS NOT on the NHS,0,No Special Jurisdiction,329,329,35.17040556,35.17040556,-110.91713611,-110.91713611,99,Reported as Unknown,99,Reported as Unknown,8,Not Reported,98,Not Reported,98,Not Reported,98,Not Reported,0,None,9,Reported as Unknown,99,Reported as Unknown,0,No,0000000,Not Applicable,99,Unknown,99,Unknown,99,Unknown EMS Scene Arrival Hour,99,Unknown EMS Scene Arrival Minutes,99,Unknown,99,Unknown EMS Hospital Arrival Time,2
4,Arizona,40721,0,0,1,1,0,1,1,17,NAVAJO (17),0,NOT APPLICABLE,3,March,11,11,6,Friday,2022,22,10:00pm-10:59pm,10,10,SR-87,NA,3,State Highway,1,Rural,5,Major Collector,1,State Highway Agency,0,This section IS NOT on the NHS,0,No Special Jurisdiction,2424,2424,35.16720278,35.16720278,-110.45041389,-110.45041389,99,Reported as Unknown,99,Reported as Unknown,8,Not Reported,98,Not Reported,98,Not Reported,98,Not Reported,0,None,6,Dark - Unknown Lighting,99,Reported as Unknown,0,No,0000000,Not Applicable,99,Unknown,99,Unknown,99,Unknown EMS Scene Arrival Hour,99,Unknown EMS Scene Arrival Minutes,99,Unknown,98,Unknown if Transported,1