STATE,STATENAME,ST_CASE,PEDS,PERNOTMVIT,VE_TOTAL,VE_FORMS,PVH_INVL,PERSONS,PERMVIT,COUNTY,COUNTYNAME,CITY,CITYNAME,MONTH,MONTHNAME,DAY,DAYNAME,DAY_WEEK,DAY_WEEKNAME,YEAR,HOUR,HOURNAME,MINUTE,MINUTENAME,TWAY_ID,TWAY_ID2,ROUTE,ROUTENAME,RUR_URB,RUR_URBNAME,FUNC_SYS,FUNC_SYSNAME,RD_OWNER,RD_OWNERNAME,NHS,NHSNAME,SP_JUR,SP_JURNAME,MILEPT,MILEPTNAME,LATITUDE,LATITUDENAME,LONGITUD,LONGITUDNAME,HARM_EV,HARM_EVNAME,MAN_COLL,MAN_COLLNAME,RELJCT1,RELJCT1NAME,RELJCT2,RELJCT2NAME,TYP_INT,TYP_INTNAME,REL_ROAD,REL_ROADNAME,WRK_ZONE,WRK_ZONENAME,LGT_COND,LGT_CONDNAME,WEATHER,WEATHERNAME,SCH_BUS,SCH_BUSNAME,RAIL,RAILNAME,NOT_HOUR,NOT_HOURNAME,NOT_MIN,NOT_MINNAME,ARR_HOUR,ARR_HOURNAME,ARR_MIN,ARR_MINNAME,HOSP_HR,HOSP_HRNAME,HOSP_MN,HOSP_MNNAME,FATALS
4,Arizona,40762,1,1,2,2,0,2,2,13,MARICOPA (13),370,PHOENIX,10,October,18,18,3,Tuesday,2022,22,10:00pm-10:59pm,34,34,BELL RD,N 23RD ST,6,Local Street - Municipality,2,Urban,3,Principal Arterial - Other,4,City or Municipal Highway Agency,1,This section IS ON the NHS,0,No Special Jurisdiction,0,None,33.64058056,33.64058056,-112.03306389,-112.03306389,8,Pedestrian,0,The First Harmful Event was Not a Collision with a Motor Vehicle in Transport,0,No,3,Intersection-Related,3,T-Intersection,1,On Roadway,0,None,3,Dark - Lighted,1,Clear,0,No,0000000,Not Applicable,99,Unknown,99,Unknown,99,Unknown EMS Scene Arrival Hour,99,Unknown EMS Scene Arrival Minutes,88,Not Applicable (Not Transported),88,Not Applicable (Not Transported),1
4,Arizona,40763,1,1,1,1,0,1,1,19,PIMA (19),530,TUCSON,10,October,22,22,7,Saturday,2022,4,4:00am-4:59am,54,54,S COUNTRY CLUB RD,NA,6,Local Street - Municipality,2,Urban,5,Major Collector,4,City or Municipal Highway Agency,0,This section IS NOT on the NHS,0,No Special Jurisdiction,0,None,32.13886944,32.13886944,-110.92614722,-110.92614722,8,Pedestrian,0,The First Harmful Event was Not a Collision with a Motor Vehicle in Transport,0,No,1,Non-Junction,1,Not an Intersection,1,On Roadway,0,None,2,Dark - Not Lighted,1,Clear,0,No,0000000,Not Applicable,4,4:00am-4:59am,54,54,5,5:00am-5:59am,1,1,88,Not Applicable (Not Transported),88,Not Applicable (Not Transported),1
4,Arizona,40764,0,0,2,2,0,3,3,13,MARICOPA (13),368,PEORIA,10,October,22,22,7,Saturday,2022,8,8:00am-8:59am,27,27,SR-4,NA,3,State Highway,1,Rural,3,Principal Arterial - Other,1,State Highway Agency,0,This section IS NOT on the NHS,0,No Special Jurisdiction,249,249,33.797675,33.797675,-112.22383611,-112.22383611,12,Motor Vehicle In-Transport,6,Angle,0,No,1,Non-Junction,1,Not an Intersection,1,On Roadway,0,None,1,Daylight,1,Clear,0,No,0000000,Not Applicable,8,8:00am-8:59am,27,27,8,8:00am-8:59am,40,40,88,Not Applicable (Not Transported),88,Not Applicable (Not Transported),2
4,Arizona,40765,1,1,1,1,0,1,1,19,PIMA (19),530,TUCSON,10,October,27,27,5,Thursday,2022,21,9:00pm-9:59pm,44,44,S ALVERNON WAY,NA,6,Local Street - Municipality,2,Urban,3,Principal Arterial - Other,4,City or Municipal Highway Agency,0,This section IS NOT on the NHS,0,No Special Jurisdiction,0,None,32.20560833,32.20560833,-110.9095,-110.9095,8,Pedestrian,0,The First Harmful Event was Not a Collision with a Motor Vehicle in Transport,0,No,1,Non-Junction,1,Not an Intersection,1,On Roadway,0,None,6,Dark - Unknown Lighting,1,Clear,0,No,0000000,Not Applicable,21,9:00pm-9:59pm,46,46,21,9:00pm-9:59pm,49,49,88,Not Applicable (Not Transported),88,Not Applicable (Not Transported),1
4,Arizona,40766,0,0,1,1,0,1,1,3,COCHISE (3),40,BENSON,11,November,1,1,3,Tuesday,2022,16,4:00pm-4:59pm,54,54,I-10,NA,1,Interstate,1,Rural,1,Interstate,1,State Highway Agency,1,This section IS ON the NHS,0,No Special Jurisdiction,3033,3033,31.96806111,31.96806111,-110.33298889,-110.33298889,1,Rollover/Overturn,0,The First Harmful Event was Not a Collision with a Motor Vehicle in Transport,0,No,1,Non-Junction,1,Not an Intersection,1,On Roadway,0,None,1,Daylight,1,Clear,0,No,0000000,Not Applicable,16,4:00pm-4:59pm,54,54,16,4:00pm-4:59pm,59,59,88,Not Applicable (Not Transported),88,Not Applicable (Not Transported),1
4,Arizona,40767,0,0,2,2,0,2,2,21,PINAL (21),405,SACATON,11,November,2,2,4,Wednesday,2022,9,9:00am-9:59am,11,11,SR-587,NA,3,State Highway,2,Urban,4,Minor Arterial,1,State Highway Agency,1,This section IS ON the NHS,0,No Special Jurisdiction,2,2,33.19921667,33.19921667,-111.84093889,-111.84093889,12,Motor Vehicle In-Transport,2,Front-to-Front,0,No,1,Non-Junction,1,Not an Intersection,1,On Roadway,0,None,1,Daylight,10,Cloudy,0,No,0000000,Not Applicable,9,9:00am-9:59am,15,15,9,9:00am-9:59am,31,31,99,Unknown,99,Unknown EMS Hospital Arrival Time,1
4,Arizona,40768,0,0,2,2,0,2,2,13,MARICOPA (13),0,NOT APPLICABLE,11,November,2,2,4,Wednesday,2022,21,9:00pm-9:59pm,10,10,SR-347,RIGGS RD,3,State Highway,1,Rural,3,Principal Arterial - Other,1,State Highway Agency,1,This section IS ON the NHS,0,No Special Jurisdiction,241,241,33.21927222,33.21927222,-111.98903889,-111.98903889,12,Motor Vehicle In-Transport,6,Angle,0,No,2,Intersection,2,Four-Way Intersection,1,On Roadway,0,None,2,Dark - Not Lighted,10,Cloudy,0,No,0000000,Not Applicable,21,9:00pm-9:59pm,13,13,21,9:00pm-9:59pm,20,20,99,Unknown,99,Unknown EMS Hospital Arrival Time,1
4,Arizona,40769,0,0,1,1,0,2,2,25,YAVAPAI (25),386,PRESCOTT,11,November,3,3,5,Thursday,2022,1,1:00am-1:59am,16,16,SR-89,NA,3,State Highway,2,Urban,4,Minor Arterial,1,State Highway Agency,0,This section IS NOT on the NHS,0,No Special Jurisdiction,0,None,34.52683889,34.52683889,-112.47918611,-112.47918611,33,Curb,0,The First Harmful Event was Not a Collision with a Motor Vehicle in Transport,0,No,1,Non-Junction,1,Not an Intersection,4,On Roadside,0,None,2,Dark - Not Lighted,10,Cloudy,0,No,0000000,Not Applicable,1,1:00am-1:59am,16,16,1,1:00am-1:59am,20,20,99,Unknown,99,Unknown EMS Hospital Arrival Time,1
4,Arizona,40770,0,0,2,2,0,3,3,3,COCHISE (3),580,WILLCOX,11,November,4,4,6,Friday,2022,11,11:00am-11:59am,37,37,I-10,NA,1,Interstate,1,Rural,1,Interstate,1,State Highway Agency,1,This section IS ON the NHS,0,No Special Jurisdiction,3487,3487,32.34516389,32.34516389,-109.74998889,-109.74998889,12,Motor Vehicle In-Transport,2,Front-to-Front,0,No,1,Non-Junction,1,Not an Intersection,1,On Roadway,0,None,1,Daylight,1,Clear,0,No,0000000,Not Applicable,11,11:00am-11:59am,37,37,11,11:00am-11:59am,59,59,99,Unknown,99,Unknown EMS Hospital Arrival Time,2
4,Arizona,40771,1,1,1,1,0,2,2,13,MARICOPA (13),200,GLENDALE,11,November,4,4,6,Friday,2022,16,4:00pm-4:59pm,53,53,W GLENDALE AVE,N 47TH AVE,6,Local Street - Municipality,2,Urban,4,Minor Arterial,4,City or Municipal Highway Agency,0,This section IS NOT on the NHS,0,No Special Jurisdiction,0,None,33.53833056,33.53833056,-112.16009444,-112.16009444,9,Pedalcyclist,0,The First Harmful Event was Not a Collision with a Motor Vehicle in Transport,0,No,3,Intersection-Related,2,Four-Way Intersection,1,On Roadway,0,None,5,Dusk,1,Clear,0,No,0000000,Not Applicable,16,4:00pm-4:59pm,53,53,16,4:00pm-4:59pm,57,57,17,5:00pm-5:59pm,10,10,1
4,Arizona,40772,0,0,2,2,0,2,2,19,PIMA (19),530,TUCSON,11,November,4,4,6,Friday,2022,18,6:00pm-6:59pm,18,18,N ALVERNON WAY,E LEE ST,6,Local Street - Municipality,2,Urban,3,Principal Arterial - Other,4,City or Municipal Highway Agency,0,This section IS NOT on the NHS,0,No Special Jurisdiction,0,None,32.241625,32.241625,-110.90970278,-110.90970278,12,Motor Vehicle In-Transport,6,Angle,0,No,2,Intersection,2,Four-Way Intersection,1,On Roadway,0,None,3,Dark - Lighted,1,Clear,0,No,0000000,Not Applicable,18,6:00pm-6:59pm,18,18,18,6:00pm-6:59pm,25,25,18,6:00pm-6:59pm,52,52,1
4,Arizona,40773,0,0,1,1,0,1,1,17,NAVAJO (17),0,NOT APPLICABLE,11,November,4,4,6,Friday,2022,21,9:00pm-9:59pm,15,15,US-60,NA,2,US Highway,1,Rural,4,Minor Arterial,1,State Highway Agency,0,This section IS NOT on the NHS,0,No Special Jurisdiction,2996,2996,34.18542778,34.18542778,-110.09234722,-110.09234722,41,Shrubbery,0,The First Harmful Event was Not a Collision with a Motor Vehicle in Transport,0,No,1,Non-Junction,1,Not an Intersection,4,On Roadside,0,None,2,Dark - Not Lighted,1,Clear,0,No,0000000,Not Applicable,21,9:00pm-9:59pm,12,12,21,9:00pm-9:59pm,24,24,88,Not Applicable (Not Transported),88,Not Applicable (Not Transported),1
4,Arizona,40774,0,0,2,2,0,2,2,13,MARICOPA (13),290,MESA,11,November,5,5,7,Saturday,2022,1,1:00am-1:59am,55,55,N CENTER ST,W BROWN RD,6,Local Street - Municipality,2,Urban,5,Major Collector,4,City or Municipal Highway Agency,0,This section IS NOT on the NHS,0,No Special Jurisdiction,0,None,33.43499722,33.43499722,-111.83131667,-111.83131667,12,Motor Vehicle In-Transport,6,Angle,0,No,2,Intersection,2,Four-Way Intersection,1,On Roadway,0,None,3,Dark - Lighted,1,Clear,0,No,0000000,Not Applicable,1,1:00am-1:59am,55,55,2,2:00am-2:59am,2,2,99,Unknown,99,Unknown EMS Hospital Arrival Time,1
4,Arizona,40775,1,1,1,1,0,1,1,19,PIMA (19),530,TUCSON,11,November,5,5,7,Saturday,2022,3,3:00am-3:59am,4,4,W VALENCIA RD,NA,9,Unknown,2,Urban,4,Minor Arterial,2,County Highway Agency,0,This section IS NOT on the NHS,0,No Special Jurisdiction,0,None,32.13346389,32.13346389,-111.06154722,-111.06154722,9,Pedalcyclist,0,The First Harmful Event was Not a Collision with a Motor Vehicle in Transport,0,No,1,Non-Junction,1,Not an Intersection,98,Not Reported,0,None,2,Dark - Not Lighted,1,Clear,0,No,0000000,Not Applicable,99,Unknown,99,Unknown,99,Unknown EMS Scene Arrival Hour,99,Unknown EMS Scene Arrival Minutes,88,Not Applicable (Not Transported),88,Not Applicable (Not Transported),1
4,Arizona,40776,0,0,2,2,0,3,3,21,PINAL (21),0,NOT APPLICABLE,11,November,6,6,1,Sunday,2022,11,11:00am-11:59am,23,23,US-60,NA,2,US Highway,1,Rural,3,Principal Arterial - Other,1,State Highway Agency,1,This section IS ON the NHS,0,No Special Jurisdiction,2022,2022,33.34267222,33.34267222,-110.99911944,-110.99911944,12,Motor Vehicle In-Transport,2,Front-to-Front,0,No,1,Non-Junction,1,Not an Intersection,1,On Roadway,0,None,1,Daylight,1,Clear,0,No,0000000,Not Applicable,11,11:00am-11:59am,32,32,11,11:00am-11:59am,37,37,99,Unknown,99,Unknown EMS Hospital Arrival Time,1
4,Arizona,40777,0,0,1,1,0,1,1,13,MARICOPA (13),388,QUEEN CREEK,11,November,7,7,2,Monday,2022,11,11:00am-11:59am,35,35,S ELLSWORTH LOOP RD,NA,5,Local Street - Township,2,Urban,3,Principal Arterial - Other,3,Town or Township Highway Agency,0,This section IS NOT on the NHS,0,No Special Jurisdiction,0,None,33.25039444,33.25039444,-111.63776389,-111.63776389,33,Curb,0,The First Harmful Event was Not a Collision with a Motor Vehicle in Transport,0,No,1,Non-Junction,1,Not an Intersection,3,On Median,0,None,1,Daylight,1,Clear,0,No,0000000,Not Applicable,11,11:00am-11:59am,38,38,11,11:00am-11:59am,42,42,12,12:00pm-12:59pm,6,6,1
4,Arizona,40778,0,0,1,1,0,1,1,19,PIMA (19),530,TUCSON,11,November,7,7,2,Monday,2022,12,12:00pm-12:59pm,12,12,W PIMA MINE RD,NA,8,Other,1,Rural,6,Minor Collector,2,County Highway Agency,0,This section IS NOT on the NHS,0,No Special Jurisdiction,0,None,32.00113611,32.00113611,-111.00538333,-111.00538333,30,Utility Pole/Light Support,0,The First Harmful Event was Not a Collision with a Motor Vehicle in Transport,0,No,1,Non-Junction,1,Not an Intersection,4,On Roadside,0,None,1,Daylight,1,Clear,0,No,0000000,Not Applicable,12,12:00pm-12:59pm,13,13,12,12:00pm-12:59pm,27,27,12,12:00pm-12:59pm,55,55,1
4,Arizona,40779,0,0,1,1,0,1,1,13,MARICOPA (13),200,GLENDALE,11,November,7,7,2,Monday,2022,23,11:00pm-11:59pm,38,38,US-60,NA,2,US Highway,2,Urban,3,Principal Arterial - Other,1,State Highway Agency,1,This section IS ON the NHS,0,No Special Jurisdiction,1212,1212,33.56041389,33.56041389,-112.21194167,-112.21194167,33,Curb,0,The First Harmful Event was Not a Collision with a Motor Vehicle in Transport,0,No,1,Non-Junction,1,Not an Intersection,4,On Roadside,0,None,3,Dark - Lighted,1,Clear,0,No,0000000,Not Applicable,23,11:00pm-11:59pm,39,39,23,11:00pm-11:59pm,46,46,23,11:00pm-11:59pm,56,56,1
4,Arizona,40780,0,0,1,1,0,1,1,21,PINAL (21),0,NOT APPLICABLE,11,November,8,8,3,Tuesday,2022,2,2:00am-2:59am,22,22,SR-77,NA,3,State Highway,1,Rural,4,Minor Arterial,1,State Highway Agency,0,This section IS NOT on the NHS,0,No Special Jurisdiction,408,408,32.67597778,32.67597778,-110.65803056,-110.65803056,24,Guardrail Face,0,The First Harmful Event was Not a Collision with a Motor Vehicle in Transport,0,No,1,Non-Junction,1,Not an Intersection,4,On Roadside,0,None,2,Dark - Not Lighted,1,Clear,0,No,0000000,Not Applicable,2,2:00am-2:59am,33,33,2,2:00am-2:59am,45,45,88,Not Applicable (Not Transported),88,Not Applicable (Not Transported),1
4,Arizona,40781,1,1,1,1,0,1,1,19,PIMA (19),530,TUCSON,11,November,8,8,3,Tuesday,2022,15,3:00pm-3:59pm,50,50,E LIMBERLOST DR,N 1ST AVE,6,Local Street - Municipality,2,Urban,5,Major Collector,4,City or Municipal Highway Agency,0,This section IS NOT on the NHS,0,No Special Jurisdiction,0,None,32.28305833,32.28305833,-110.96093333,-110.96093333,8,Pedestrian,0,The First Harmful Event was Not a Collision with a Motor Vehicle in Transport,0,No,3,Intersection-Related,2,Four-Way Intersection,1,On Roadway,0,None,1,Daylight,1,Clear,0,No,0000000,Not Applicable,13,1:00pm-1:59pm,57,57,14,2:00pm-2:59pm,1,1,14,2:00pm-2:59pm,15,15,1
4,Arizona,40782,0,0,1,1,0,10,10,21,PINAL (21),332,ORACLE,11,November,9,9,4,Wednesday,2022,21,9:00pm-9:59pm,44,44,E PARK LINK DR,NA,9,Unknown,1,Rural,5,Major Collector,2,County Highway Agency,0,This section IS NOT on the NHS,0,No Special Jurisdiction,0,None,32.61293056,32.61293056,-111.23600833,-111.23600833,1,Rollover/Overturn,0,The First Harmful Event was Not a Collision with a Motor Vehicle in Transport,0,No,1,Non-Junction,1,Not an Intersection,4,On Roadside,0,None,2,Dark - Not Lighted,1,Clear,0,No,0000000,Not Applicable,21,9:00pm-9:59pm,20,20,21,9:00pm-9:59pm,30,30,99,Unknown,99,Unknown EMS Hospital Arrival Time,1
4,Arizona,40783,0,0,3,3,0,6,6,13,MARICOPA (13),200,GLENDALE,11,November,10,10,5,Thursday,2022,15,3:00pm-3:59pm,26,26,SR-101,NA,3,State Highway,2,Urban,2,Principal Arterial - Other Freeways and Expressways,1,State Highway Agency,1,This section IS ON the NHS,0,No Special Jurisdiction,167,167,33.6684,33.6684,-112.19558889,-112.19558889,12,Motor Vehicle In-Transport,1,Front-to-Rear,0,No,1,Non-Junction,1,Not an Intersection,1,On Roadway,0,None,1,Daylight,1,Clear,0,No,0000000,Not Applicable,15,3:00pm-3:59pm,29,29,15,3:00pm-3:59pm,36,36,16,4:00pm-4:59pm,6,6,1
4,Arizona,40785,0,0,1,1,0,1,1,13,MARICOPA (13),190,GILBERT,11,November,11,11,6,Friday,2022,5,5:00am-5:59am,0,0,E RAY RD,NA,5,Local Street - Township,2,Urban,4,Minor Arterial,3,Town or Township Highway Agency,0,This section IS NOT on the NHS,0,No Special Jurisdiction,0,None,33.32129722,33.32129722,-111.72781111,-111.72781111,33,Curb,0,The First Harmful Event was Not a Collision with a Motor Vehicle in Transport,0,No,1,Non-Junction,1,Not an Intersection,3,On Median,0,None,3,Dark - Lighted,10,Cloudy,0,No,0000000,Not Applicable,5,5:00am-5:59am,26,26,5,5:00am-5:59am,34,34,88,Not Applicable (Not Transported),88,Not Applicable (Not Transported),1
4,Arizona,40786,2,2,1,1,0,1,1,13,MARICOPA (13),370,PHOENIX,11,November,11,11,6,Friday,2022,22,10:00pm-10:59pm,18,18,N 71ST AVE,NA,6,Local Street - Municipality,2,Urban,5,Major Collector,4,City or Municipal Highway Agency,0,This section IS NOT on the NHS,0,No Special Jurisdiction,0,None,33.47407778,33.47407778,-112.21191944,-112.21191944,8,Pedestrian,0,The First Harmful Event was Not a Collision with a Motor Vehicle in Transport,0,No,1,Non-Junction,1,Not an Intersection,1,On Roadway,0,None,3,Dark - Lighted,1,Clear,0,No,0000000,Not Applicable,99,Unknown,99,Unknown,99,Unknown EMS Scene Arrival Hour,99,Unknown EMS Scene Arrival Minutes,99,Unknown,99,Unknown EMS Hospital Arrival Time,1
4,Arizona,40787,0,0,6,6,0,11,11,13,MARICOPA (13),290,MESA,11,November,13,13,1,Sunday,2022,9,9:00am-9:59am,38,38,US-60 RAMP,NA,2,US Highway,2,Urban,2,Principal Arterial - Other Freeways and Expressways,1,State Highway Agency,1,This section IS ON the NHS,0,No Special Jurisdiction,1506,1506,33.38576389,33.38576389,-111.78873611,-111.78873611,12,Motor Vehicle In-Transport,1,Front-to-Rear,1,Yes,5,Entrance/Exit Ramp Related,1,Not an Intersection,1,On Roadway,0,None,1,Daylight,1,Clear,0,No,0000000,Not Applicable,9,9:00am-9:59am,39,39,9,9:00am-9:59am,42,42,10,10:00am-10:59am,10,10,1
4,Arizona,40788,0,0,2,2,0,3,3,5,COCONINO (5),522,TONALEA,11,November,14,14,2,Monday,2022,10,10:00am-10:59am,52,52,US-160,NA,2,US Highway,1,Rural,3,Principal Arterial - Other,1,State Highway Agency,1,This section IS ON the NHS,0,No Special Jurisdiction,286,286,36.29135556,36.29135556,-110.99069722,-110.99069722,12,Motor Vehicle In-Transport,1,Front-to-Rear,0,No,1,Non-Junction,1,Not an Intersection,1,On Roadway,0,None,1,Daylight,1,Clear,0,No,0000000,Not Applicable,10,10:00am-10:59am,52,52,11,11:00am-11:59am,2,2,99,Unknown,99,Unknown EMS Hospital Arrival Time,1
4,Arizona,40789,0,0,1,1,0,1,1,19,PIMA (19),530,TUCSON,11,November,14,14,2,Monday,2022,15,3:00pm-3:59pm,27,27,I-10 RAMP,NA,1,Interstate,2,Urban,1,Interstate,1,State Highway Agency,1,This section IS ON the NHS,0,No Special Jurisdiction,2652,2652,32.15974167,32.15974167,-110.90903056,-110.90903056,33,Curb,0,The First Harmful Event was Not a Collision with a Motor Vehicle in Transport,1,Yes,5,Entrance/Exit Ramp Related,1,Not an Intersection,4,On Roadside,0,None,1,Daylight,1,Clear,0,No,0000000,Not Applicable,15,3:00pm-3:59pm,27,27,15,3:00pm-3:59pm,37,37,15,3:00pm-3:59pm,45,45,1
4,Arizona,40790,0,0,2,2,0,2,2,19,PIMA (19),530,TUCSON,11,November,14,14,2,Monday,2022,12,12:00pm-12:59pm,46,46,E 22ND ST,S WILMOT RD,6,Local Street - Municipality,2,Urban,4,Minor Arterial,4,City or Municipal Highway Agency,0,This section IS NOT on the NHS,0,No Special Jurisdiction,0,None,32.20688889,32.20688889,-110.85817778,-110.85817778,12,Motor Vehicle In-Transport,6,Angle,0,No,2,Intersection,2,Four-Way Intersection,1,On Roadway,0,None,1,Daylight,1,Clear,0,No,0000000,Not Applicable,12,12:00pm-12:59pm,40,40,12,12:00pm-12:59pm,40,40,12,12:00pm-12:59pm,50,50,1
4,Arizona,40791,0,0,1,1,0,1,1,19,PIMA (19),295,MARANA,11,November,14,14,2,Monday,2022,15,3:00pm-3:59pm,50,50,I-10,NA,1,Interstate,2,Urban,1,Interstate,1,State Highway Agency,1,This section IS ON the NHS,0,No Special Jurisdiction,2473,2473,32.35190833,32.35190833,-111.08282778,-111.08282778,35,Embankment,0,The First Harmful Event was Not a Collision with a Motor Vehicle in Transport,0,No,1,Non-Junction,1,Not an Intersection,4,On Roadside,0,None,1,Daylight,1,Clear,0,No,0000000,Not Applicable,15,3:00pm-3:59pm,54,54,15,3:00pm-3:59pm,59,59,88,Not Applicable (Not Transported),88,Not Applicable (Not Transported),1
4,Arizona,40792,0,2,3,2,1,5,3,21,PINAL (21),160,ELOY,11,November,15,15,3,Tuesday,2022,3,3:00am-3:59am,55,55,I-10,NA,1,Interstate,2,Urban,1,Interstate,1,State Highway Agency,1,This section IS ON the NHS,0,No Special Jurisdiction,2082,2082,32.73618333,32.73618333,-111.55330278,-111.55330278,14,Parked Motor Vehicle,0,The First Harmful Event was Not a Collision with a Motor Vehicle in Transport,1,Yes,5,Entrance/Exit Ramp Related,1,Not an Intersection,2,On Shoulder,0,None,3,Dark - Lighted,1,Clear,0,No,0000000,Not Applicable,3,3:00am-3:59am,59,59,4,4:00am-4:59am,10,10,88,Not Applicable (Not Transported),88,Not Applicable (Not Transported),2
4,Arizona,40793,1,1,1,1,0,1,1,13,MARICOPA (13),290,MESA,12,December,1,1,5,Thursday,2022,6,6:00am-6:59am,55,55,E 10TH AVE,S MESA DR,8,Other,2,Urban,4,Minor Arterial,4,City or Municipal Highway Agency,0,This section IS NOT on the NHS,0,No Special Jurisdiction,0,None,33.39698611,33.39698611,-111.82311944,-111.82311944,8,Pedestrian,0,The First Harmful Event was Not a Collision with a Motor Vehicle in Transport,0,No,3,Intersection-Related,3,T-Intersection,1,On Roadway,0,None,4,Dawn,1,Clear,0,No,0000000,Not Applicable,6,6:00am-6:59am,55,55,7,7:00am-7:59am,0,0,7,7:00am-7:59am,15,15,1
4,Arizona,40794,0,0,3,3,0,4,4,13,MARICOPA (13),486,SURPRISE,12,December,2,2,6,Friday,2022,9,9:00am-9:59am,9,9,US-60,W MOUNTAIN VIEW BLVD,2,US Highway,2,Urban,3,Principal Arterial - Other,1,State Highway Agency,1,This section IS ON the NHS,0,No Special Jurisdiction,1107,1107,33.64953889,33.64953889,-112.36412778,-112.36412778,12,Motor Vehicle In-Transport,1,Front-to-Rear,0,No,3,Intersection-Related,3,T-Intersection,1,On Roadway,0,None,1,Daylight,1,Clear,0,No,0000000,Not Applicable,9,9:00am-9:59am,9,9,9,9:00am-9:59am,13,13,88,Not Applicable (Not Transported),88,Not Applicable (Not Transported),2
4,Arizona,40795,0,0,1,1,0,1,1,13,MARICOPA (13),290,MESA,12,December,2,2,6,Friday,2022,11,11:00am-11:59am,56,56,S RECKER RD,NA,6,Local Street - Municipality,2,Urban,5,Major Collector,4,City or Municipal Highway Agency,0,This section IS NOT on the NHS,0,No Special Jurisdiction,144,144,33.41095556,33.41095556,-111.70184167,-111.70184167,32,Culvert,0,The First Harmful Event was Not a Collision with a Motor Vehicle in Transport,0,No,1,Non-Junction,1,Not an Intersection,4,On Roadside,0,None,1,Daylight,1,Clear,0,No,0000000,Not Applicable,11,11:00am-11:59am,58,58,12,12:00pm-12:59pm,4,4,12,12:00pm-12:59pm,20,20,1
4,Arizona,40796,1,1,1,1,0,1,1,13,MARICOPA (13),370,PHOENIX,12,December,2,2,6,Friday,2022,18,6:00pm-6:59pm,8,8,E GREENWAY RD,N 40TH ST,8,Other,2,Urban,4,Minor Arterial,4,City or Municipal Highway Agency,0,This section IS NOT on the NHS,0,No Special Jurisdiction,274,274,33.62624444,33.62624444,-111.99600833,-111.99600833,8,Pedestrian,0,The First Harmful Event was Not a Collision with a Motor Vehicle in Transport,0,No,3,Intersection-Related,2,Four-Way Intersection,1,On Roadway,0,None,3,Dark - Lighted,1,Clear,0,No,0000000,Not Applicable,99,Unknown,99,Unknown,99,Unknown EMS Scene Arrival Hour,99,Unknown EMS Scene Arrival Minutes,88,Not Applicable (Not Transported),88,Not Applicable (Not Transported),1
4,Arizona,40797,1,1,1,1,0,2,2,13,MARICOPA (13),370,PHOENIX,12,December,2,2,6,Friday,2022,23,11:00pm-11:59pm,5,5,27TH AVE,NA,6,Local Street - Municipality,2,Urban,4,Minor Arterial,4,City or Municipal Highway Agency,0,This section IS NOT on the NHS,0,No Special Jurisdiction,157,157,33.51976111,33.51976111,-112.11690278,-112.11690278,8,Pedestrian,0,The First Harmful Event was Not a Collision with a Motor Vehicle in Transport,0,No,1,Non-Junction,1,Not an Intersection,1,On Roadway,0,None,3,Dark - Lighted,1,Clear,0,No,0000000,Not Applicable,99,Unknown,99,Unknown,99,Unknown EMS Scene Arrival Hour,99,Unknown EMS Scene Arrival Minutes,99,Unknown,99,Unknown EMS Hospital Arrival Time,1
4,Arizona,40798,1,1,1,1,0,3,3,19,PIMA (19),530,TUCSON,12,December,4,4,1,Sunday,2022,20,8:00pm-8:59pm,2,2,IRVINGTON RD,NA,6,Local Street - Municipality,2,Urban,3,Principal Arterial - Other,4,City or Municipal Highway Agency,1,This section IS ON the NHS,0,No Special Jurisdiction,9,9,32.163375,32.163375,-110.95138611,-110.95138611,8,Pedestrian,0,The First Harmful Event was Not a Collision with a Motor Vehicle in Transport,0,No,1,Non-Junction,1,Not an Intersection,1,On Roadway,0,None,2,Dark - Not Lighted,2,Rain,0,No,0000000,Not Applicable,20,8:00pm-8:59pm,1,1,20,8:00pm-8:59pm,4,4,88,Not Applicable (Not Transported),88,Not Applicable (Not Transported),1
4,Arizona,40800,1,1,1,1,0,1,1,21,PINAL (21),0,NOT APPLICABLE,12,December,6,6,3,Tuesday,2022,3,3:00am-3:59am,27,27,FLORENCE KELVIN HWY,NA,9,Unknown,1,Rural,5,Major Collector,2,County Highway Agency,0,This section IS NOT on the NHS,0,No Special Jurisdiction,0,None,33.00186389,33.00186389,-111.28361667,-111.28361667,8,Pedestrian,0,The First Harmful Event was Not a Collision with a Motor Vehicle in Transport,0,No,1,Non-Junction,1,Not an Intersection,1,On Roadway,0,None,2,Dark - Not Lighted,10,Cloudy,0,No,0000000,Not Applicable,3,3:00am-3:59am,28,28,99,Unknown EMS Scene Arrival Hour,97,Officially Cancelled,99,Unknown,97,Officially Canceled,1