STATE,STATENAME,ST_CASE,PEDS,PERNOTMVIT,VE_TOTAL,VE_FORMS,PVH_INVL,PERSONS,PERMVIT,COUNTY,COUNTYNAME,CITY,CITYNAME,MONTH,MONTHNAME,DAY,DAYNAME,DAY_WEEK,DAY_WEEKNAME,YEAR,HOUR,HOURNAME,MINUTE,MINUTENAME,TWAY_ID,TWAY_ID2,ROUTE,ROUTENAME,RUR_URB,RUR_URBNAME,FUNC_SYS,FUNC_SYSNAME,RD_OWNER,RD_OWNERNAME,NHS,NHSNAME,SP_JUR,SP_JURNAME,MILEPT,MILEPTNAME,LATITUDE,LATITUDENAME,LONGITUD,LONGITUDNAME,HARM_EV,HARM_EVNAME,MAN_COLL,MAN_COLLNAME,RELJCT1,RELJCT1NAME,RELJCT2,RELJCT2NAME,TYP_INT,TYP_INTNAME,REL_ROAD,REL_ROADNAME,WRK_ZONE,WRK_ZONENAME,LGT_COND,LGT_CONDNAME,WEATHER,WEATHERNAME,SCH_BUS,SCH_BUSNAME,RAIL,RAILNAME,NOT_HOUR,NOT_HOURNAME,NOT_MIN,NOT_MINNAME,ARR_HOUR,ARR_HOURNAME,ARR_MIN,ARR_MINNAME,HOSP_HR,HOSP_HRNAME,HOSP_MN,HOSP_MNNAME,FATALS
4,Arizona,40801,0,0,1,1,0,4,4,13,MARICOPA (13),486,SURPRISE,12,December,7,7,4,Wednesday,2022,17,5:00pm-5:59pm,10,10,151ST AVE,NA,8,Other,2,Urban,7,Local,98,Not Reported,0,This section IS NOT on the NHS,0,No Special Jurisdiction,0,None,33.62908056,33.62908056,-112.38528889,-112.38528889,33,Curb,0,The First Harmful Event was Not a Collision with a Motor Vehicle in Transport,0,No,1,Non-Junction,1,Not an Intersection,4,On Roadside,0,None,5,Dusk,1,Clear,0,No,0000000,Not Applicable,17,5:00pm-5:59pm,12,12,17,5:00pm-5:59pm,18,18,99,Unknown,99,Unknown EMS Hospital Arrival Time,2
4,Arizona,40803,1,1,1,1,0,1,1,19,PIMA (19),530,TUCSON,12,December,8,8,5,Thursday,2022,23,11:00pm-11:59pm,6,6,SR-86,NA,3,State Highway,2,Urban,3,Principal Arterial - Other,1,State Highway Agency,0,This section IS NOT on the NHS,0,No Special Jurisdiction,1154,1154,32.17661944,32.17661944,-111.02908333,-111.02908333,8,Pedestrian,0,The First Harmful Event was Not a Collision with a Motor Vehicle in Transport,0,No,1,Non-Junction,1,Not an Intersection,99,Reported as Unknown,0,None,2,Dark - Not Lighted,1,Clear,0,No,0000000,Not Applicable,23,11:00pm-11:59pm,23,23,23,11:00pm-11:59pm,40,40,88,Not Applicable (Not Transported),88,Not Applicable (Not Transported),1
4,Arizona,40804,0,0,3,3,0,11,11,25,YAVAPAI (25),0,NOT APPLICABLE,12,December,12,12,2,Monday,2022,8,8:00am-8:59am,36,36,I-40,NA,1,Interstate,1,Rural,1,Interstate,1,State Highway Agency,1,This section IS ON the NHS,0,No Special Jurisdiction,1245,1245,35.29719444,35.29719444,-112.83246667,-112.83246667,12,Motor Vehicle In-Transport,7,Sideswipe - Same Direction,0,No,1,Non-Junction,1,Not an Intersection,1,On Roadway,0,None,1,Daylight,4,Snow,0,No,0000000,Not Applicable,8,8:00am-8:59am,37,37,8,8:00am-8:59am,55,55,99,Unknown,99,Unknown EMS Hospital Arrival Time,2
4,Arizona,40805,1,1,1,1,0,1,1,13,MARICOPA (13),486,SURPRISE,12,December,12,12,2,Monday,2022,9,9:00am-9:59am,26,26,MOUNTAIN VIEW BLVD,RINCON PEAK DR,6,Local Street - Municipality,2,Urban,5,Major Collector,4,City or Municipal Highway Agency,0,This section IS NOT on the NHS,0,No Special Jurisdiction,4,4,33.67283056,33.67283056,-112.41645,-112.41645,8,Pedestrian,0,The First Harmful Event was Not a Collision with a Motor Vehicle in Transport,0,No,3,Intersection-Related,3,T-Intersection,1,On Roadway,0,None,1,Daylight,1,Clear,0,No,0000000,Not Applicable,9,9:00am-9:59am,27,27,9,9:00am-9:59am,33,33,9,9:00am-9:59am,49,49,1
4,Arizona,40806,0,0,2,2,0,2,2,21,PINAL (21),332,ORACLE,12,December,13,13,3,Tuesday,2022,6,6:00am-6:59am,1,1,SR-77,FRANCES LN,3,State Highway,1,Rural,4,Minor Arterial,1,State Highway Agency,0,This section IS NOT on the NHS,0,No Special Jurisdiction,326,326,32.62256111,32.62256111,-110.79143889,-110.79143889,12,Motor Vehicle In-Transport,6,Angle,0,No,2,Intersection,2,Four-Way Intersection,1,On Roadway,0,None,2,Dark - Not Lighted,1,Clear,0,No,0000000,Not Applicable,6,6:00am-6:59am,4,4,6,6:00am-6:59am,10,10,88,Not Applicable (Not Transported),88,Not Applicable (Not Transported),1
4,Arizona,40808,0,0,2,2,0,3,3,17,NAVAJO (17),429,SHOW LOW,12,December,14,14,4,Wednesday,2022,10,10:00am-10:59am,6,6,SR-77,NA,3,State Highway,1,Rural,3,Principal Arterial - Other,1,State Highway Agency,1,This section IS ON the NHS,0,No Special Jurisdiction,1739,1739,34.27941667,34.27941667,-110.02676389,-110.02676389,12,Motor Vehicle In-Transport,2,Front-to-Front,0,No,1,Non-Junction,1,Not an Intersection,1,On Roadway,0,None,1,Daylight,4,Snow,0,No,0000000,Not Applicable,10,10:00am-10:59am,6,6,10,10:00am-10:59am,15,15,99,Unknown,99,Unknown EMS Hospital Arrival Time,1
4,Arizona,40810,0,0,3,3,0,4,4,13,MARICOPA (13),190,GILBERT,12,December,15,15,5,Thursday,2022,13,1:00pm-1:59pm,24,24,BASELINE RD,DRIFTWOOD DR,6,Local Street - Municipality,2,Urban,4,Minor Arterial,4,City or Municipal Highway Agency,0,This section IS NOT on the NHS,0,No Special Jurisdiction,848,848,33.37921667,33.37921667,-111.76265556,-111.76265556,12,Motor Vehicle In-Transport,6,Angle,0,No,2,Intersection,2,Four-Way Intersection,1,On Roadway,0,None,1,Daylight,10,Cloudy,0,No,0000000,Not Applicable,13,1:00pm-1:59pm,24,24,13,1:00pm-1:59pm,29,29,13,1:00pm-1:59pm,56,56,1
4,Arizona,40811,1,1,1,1,0,1,1,3,COCHISE (3),0,NOT APPLICABLE,12,December,18,18,1,Sunday,2022,22,10:00pm-10:59pm,8,8,SR-92,NA,3,State Highway,2,Urban,4,Minor Arterial,1,State Highway Agency,0,This section IS NOT on the NHS,0,No Special Jurisdiction,48,48,31.48480833,31.48480833,-110.25739722,-110.25739722,8,Pedestrian,0,The First Harmful Event was Not a Collision with a Motor Vehicle in Transport,0,No,1,Non-Junction,1,Not an Intersection,1,On Roadway,0,None,2,Dark - Not Lighted,1,Clear,0,No,0000000,Not Applicable,22,10:00pm-10:59pm,8,8,22,10:00pm-10:59pm,9,9,22,10:00pm-10:59pm,30,30,1
4,Arizona,40812,0,0,1,1,0,1,1,5,COCONINO (5),0,NOT APPLICABLE,12,December,19,19,2,Monday,2022,13,1:00pm-1:59pm,42,42,I-17,NA,1,Interstate,1,Rural,1,Interstate,1,State Highway Agency,1,This section IS ON the NHS,0,No Special Jurisdiction,1197,1197,34.84920278,34.84920278,-111.60530278,-111.60530278,18,Other Object (not fixed),0,The First Harmful Event was Not a Collision with a Motor Vehicle in Transport,1,Yes,19,Other location within Interchange Area,1,Not an Intersection,4,On Roadside,0,None,1,Daylight,1,Clear,0,No,0000000,Not Applicable,1,1:00am-1:59am,35,35,1,1:00am-1:59am,40,40,88,Not Applicable (Not Transported),88,Not Applicable (Not Transported),1
4,Arizona,40813,1,1,1,1,0,1,1,21,PINAL (21),0,NOT APPLICABLE,12,December,19,19,2,Monday,2022,17,5:00pm-5:59pm,59,59,IRONWOOD DR,NA,8,Other,2,Urban,4,Minor Arterial,2,County Highway Agency,0,This section IS NOT on the NHS,0,No Special Jurisdiction,390,390,33.25091667,33.25091667,-111.56321667,-111.56321667,8,Pedestrian,0,The First Harmful Event was Not a Collision with a Motor Vehicle in Transport,0,No,1,Non-Junction,1,Not an Intersection,1,On Roadway,0,None,5,Dusk,1,Clear,0,No,0000000,Not Applicable,17,5:00pm-5:59pm,59,59,18,6:00pm-6:59pm,18,18,88,Not Applicable (Not Transported),88,Not Applicable (Not Transported),1
4,Arizona,40815,0,0,2,2,0,2,2,13,MARICOPA (13),368,PEORIA,12,December,23,23,6,Friday,2022,22,10:00pm-10:59pm,56,56,OLIVE AVE,SR-101 RAMP,8,Other,2,Urban,4,Minor Arterial,1,State Highway Agency,0,This section IS NOT on the NHS,0,No Special Jurisdiction,411,411,33.56619444,33.56619444,-112.25833611,-112.25833611,12,Motor Vehicle In-Transport,1,Front-to-Rear,1,Yes,3,Intersection-Related,2,Four-Way Intersection,1,On Roadway,0,None,3,Dark - Lighted,1,Clear,0,No,0000000,Not Applicable,22,10:00pm-10:59pm,56,56,23,11:00pm-11:59pm,2,2,23,11:00pm-11:59pm,20,20,1
4,Arizona,40816,0,0,1,1,0,2,2,21,PINAL (21),0,NOT APPLICABLE,12,December,24,24,7,Saturday,2022,1,1:00am-1:59am,49,49,EARLY RD,SR-84 JIMMIE KERR BLVD,8,Other,2,Urban,5,Major Collector,2,County Highway Agency,0,This section IS NOT on the NHS,0,No Special Jurisdiction,0,None,32.86492778,32.86492778,-111.73731944,-111.73731944,43,Other Fixed Object,0,The First Harmful Event was Not a Collision with a Motor Vehicle in Transport,0,No,3,Intersection-Related,3,T-Intersection,4,On Roadside,0,None,3,Dark - Lighted,1,Clear,0,No,0000000,Not Applicable,1,1:00am-1:59am,49,49,1,1:00am-1:59am,53,53,99,Unknown,99,Unknown EMS Hospital Arrival Time,1
4,Arizona,40817,0,0,3,3,0,5,5,13,MARICOPA (13),420,SCOTTSDALE,12,December,24,24,7,Saturday,2022,1,1:00am-1:59am,56,56,SR-101,NA,3,State Highway,2,Urban,2,Principal Arterial - Other Freeways and Expressways,1,State Highway Agency,1,This section IS ON the NHS,0,No Special Jurisdiction,407,407,33.57001944,33.57001944,-111.89050278,-111.89050278,12,Motor Vehicle In-Transport,8,Sideswipe - Opposite Direction,1,Yes,17,Acceleration/Deceleration Lane,1,Not an Intersection,1,On Roadway,0,None,3,Dark - Lighted,1,Clear,0,No,0000000,Not Applicable,1,1:00am-1:59am,59,59,2,2:00am-2:59am,6,6,2,2:00am-2:59am,36,36,1
4,Arizona,40818,0,0,2,2,0,4,4,13,MARICOPA (13),420,SCOTTSDALE,12,December,30,30,6,Friday,2022,19,7:00pm-7:59pm,8,8,HAYDEN RD,NA,6,Local Street - Municipality,2,Urban,4,Minor Arterial,4,City or Municipal Highway Agency,0,This section IS NOT on the NHS,0,No Special Jurisdiction,104,104,33.59742778,33.59742778,-111.90851944,-111.90851944,12,Motor Vehicle In-Transport,2,Front-to-Front,0,No,1,Non-Junction,1,Not an Intersection,1,On Roadway,0,None,3,Dark - Lighted,10,Cloudy,0,No,0000000,Not Applicable,19,7:00pm-7:59pm,8,8,19,7:00pm-7:59pm,17,17,20,8:00pm-8:59pm,16,16,1
4,Arizona,40819,0,0,2,2,0,2,2,13,MARICOPA (13),388,QUEEN CREEK,11,November,16,16,4,Wednesday,2022,5,5:00am-5:59am,38,38,E GERMAN RD,NA,6,Local Street - Municipality,2,Urban,5,Major Collector,2,County Highway Agency,0,This section IS NOT on the NHS,0,No Special Jurisdiction,0,None,33.27754444,33.27754444,-111.61156389,-111.61156389,12,Motor Vehicle In-Transport,8,Sideswipe - Opposite Direction,0,No,1,Non-Junction,1,Not an Intersection,1,On Roadway,0,None,2,Dark - Not Lighted,1,Clear,0,No,0000000,Not Applicable,5,5:00am-5:59am,38,38,99,Unknown EMS Scene Arrival Hour,99,Unknown EMS Scene Arrival Minutes,88,Not Applicable (Not Transported),88,Not Applicable (Not Transported),1
4,Arizona,40820,1,1,1,1,0,2,2,13,MARICOPA (13),370,PHOENIX,11,November,17,17,5,Thursday,2022,1,1:00am-1:59am,54,54,I-10,NA,1,Interstate,2,Urban,1,Interstate,1,State Highway Agency,1,This section IS ON the NHS,0,No Special Jurisdiction,1350,1350,33.4621,33.4621,-112.23322222,-112.23322222,8,Pedestrian,0,The First Harmful Event was Not a Collision with a Motor Vehicle in Transport,1,Yes,18,Through Roadway,1,Not an Intersection,1,On Roadway,0,None,3,Dark - Lighted,1,Clear,0,No,0000000,Not Applicable,1,1:00am-1:59am,54,54,2,2:00am-2:59am,6,6,88,Not Applicable (Not Transported),88,Not Applicable (Not Transported),1
4,Arizona,40821,0,0,1,1,0,1,1,15,MOHAVE (15),0,NOT APPLICABLE,11,November,17,17,5,Thursday,2022,21,9:00pm-9:59pm,23,23,I-15,NA,1,Interstate,1,Rural,1,Interstate,1,State Highway Agency,1,This section IS ON the NHS,0,No Special Jurisdiction,80,80,36.8874,36.8874,-113.935,-113.935,17,Boulder,0,The First Harmful Event was Not a Collision with a Motor Vehicle in Transport,1,Yes,5,Entrance/Exit Ramp Related,1,Not an Intersection,5,Outside Trafficway,0,None,3,Dark - Lighted,1,Clear,0,No,0000000,Not Applicable,21,9:00pm-9:59pm,25,25,21,9:00pm-9:59pm,31,31,88,Not Applicable (Not Transported),88,Not Applicable (Not Transported),1
4,Arizona,40822,0,0,2,2,0,2,2,13,MARICOPA (13),190,GILBERT,11,November,18,18,6,Friday,2022,0,0:00am-0:59am,42,42,N GREENFIELD RD,E BASELINE RD,5,Local Street - Township,2,Urban,4,Minor Arterial,3,Town or Township Highway Agency,0,This section IS NOT on the NHS,0,No Special Jurisdiction,0,None,33.37917778,33.37917778,-111.739575,-111.739575,12,Motor Vehicle In-Transport,6,Angle,0,No,2,Intersection,2,Four-Way Intersection,1,On Roadway,0,None,3,Dark - Lighted,1,Clear,0,No,0000000,Not Applicable,99,Unknown,99,Unknown,99,Unknown EMS Scene Arrival Hour,99,Unknown EMS Scene Arrival Minutes,99,Unknown,99,Unknown EMS Hospital Arrival Time,1
4,Arizona,40823,0,0,2,2,0,4,4,13,MARICOPA (13),370,PHOENIX,11,November,18,18,6,Friday,2022,13,1:00pm-1:59pm,1,1,N 24TH ST,NA,6,Local Street - Municipality,2,Urban,4,Minor Arterial,4,City or Municipal Highway Agency,0,This section IS NOT on the NHS,0,No Special Jurisdiction,0,None,33.4761,33.4761,-112.03026667,-112.03026667,12,Motor Vehicle In-Transport,2,Front-to-Front,0,No,1,Non-Junction,1,Not an Intersection,1,On Roadway,0,None,1,Daylight,1,Clear,0,No,0000000,Not Applicable,99,Unknown,99,Unknown,99,Unknown EMS Scene Arrival Hour,99,Unknown EMS Scene Arrival Minutes,99,Unknown,99,Unknown EMS Hospital Arrival Time,1
4,Arizona,40824,0,0,1,1,0,1,1,13,MARICOPA (13),0,NOT APPLICABLE,11,November,18,18,6,Friday,2022,17,5:00pm-5:59pm,11,11,SR-87,NA,3,State Highway,1,Rural,2,Principal Arterial - Other Freeways and Expressways,1,State Highway Agency,1,This section IS ON the NHS,0,No Special Jurisdiction,865,865,33.65880556,33.65880556,-111.52084444,-111.52084444,1,Rollover/Overturn,0,The First Harmful Event was Not a Collision with a Motor Vehicle in Transport,0,No,1,Non-Junction,1,Not an Intersection,3,On Median,0,None,5,Dusk,1,Clear,0,No,0000000,Not Applicable,17,5:00pm-5:59pm,19,19,17,5:00pm-5:59pm,32,32,88,Not Applicable (Not Transported),88,Not Applicable (Not Transported),1
4,Arizona,40825,0,0,3,3,0,6,6,13,MARICOPA (13),368,PEORIA,11,November,19,19,7,Saturday,2022,11,11:00am-11:59am,16,16,SR-101,NA,3,State Highway,2,Urban,2,Principal Arterial - Other Freeways and Expressways,1,State Highway Agency,1,This section IS ON the NHS,0,No Special Jurisdiction,67,67,33.5634,33.5634,-112.25712222,-112.25712222,12,Motor Vehicle In-Transport,7,Sideswipe - Same Direction,0,No,1,Non-Junction,1,Not an Intersection,1,On Roadway,0,None,1,Daylight,1,Clear,0,No,0000000,Not Applicable,11,11:00am-11:59am,20,20,11,11:00am-11:59am,33,33,12,12:00pm-12:59pm,5,5,1
4,Arizona,40826,0,0,2,2,0,4,4,13,MARICOPA (13),220,GOODYEAR,11,November,19,19,7,Saturday,2022,15,3:00pm-3:59pm,16,16,W INDIAN SCHOOL RD,N BULLARD AVE,6,Local Street - Municipality,2,Urban,4,Minor Arterial,4,City or Municipal Highway Agency,0,This section IS NOT on the NHS,0,No Special Jurisdiction,0,None,33.48671389,33.48671389,-112.37330278,-112.37330278,12,Motor Vehicle In-Transport,6,Angle,0,No,2,Intersection,3,T-Intersection,1,On Roadway,0,None,1,Daylight,1,Clear,0,No,0000000,Not Applicable,15,3:00pm-3:59pm,17,17,15,3:00pm-3:59pm,21,21,15,3:00pm-3:59pm,44,44,2
4,Arizona,40827,0,0,2,2,0,4,4,13,MARICOPA (13),420,SCOTTSDALE,11,November,20,20,1,Sunday,2022,18,6:00pm-6:59pm,42,42,N 94TH ST,E THUNDERBIRD RD,6,Local Street - Municipality,2,Urban,4,Minor Arterial,4,City or Municipal Highway Agency,0,This section IS NOT on the NHS,0,No Special Jurisdiction,0,None,33.61165,33.61165,-111.87825278,-111.87825278,12,Motor Vehicle In-Transport,6,Angle,0,No,2,Intersection,2,Four-Way Intersection,1,On Roadway,0,None,3,Dark - Lighted,1,Clear,0,No,0000000,Not Applicable,18,6:00pm-6:59pm,42,42,18,6:00pm-6:59pm,45,45,19,7:00pm-7:59pm,0,0,1
4,Arizona,40828,0,0,2,2,0,7,7,13,MARICOPA (13),368,PEORIA,11,November,20,20,1,Sunday,2022,21,9:00pm-9:59pm,0,0,N 107TH AVE,W LONE CACTUS DR,6,Local Street - Municipality,2,Urban,4,Minor Arterial,4,City or Municipal Highway Agency,0,This section IS NOT on the NHS,0,No Special Jurisdiction,0,None,33.67815,33.67815,-112.28991389,-112.28991389,12,Motor Vehicle In-Transport,6,Angle,0,No,2,Intersection,3,T-Intersection,1,On Roadway,0,None,3,Dark - Lighted,1,Clear,0,No,0000000,Not Applicable,21,9:00pm-9:59pm,0,0,99,Unknown EMS Scene Arrival Hour,99,Unknown EMS Scene Arrival Minutes,99,Unknown,99,Unknown EMS Hospital Arrival Time,5
4,Arizona,40831,0,0,1,1,0,2,2,27,YUMA (27),0,NOT APPLICABLE,11,November,22,22,3,Tuesday,2022,13,1:00pm-1:59pm,30,30,S AVE 42 E,NA,8,Other,1,Rural,7,Local,98,Not Reported,0,This section IS NOT on the NHS,0,No Special Jurisdiction,0,None,32.76808333,32.76808333,-113.91918611,-113.91918611,18,Other Object (not fixed),0,The First Harmful Event was Not a Collision with a Motor Vehicle in Transport,0,No,1,Non-Junction,1,Not an Intersection,4,On Roadside,0,None,1,Daylight,1,Clear,0,No,0000000,Not Applicable,13,1:00pm-1:59pm,30,30,99,Unknown EMS Scene Arrival Hour,99,Unknown EMS Scene Arrival Minutes,99,Unknown,99,Unknown EMS Hospital Arrival Time,1
4,Arizona,40832,0,0,1,1,0,7,7,21,PINAL (21),70,CASA GRANDE,11,November,23,23,4,Wednesday,2022,4,4:00am-4:59am,0,0,I-10,NA,1,Interstate,1,Rural,1,Interstate,1,State Highway Agency,1,This section IS ON the NHS,0,No Special Jurisdiction,1855,1855,33.01022222,33.01022222,-111.75851389,-111.75851389,1,Rollover/Overturn,0,The First Harmful Event was Not a Collision with a Motor Vehicle in Transport,0,No,1,Non-Junction,1,Not an Intersection,3,On Median,0,None,2,Dark - Not Lighted,1,Clear,0,No,0000000,Not Applicable,4,4:00am-4:59am,0,0,4,4:00am-4:59am,7,7,99,Unknown,99,Unknown EMS Hospital Arrival Time,3
4,Arizona,40833,0,0,2,2,0,4,4,13,MARICOPA (13),322,MORRISTOWN,11,November,23,23,4,Wednesday,2022,13,1:00pm-1:59pm,41,41,SR-74,N CASTLE HOT SPRINGS RD,3,State Highway,1,Rural,3,Principal Arterial - Other,1,State Highway Agency,0,This section IS NOT on the NHS,0,No Special Jurisdiction,9,9,33.86215556,33.86215556,-112.61384444,-112.61384444,12,Motor Vehicle In-Transport,6,Angle,1,Yes,2,Intersection,2,Four-Way Intersection,1,On Roadway,0,None,1,Daylight,1,Clear,0,No,0000000,Not Applicable,13,1:00pm-1:59pm,43,43,13,1:00pm-1:59pm,43,43,99,Unknown,99,Unknown EMS Hospital Arrival Time,2
4,Arizona,40834,0,0,3,3,0,3,3,5,COCONINO (5),0,NOT APPLICABLE,11,November,23,23,4,Wednesday,2022,18,6:00pm-6:59pm,34,34,US-160,NA,2,US Highway,1,Rural,3,Principal Arterial - Other,1,State Highway Agency,1,This section IS ON the NHS,3,Indian Reservation,286,286,36.292925,36.292925,-110.98839444,-110.98839444,12,Motor Vehicle In-Transport,2,Front-to-Front,0,No,1,Non-Junction,1,Not an Intersection,1,On Roadway,0,None,2,Dark - Not Lighted,1,Clear,0,No,0000000,Not Applicable,18,6:00pm-6:59pm,35,35,18,6:00pm-6:59pm,50,50,99,Unknown,99,Unknown EMS Hospital Arrival Time,1
4,Arizona,40835,0,0,1,1,0,1,1,13,MARICOPA (13),290,MESA,11,November,23,23,4,Wednesday,2022,20,8:00pm-8:59pm,20,20,E ELLIOT RD,NA,6,Local Street - Municipality,2,Urban,3,Principal Arterial - Other,4,City or Municipal Highway Agency,0,This section IS NOT on the NHS,0,No Special Jurisdiction,0,None,33.35058056,33.35058056,-111.68167222,-111.68167222,25,Concrete Traffic Barrier,0,The First Harmful Event was Not a Collision with a Motor Vehicle in Transport,0,No,1,Non-Junction,1,Not an Intersection,4,On Roadside,0,None,2,Dark - Not Lighted,1,Clear,0,No,0000000,Not Applicable,20,8:00pm-8:59pm,20,20,20,8:00pm-8:59pm,40,40,88,Not Applicable (Not Transported),88,Not Applicable (Not Transported),1
4,Arizona,40836,0,0,1,1,0,1,1,13,MARICOPA (13),370,PHOENIX,11,November,27,27,1,Sunday,2022,12,12:00pm-12:59pm,57,57,N 29TH AVE,NA,6,Local Street - Municipality,2,Urban,5,Major Collector,4,City or Municipal Highway Agency,0,This section IS NOT on the NHS,0,No Special Jurisdiction,0,None,33.64210278,33.64210278,-112.12128611,-112.12128611,59,Traffic Sign Support,0,The First Harmful Event was Not a Collision with a Motor Vehicle in Transport,0,No,1,Non-Junction,1,Not an Intersection,4,On Roadside,0,None,1,Daylight,1,Clear,0,No,0000000,Not Applicable,99,Unknown,99,Unknown,99,Unknown EMS Scene Arrival Hour,99,Unknown EMS Scene Arrival Minutes,99,Unknown,99,Unknown EMS Hospital Arrival Time,1
4,Arizona,40837,1,1,1,1,0,6,6,13,MARICOPA (13),370,PHOENIX,11,November,27,27,1,Sunday,2022,18,6:00pm-6:59pm,59,59,I-17,NA,1,Interstate,2,Urban,1,Interstate,1,State Highway Agency,1,This section IS ON the NHS,0,No Special Jurisdiction,120,120,33.54906667,33.54906667,-112.11243056,-112.11243056,8,Pedestrian,0,The First Harmful Event was Not a Collision with a Motor Vehicle in Transport,0,No,1,Non-Junction,1,Not an Intersection,1,On Roadway,0,None,3,Dark - Lighted,1,Clear,0,No,0000000,Not Applicable,19,7:00pm-7:59pm,0,0,19,7:00pm-7:59pm,12,12,88,Not Applicable (Not Transported),88,Not Applicable (Not Transported),1
4,Arizona,40839,1,1,1,1,0,1,1,19,PIMA (19),530,TUCSON,11,November,28,28,2,Monday,2022,17,5:00pm-5:59pm,54,54,N KOLB RD,E ROSEWOOD ST,6,Local Street - Municipality,2,Urban,3,Principal Arterial - Other,4,City or Municipal Highway Agency,0,This section IS NOT on the NHS,0,No Special Jurisdiction,0,None,32.23274722,32.23274722,-110.84092778,-110.84092778,8,Pedestrian,0,The First Harmful Event was Not a Collision with a Motor Vehicle in Transport,0,No,3,Intersection-Related,3,T-Intersection,1,On Roadway,0,None,3,Dark - Lighted,1,Clear,0,No,0000000,Not Applicable,17,5:00pm-5:59pm,54,54,18,6:00pm-6:59pm,1,1,88,Not Applicable (Not Transported),88,Not Applicable (Not Transported),1
4,Arizona,40840,0,0,1,1,0,2,2,21,PINAL (21),110,COOLIDGE,4,April,1,1,6,Friday,2022,23,11:00pm-11:59pm,57,57,BLACKWATER SCHOOL RD,NA,9,Unknown,9,Unknown,99,Unknown,99,Unknown,0,This section IS NOT on the NHS,0,No Special Jurisdiction,0,None,99.9999,99.9999,999.9999,999.9999,99,Reported as Unknown,99,Reported as Unknown,9,Reported as Unknown,99,Reported as Unknown,99,Reported as Unknown,99,Reported as Unknown,0,None,6,Dark - Unknown Lighting,99,Reported as Unknown,0,No,0000000,Not Applicable,99,Unknown,99,Unknown,99,Unknown EMS Scene Arrival Hour,99,Unknown EMS Scene Arrival Minutes,99,Unknown,98,Unknown if Transported,1
4,Arizona,40841,1,1,1,1,0,1,1,13,MARICOPA (13),370,PHOENIX,4,April,2,2,7,Saturday,2022,23,11:00pm-11:59pm,16,16,N 32ND ST,E THOMAS RD,6,Local Street - Municipality,2,Urban,4,Minor Arterial,4,City or Municipal Highway Agency,0,This section IS NOT on the NHS,0,No Special Jurisdiction,0,None,33.48036667,33.48036667,-112.01298889,-112.01298889,9,Pedalcyclist,0,The First Harmful Event was Not a Collision with a Motor Vehicle in Transport,0,No,3,Intersection-Related,2,Four-Way Intersection,1,On Roadway,0,None,3,Dark - Lighted,1,Clear,0,No,0000000,Not Applicable,99,Unknown,99,Unknown,99,Unknown EMS Scene Arrival Hour,99,Unknown EMS Scene Arrival Minutes,99,Unknown,99,Unknown EMS Hospital Arrival Time,1
4,Arizona,40843,0,0,1,1,0,1,1,17,NAVAJO (17),565,WHITERIVER,4,April,3,3,1,Sunday,2022,5,5:00am-5:59am,8,8,E FORK RD,NA,9,Unknown,9,Unknown,99,Unknown,99,Unknown,0,This section IS NOT on the NHS,0,No Special Jurisdiction,0,None,99.9999,99.9999,999.9999,999.9999,99,Reported as Unknown,99,Reported as Unknown,9,Reported as Unknown,99,Reported as Unknown,99,Reported as Unknown,99,Reported as Unknown,0,None,9,Reported as Unknown,99,Reported as Unknown,0,No,0000000,Not Applicable,99,Unknown,99,Unknown,99,Unknown EMS Scene Arrival Hour,99,Unknown EMS Scene Arrival Minutes,99,Unknown,99,Unknown EMS Hospital Arrival Time,1
4,Arizona,40844,1,1,1,1,0,1,1,13,MARICOPA (13),370,PHOENIX,4,April,4,4,2,Monday,2022,10,10:00am-10:59am,54,54,E GREENWAY RD,NA,6,Local Street - Municipality,2,Urban,4,Minor Arterial,4,City or Municipal Highway Agency,0,This section IS NOT on the NHS,0,No Special Jurisdiction,0,None,33.62648611,33.62648611,-112.01109722,-112.01109722,9,Pedalcyclist,0,The First Harmful Event was Not a Collision with a Motor Vehicle in Transport,0,No,8,Driveway Access Related,1,Not an Intersection,99,Reported as Unknown,0,None,1,Daylight,99,Reported as Unknown,0,No,0000000,Not Applicable,99,Unknown,99,Unknown,99,Unknown EMS Scene Arrival Hour,99,Unknown EMS Scene Arrival Minutes,99,Unknown,99,Unknown EMS Hospital Arrival Time,1