STATE,STATENAME,ST_CASE,PEDS,PERNOTMVIT,VE_TOTAL,VE_FORMS,PVH_INVL,PERSONS,PERMVIT,COUNTY,COUNTYNAME,CITY,CITYNAME,MONTH,MONTHNAME,DAY,DAYNAME,DAY_WEEK,DAY_WEEKNAME,YEAR,HOUR,HOURNAME,MINUTE,MINUTENAME,TWAY_ID,TWAY_ID2,ROUTE,ROUTENAME,RUR_URB,RUR_URBNAME,FUNC_SYS,FUNC_SYSNAME,RD_OWNER,RD_OWNERNAME,NHS,NHSNAME,SP_JUR,SP_JURNAME,MILEPT,MILEPTNAME,LATITUDE,LATITUDENAME,LONGITUD,LONGITUDNAME,HARM_EV,HARM_EVNAME,MAN_COLL,MAN_COLLNAME,RELJCT1,RELJCT1NAME,RELJCT2,RELJCT2NAME,TYP_INT,TYP_INTNAME,REL_ROAD,REL_ROADNAME,WRK_ZONE,WRK_ZONENAME,LGT_COND,LGT_CONDNAME,WEATHER,WEATHERNAME,SCH_BUS,SCH_BUSNAME,RAIL,RAILNAME,NOT_HOUR,NOT_HOURNAME,NOT_MIN,NOT_MINNAME,ARR_HOUR,ARR_HOURNAME,ARR_MIN,ARR_MINNAME,HOSP_HR,HOSP_HRNAME,HOSP_MN,HOSP_MNNAME,FATALS
4,Arizona,40845,0,0,1,1,0,1,1,7,GILA (7),300,MIAMI,4,April,9,9,7,Saturday,2022,99,Unknown Hours,99,Unknown Minutes,UNKNOWN,NA,9,Unknown,9,Unknown,99,Unknown,99,Unknown,9,Unknown if this section is on the NHS,9,Unknown,99999,Unknown,99.9999,99.9999,999.9999,999.9999,99,Reported as Unknown,99,Reported as Unknown,9,Reported as Unknown,99,Reported as Unknown,99,Reported as Unknown,99,Reported as Unknown,0,None,9,Reported as Unknown,99,Reported as Unknown,0,No,0000000,Not Applicable,99,Unknown,99,Unknown,99,Unknown EMS Scene Arrival Hour,99,Unknown EMS Scene Arrival Minutes,99,Unknown,99,Unknown EMS Hospital Arrival Time,1
4,Arizona,40847,1,1,1,1,0,2,2,13,MARICOPA (13),370,PHOENIX,4,April,12,12,3,Tuesday,2022,20,8:00pm-8:59pm,25,25,E CAMELBACK RD,NA,6,Local Street - Municipality,2,Urban,4,Minor Arterial,4,City or Municipal Highway Agency,0,This section IS NOT on the NHS,0,No Special Jurisdiction,0,None,33.50929444,33.50929444,-112.04648333,-112.04648333,8,Pedestrian,0,The First Harmful Event was Not a Collision with a Motor Vehicle in Transport,0,No,1,Non-Junction,1,Not an Intersection,1,On Roadway,0,None,3,Dark - Lighted,1,Clear,0,No,0000000,Not Applicable,99,Unknown,99,Unknown,99,Unknown EMS Scene Arrival Hour,99,Unknown EMS Scene Arrival Minutes,99,Unknown,98,Unknown if Transported,1
4,Arizona,40848,0,0,1,1,0,1,1,13,MARICOPA (13),80,CHANDLER,4,April,13,13,4,Wednesday,2022,99,Unknown Hours,99,Unknown Minutes,W RIGGS RD,NA,9,Unknown,9,Unknown,99,Unknown,99,Unknown,0,This section IS NOT on the NHS,0,No Special Jurisdiction,0,None,99.9999,99.9999,999.9999,999.9999,99,Reported as Unknown,99,Reported as Unknown,8,Not Reported,98,Not Reported,98,Not Reported,98,Not Reported,0,None,9,Reported as Unknown,99,Reported as Unknown,0,No,0000000,Not Applicable,99,Unknown,99,Unknown,99,Unknown EMS Scene Arrival Hour,99,Unknown EMS Scene Arrival Minutes,99,Unknown,99,Unknown EMS Hospital Arrival Time,1
4,Arizona,40849,0,0,2,2,0,2,2,13,MARICOPA (13),290,MESA,4,April,14,14,5,Thursday,2022,14,2:00pm-2:59pm,1,1,S CRIMSON RD,E SOUTHERN AVE,6,Local Street - Municipality,2,Urban,4,Minor Arterial,4,City or Municipal Highway Agency,0,This section IS NOT on the NHS,0,No Special Jurisdiction,0,None,33.39319167,33.39319167,-111.61548889,-111.61548889,12,Motor Vehicle In-Transport,6,Angle,0,No,2,Intersection,2,Four-Way Intersection,1,On Roadway,0,None,1,Daylight,1,Clear,0,No,0000000,Not Applicable,99,Unknown,99,Unknown,99,Unknown EMS Scene Arrival Hour,99,Unknown EMS Scene Arrival Minutes,99,Unknown,99,Unknown EMS Hospital Arrival Time,1
4,Arizona,40850,0,0,1,1,0,1,1,12,LA PAZ (12),383,POSTON,4,April,16,16,7,Saturday,2022,8,8:00am-8:59am,30,30,MOHAVE RD,NA,9,Unknown,8,Not Reported,98,Not Reported,98,Not Reported,9,Unknown if this section is on the NHS,9,Unknown,0,None,99.9999,99.9999,999.9999,999.9999,99,Reported as Unknown,99,Reported as Unknown,8,Not Reported,98,Not Reported,98,Not Reported,98,Not Reported,0,None,1,Daylight,98,Not Reported,0,No,0000000,Not Applicable,99,Unknown,99,Unknown,99,Unknown EMS Scene Arrival Hour,99,Unknown EMS Scene Arrival Minutes,99,Unknown,98,Unknown if Transported,1
4,Arizona,40851,0,0,2,2,0,3,3,13,MARICOPA (13),370,PHOENIX,4,April,17,17,1,Sunday,2022,12,12:00pm-12:59pm,57,57,E GREENWAY RD,N 22ND ST,6,Local Street - Municipality,2,Urban,5,Major Collector,4,City or Municipal Highway Agency,0,This section IS NOT on the NHS,0,No Special Jurisdiction,0,None,33.626225,33.626225,-112.03506111,-112.03506111,12,Motor Vehicle In-Transport,6,Angle,0,No,2,Intersection,2,Four-Way Intersection,1,On Roadway,0,None,1,Daylight,1,Clear,0,No,0000000,Not Applicable,99,Unknown,99,Unknown,99,Unknown EMS Scene Arrival Hour,99,Unknown EMS Scene Arrival Minutes,99,Unknown,99,Unknown EMS Hospital Arrival Time,1
4,Arizona,40852,0,0,2,2,0,4,4,13,MARICOPA (13),370,PHOENIX,4,April,18,18,2,Monday,2022,21,9:00pm-9:59pm,7,7,W CAREFREE HWY,N 23RD LN,6,Local Street - Municipality,2,Urban,3,Principal Arterial - Other,4,City or Municipal Highway Agency,0,This section IS NOT on the NHS,0,No Special Jurisdiction,0,None,33.7985,33.7985,-112.11007222,-112.11007222,12,Motor Vehicle In-Transport,6,Angle,0,No,2,Intersection,2,Four-Way Intersection,1,On Roadway,0,None,3,Dark - Lighted,1,Clear,0,No,0000000,Not Applicable,99,Unknown,99,Unknown,99,Unknown EMS Scene Arrival Hour,99,Unknown EMS Scene Arrival Minutes,99,Unknown,99,Unknown EMS Hospital Arrival Time,1
4,Arizona,40853,0,0,1,1,0,1,1,13,MARICOPA (13),370,PHOENIX,4,April,18,18,2,Monday,2022,0,0:00am-0:59am,41,41,E ROUGH RIDER RD,NA,6,Local Street - Municipality,2,Urban,5,Major Collector,4,City or Municipal Highway Agency,0,This section IS NOT on the NHS,0,No Special Jurisdiction,0,None,33.69115556,33.69115556,-112.00165278,-112.00165278,33,Curb,0,The First Harmful Event was Not a Collision with a Motor Vehicle in Transport,0,No,1,Non-Junction,1,Not an Intersection,3,On Median,0,None,3,Dark - Lighted,99,Reported as Unknown,0,No,0000000,Not Applicable,0,0:00am-0:59am,41,41,0,0:00am-0:59am,47,47,88,Not Applicable (Not Transported),88,Not Applicable (Not Transported),1
4,Arizona,40854,0,0,1,1,0,2,2,1,APACHE (1),83,CHINLE,4,April,19,19,3,Tuesday,2022,18,6:00pm-6:59pm,0,0,BIA 27,NA,9,Unknown,9,Unknown,99,Unknown,62,Bureau of Indian Affairs,0,This section IS NOT on the NHS,9,Unknown,0,None,99.9999,99.9999,999.9999,999.9999,99,Reported as Unknown,99,Reported as Unknown,8,Not Reported,98,Not Reported,98,Not Reported,98,Not Reported,0,None,9,Reported as Unknown,99,Reported as Unknown,0,No,0000000,Not Applicable,99,Unknown,99,Unknown,99,Unknown EMS Scene Arrival Hour,99,Unknown EMS Scene Arrival Minutes,99,Unknown,99,Unknown EMS Hospital Arrival Time,2
4,Arizona,40855,0,0,2,2,0,2,2,13,MARICOPA (13),370,PHOENIX,4,April,22,22,6,Friday,2022,9,9:00am-9:59am,46,46,E CACTUS RD,N 24TH ST,6,Local Street - Municipality,2,Urban,3,Principal Arterial - Other,4,City or Municipal Highway Agency,1,This section IS ON the NHS,0,No Special Jurisdiction,0,None,33.59669444,33.59669444,-112.030425,-112.030425,12,Motor Vehicle In-Transport,6,Angle,0,No,2,Intersection,2,Four-Way Intersection,1,On Roadway,0,None,1,Daylight,1,Clear,0,No,0000000,Not Applicable,99,Unknown,99,Unknown,99,Unknown EMS Scene Arrival Hour,99,Unknown EMS Scene Arrival Minutes,99,Unknown,99,Unknown EMS Hospital Arrival Time,1
4,Arizona,40856,0,0,2,2,0,2,2,13,MARICOPA (13),370,PHOENIX,4,April,22,22,6,Friday,2022,20,8:00pm-8:59pm,2,2,N 35TH AVE,W MYRTLE,6,Local Street - Municipality,2,Urban,4,Minor Arterial,4,City or Municipal Highway Agency,0,This section IS NOT on the NHS,0,No Special Jurisdiction,0,None,33.54218611,33.54218611,-112.13441667,-112.13441667,12,Motor Vehicle In-Transport,6,Angle,0,No,2,Intersection,2,Four-Way Intersection,1,On Roadway,0,None,3,Dark - Lighted,1,Clear,0,No,0000000,Not Applicable,99,Unknown,99,Unknown,99,Unknown EMS Scene Arrival Hour,99,Unknown EMS Scene Arrival Minutes,99,Unknown,99,Unknown EMS Hospital Arrival Time,1
4,Arizona,40857,0,0,2,2,0,5,5,13,MARICOPA (13),200,GLENDALE,4,April,24,24,1,Sunday,2022,19,7:00pm-7:59pm,56,56,W CAMELBACK RD,N 57TH AVE,6,Local Street - Municipality,2,Urban,4,Minor Arterial,4,City or Municipal Highway Agency,0,This section IS NOT on the NHS,0,No Special Jurisdiction,0,None,33.50958611,33.50958611,-112.181975,-112.181975,12,Motor Vehicle In-Transport,6,Angle,0,No,2,Intersection,2,Four-Way Intersection,1,On Roadway,0,None,3,Dark - Lighted,1,Clear,0,No,0000000,Not Applicable,99,Unknown,99,Unknown,99,Unknown EMS Scene Arrival Hour,99,Unknown EMS Scene Arrival Minutes,99,Unknown,99,Unknown EMS Hospital Arrival Time,1
4,Arizona,40858,1,1,1,1,0,1,1,13,MARICOPA (13),370,PHOENIX,4,April,25,25,2,Monday,2022,20,8:00pm-8:59pm,6,6,W GLENDALE AVE,NA,6,Local Street - Municipality,2,Urban,4,Minor Arterial,4,City or Municipal Highway Agency,0,This section IS NOT on the NHS,0,No Special Jurisdiction,0,None,33.53858889,33.53858889,-112.13806944,-112.13806944,8,Pedestrian,0,The First Harmful Event was Not a Collision with a Motor Vehicle in Transport,0,No,1,Non-Junction,1,Not an Intersection,1,On Roadway,0,None,3,Dark - Lighted,1,Clear,0,No,0000000,Not Applicable,99,Unknown,99,Unknown,99,Unknown EMS Scene Arrival Hour,99,Unknown EMS Scene Arrival Minutes,99,Unknown,99,Unknown EMS Hospital Arrival Time,1
4,Arizona,40859,1,1,1,1,0,1,1,21,PINAL (21),70,CASA GRANDE,4,April,26,26,3,Tuesday,2022,19,7:00pm-7:59pm,31,31,W VAL VISTA BLVD,NA,9,Unknown,9,Unknown,99,Unknown,99,Unknown,0,This section IS NOT on the NHS,0,No Special Jurisdiction,0,None,99.9999,99.9999,999.9999,999.9999,8,Pedestrian,0,The First Harmful Event was Not a Collision with a Motor Vehicle in Transport,8,Not Reported,99,Reported as Unknown,99,Reported as Unknown,99,Reported as Unknown,0,None,9,Reported as Unknown,99,Reported as Unknown,0,No,0000000,Not Applicable,99,Unknown,99,Unknown,99,Unknown EMS Scene Arrival Hour,99,Unknown EMS Scene Arrival Minutes,88,Not Applicable (Not Transported),88,Not Applicable (Not Transported),1
4,Arizona,40861,0,0,1,1,0,1,1,13,MARICOPA (13),290,MESA,4,April,28,28,5,Thursday,2022,10,10:00am-10:59am,35,35,W GAMET AVE,S DATE,8,Other,2,Urban,7,Local,98,Not Reported,0,This section IS NOT on the NHS,0,No Special Jurisdiction,0,None,33.39063056,33.39063056,-111.84512778,-111.84512778,1,Rollover/Overturn,0,The First Harmful Event was Not a Collision with a Motor Vehicle in Transport,0,No,2,Intersection,2,Four-Way Intersection,1,On Roadway,0,None,1,Daylight,1,Clear,0,No,0000000,Not Applicable,99,Unknown,99,Unknown,99,Unknown EMS Scene Arrival Hour,99,Unknown EMS Scene Arrival Minutes,99,Unknown,99,Unknown EMS Hospital Arrival Time,1
4,Arizona,40862,0,0,3,3,0,3,3,13,MARICOPA (13),370,PHOENIX,4,April,29,29,6,Friday,2022,4,4:00am-4:59am,21,21,E CACTUS RD,NA,6,Local Street - Municipality,2,Urban,4,Minor Arterial,4,City or Municipal Highway Agency,0,This section IS NOT on the NHS,0,No Special Jurisdiction,0,None,33.59717778,33.59717778,-111.96162222,-111.96162222,12,Motor Vehicle In-Transport,8,Sideswipe - Opposite Direction,0,No,1,Non-Junction,1,Not an Intersection,1,On Roadway,0,None,3,Dark - Lighted,1,Clear,0,No,0000000,Not Applicable,99,Unknown,99,Unknown,99,Unknown EMS Scene Arrival Hour,99,Unknown EMS Scene Arrival Minutes,99,Unknown,99,Unknown EMS Hospital Arrival Time,1
4,Arizona,40863,0,0,2,2,0,2,2,19,PIMA (19),530,TUCSON,4,April,30,30,7,Saturday,2022,17,5:00pm-5:59pm,10,10,1ST AVE,NA,6,Local Street - Municipality,2,Urban,4,Minor Arterial,4,City or Municipal Highway Agency,0,This section IS NOT on the NHS,0,No Special Jurisdiction,0,None,32.28397222,32.28397222,-110.96105,-110.96105,12,Motor Vehicle In-Transport,6,Angle,0,No,8,Driveway Access Related,1,Not an Intersection,1,On Roadway,0,None,1,Daylight,1,Clear,0,No,0000000,Not Applicable,17,5:00pm-5:59pm,10,10,17,5:00pm-5:59pm,11,11,17,5:00pm-5:59pm,32,32,1
4,Arizona,40864,1,1,1,1,0,1,1,13,MARICOPA (13),200,GLENDALE,5,May,6,6,6,Friday,2022,99,Unknown Hours,99,Unknown Minutes,W MISSOURI AVE,NA,9,Unknown,9,Unknown,99,Unknown,99,Unknown,0,This section IS NOT on the NHS,0,No Special Jurisdiction,0,None,99.9999,99.9999,999.9999,999.9999,8,Pedestrian,0,The First Harmful Event was Not a Collision with a Motor Vehicle in Transport,9,Reported as Unknown,99,Reported as Unknown,99,Reported as Unknown,99,Reported as Unknown,0,None,9,Reported as Unknown,99,Reported as Unknown,0,No,0000000,Not Applicable,99,Unknown,99,Unknown,99,Unknown EMS Scene Arrival Hour,99,Unknown EMS Scene Arrival Minutes,99,Unknown,98,Unknown if Transported,1
4,Arizona,40865,1,1,1,1,0,2,2,13,MARICOPA (13),370,PHOENIX,5,May,7,7,7,Saturday,2022,20,8:00pm-8:59pm,38,38,W GLENDALE AVE,NA,6,Local Street - Municipality,2,Urban,4,Minor Arterial,4,City or Municipal Highway Agency,0,This section IS NOT on the NHS,0,No Special Jurisdiction,0,None,33.53847222,33.53847222,-112.13730556,-112.13730556,8,Pedestrian,0,The First Harmful Event was Not a Collision with a Motor Vehicle in Transport,0,No,1,Non-Junction,1,Not an Intersection,1,On Roadway,0,None,3,Dark - Lighted,1,Clear,0,No,0000000,Not Applicable,99,Unknown,99,Unknown,99,Unknown EMS Scene Arrival Hour,99,Unknown EMS Scene Arrival Minutes,99,Unknown,98,Unknown if Transported,1
4,Arizona,40866,1,1,1,1,0,1,1,13,MARICOPA (13),370,PHOENIX,5,May,9,9,2,Monday,2022,99,Unknown Hours,99,Unknown Minutes,S CENTRAL AVE,NA,9,Unknown,9,Unknown,99,Unknown,99,Unknown,0,This section IS NOT on the NHS,0,No Special Jurisdiction,0,None,99.9999,99.9999,999.9999,999.9999,8,Pedestrian,0,The First Harmful Event was Not a Collision with a Motor Vehicle in Transport,9,Reported as Unknown,99,Reported as Unknown,99,Reported as Unknown,99,Reported as Unknown,0,None,9,Reported as Unknown,99,Reported as Unknown,0,No,0000000,Not Applicable,99,Unknown,99,Unknown,99,Unknown EMS Scene Arrival Hour,99,Unknown EMS Scene Arrival Minutes,99,Unknown,99,Unknown EMS Hospital Arrival Time,1
4,Arizona,40867,0,0,1,1,0,1,1,999,UNKNOWN (999),0,NOT APPLICABLE,5,May,11,11,4,Wednesday,2022,99,Unknown Hours,99,Unknown Minutes,UNKNOWN,NA,9,Unknown,9,Unknown,99,Unknown,99,Unknown,9,Unknown if this section is on the NHS,9,Unknown,99999,Unknown,99.9999,99.9999,999.9999,999.9999,99,Reported as Unknown,99,Reported as Unknown,9,Reported as Unknown,99,Reported as Unknown,99,Reported as Unknown,99,Reported as Unknown,0,None,9,Reported as Unknown,99,Reported as Unknown,0,No,0000000,Not Applicable,99,Unknown,99,Unknown,99,Unknown EMS Scene Arrival Hour,99,Unknown EMS Scene Arrival Minutes,99,Unknown,99,Unknown EMS Hospital Arrival Time,1
4,Arizona,40868,0,0,1,1,0,1,1,19,PIMA (19),530,TUCSON,5,May,15,15,1,Sunday,2022,18,6:00pm-6:59pm,37,37,TUCSON ESTATES PKWY,NA,9,Unknown,9,Unknown,99,Unknown,99,Unknown,0,This section IS NOT on the NHS,0,No Special Jurisdiction,0,None,99.9999,99.9999,999.9999,999.9999,99,Reported as Unknown,99,Reported as Unknown,0,No,99,Reported as Unknown,99,Reported as Unknown,99,Reported as Unknown,0,None,1,Daylight,99,Reported as Unknown,0,No,0000000,Not Applicable,99,Unknown,99,Unknown,99,Unknown EMS Scene Arrival Hour,99,Unknown EMS Scene Arrival Minutes,99,Unknown,99,Unknown EMS Hospital Arrival Time,1
4,Arizona,40869,1,1,1,1,0,1,1,13,MARICOPA (13),370,PHOENIX,5,May,16,16,2,Monday,2022,0,0:00am-0:59am,52,52,W THOMAS RD,NA,6,Local Street - Municipality,2,Urban,4,Minor Arterial,4,City or Municipal Highway Agency,0,This section IS NOT on the NHS,0,No Special Jurisdiction,0,None,33.480525,33.480525,-112.14906111,-112.14906111,8,Pedestrian,0,The First Harmful Event was Not a Collision with a Motor Vehicle in Transport,0,No,1,Non-Junction,1,Not an Intersection,1,On Roadway,0,None,3,Dark - Lighted,1,Clear,0,No,0000000,Not Applicable,0,0:00am-0:59am,53,53,0,0:00am-0:59am,55,55,1,1:00am-1:59am,17,17,1
4,Arizona,40870,1,1,2,2,0,2,2,13,MARICOPA (13),370,PHOENIX,5,May,16,16,2,Monday,2022,3,3:00am-3:59am,52,52,N 51ST AVE,NA,6,Local Street - Municipality,2,Urban,3,Principal Arterial - Other,4,City or Municipal Highway Agency,1,This section IS ON the NHS,0,No Special Jurisdiction,0,None,33.45213889,33.45213889,-112.16909167,-112.16909167,15,Non-Motorist on Personal Conveyance,0,The First Harmful Event was Not a Collision with a Motor Vehicle in Transport,0,No,1,Non-Junction,1,Not an Intersection,1,On Roadway,0,None,3,Dark - Lighted,1,Clear,0,No,0000000,Not Applicable,99,Unknown,99,Unknown,99,Unknown EMS Scene Arrival Hour,99,Unknown EMS Scene Arrival Minutes,88,Not Applicable (Not Transported),88,Not Applicable (Not Transported),1
4,Arizona,40871,0,0,3,3,0,4,4,13,MARICOPA (13),370,PHOENIX,5,May,16,16,2,Monday,2022,8,8:00am-8:59am,40,40,N TATUM DR,NA,5,Local Street - Township,2,Urban,3,Principal Arterial - Other,3,Town or Township Highway Agency,1,This section IS ON the NHS,0,No Special Jurisdiction,0,None,33.57166389,33.57166389,-111.97774722,-111.97774722,12,Motor Vehicle In-Transport,7,Sideswipe - Same Direction,0,No,1,Non-Junction,1,Not an Intersection,1,On Roadway,0,None,1,Daylight,1,Clear,0,No,0000000,Not Applicable,99,Unknown,99,Unknown,99,Unknown EMS Scene Arrival Hour,99,Unknown EMS Scene Arrival Minutes,99,Unknown,99,Unknown EMS Hospital Arrival Time,1
4,Arizona,40872,0,0,1,1,0,1,1,13,MARICOPA (13),30,AVONDALE,5,May,17,17,3,Tuesday,2022,99,Unknown Hours,99,Unknown Minutes,N 103RD AVE,NA,9,Unknown,9,Unknown,99,Unknown,99,Unknown,0,This section IS NOT on the NHS,0,No Special Jurisdiction,0,None,99.9999,99.9999,999.9999,999.9999,99,Reported as Unknown,99,Reported as Unknown,9,Reported as Unknown,99,Reported as Unknown,99,Reported as Unknown,99,Reported as Unknown,0,None,9,Reported as Unknown,99,Reported as Unknown,0,No,0000000,Not Applicable,99,Unknown,99,Unknown,99,Unknown EMS Scene Arrival Hour,99,Unknown EMS Scene Arrival Minutes,99,Unknown,99,Unknown EMS Hospital Arrival Time,1
4,Arizona,40873,0,0,3,3,0,3,3,13,MARICOPA (13),420,SCOTTSDALE,5,May,18,18,4,Wednesday,2022,5,5:00am-5:59am,0,0,N 64TH ST,NA,9,Unknown,9,Unknown,99,Unknown,99,Unknown,0,This section IS NOT on the NHS,0,No Special Jurisdiction,0,None,99.9999,99.9999,999.9999,999.9999,12,Motor Vehicle In-Transport,99,Reported as Unknown,9,Reported as Unknown,99,Reported as Unknown,99,Reported as Unknown,99,Reported as Unknown,0,None,9,Reported as Unknown,99,Reported as Unknown,0,No,0000000,Not Applicable,99,Unknown,99,Unknown,99,Unknown EMS Scene Arrival Hour,99,Unknown EMS Scene Arrival Minutes,99,Unknown,98,Unknown if Transported,1
4,Arizona,40874,1,1,1,1,0,2,2,13,MARICOPA (13),370,PHOENIX,5,May,21,21,7,Saturday,2022,19,7:00pm-7:59pm,54,54,E CAMELBACK,NA,6,Local Street - Municipality,2,Urban,4,Minor Arterial,4,City or Municipal Highway Agency,0,This section IS NOT on the NHS,0,No Special Jurisdiction,0,None,33.50926111,33.50926111,-112.05896389,-112.05896389,8,Pedestrian,0,The First Harmful Event was Not a Collision with a Motor Vehicle in Transport,0,No,1,Non-Junction,1,Not an Intersection,11,Continuous Left - Turn Lane,0,None,3,Dark - Lighted,1,Clear,0,No,0000000,Not Applicable,99,Unknown,99,Unknown,99,Unknown EMS Scene Arrival Hour,99,Unknown EMS Scene Arrival Minutes,99,Unknown,99,Unknown EMS Hospital Arrival Time,1
4,Arizona,40875,0,0,1,1,0,2,2,21,PINAL (21),405,SACATON,5,May,22,22,1,Sunday,2022,99,Unknown Hours,99,Unknown Minutes,SACATON RD,NA,9,Unknown,1,Rural,5,Major Collector,62,Bureau of Indian Affairs,0,This section IS NOT on the NHS,9,Unknown,0,None,33.07956389,33.07956389,-111.74476667,-111.74476667,99,Reported as Unknown,99,Reported as Unknown,0,No,1,Non-Junction,1,Not an Intersection,4,On Roadside,0,None,9,Reported as Unknown,99,Reported as Unknown,0,No,0000000,Not Applicable,99,Unknown,99,Unknown,99,Unknown EMS Scene Arrival Hour,99,Unknown EMS Scene Arrival Minutes,99,Unknown,99,Unknown EMS Hospital Arrival Time,1
4,Arizona,40876,0,0,2,2,0,2,2,19,PIMA (19),530,TUCSON,5,May,23,23,2,Monday,2022,14,2:00pm-2:59pm,45,45,E SPEEDWAY BLVD,N JONES BLVD,6,Local Street - Municipality,2,Urban,3,Principal Arterial - Other,4,City or Municipal Highway Agency,0,This section IS NOT on the NHS,0,No Special Jurisdiction,0,None,32.23626667,32.23626667,-110.92038611,-110.92038611,12,Motor Vehicle In-Transport,6,Angle,0,No,2,Intersection,3,T-Intersection,1,On Roadway,0,None,1,Daylight,1,Clear,0,No,0000000,Not Applicable,14,2:00pm-2:59pm,41,41,14,2:00pm-2:59pm,45,45,88,Not Applicable (Not Transported),88,Not Applicable (Not Transported),1
4,Arizona,40877,0,0,1,1,0,1,1,15,MOHAVE (15),318,MOHAVE VALLEY,5,May,24,24,3,Tuesday,2022,14,2:00pm-2:59pm,0,0,BOUNDARY CONE RD,NA,9,Unknown,8,Not Reported,98,Not Reported,98,Not Reported,0,This section IS NOT on the NHS,0,No Special Jurisdiction,0,None,77.7777,77.7777,777.7777,777.7777,99,Reported as Unknown,99,Reported as Unknown,9,Reported as Unknown,99,Reported as Unknown,99,Reported as Unknown,99,Reported as Unknown,0,None,9,Reported as Unknown,99,Reported as Unknown,0,No,0000000,Not Applicable,99,Unknown,99,Unknown,99,Unknown EMS Scene Arrival Hour,99,Unknown EMS Scene Arrival Minutes,99,Unknown,99,Unknown EMS Hospital Arrival Time,1
4,Arizona,40878,0,0,1,1,0,1,1,7,GILA (7),365,PAYSON,5,May,28,28,7,Saturday,2022,99,Unknown Hours,99,Unknown Minutes,NF-375B,NA,9,Unknown,9,Unknown,99,Unknown,99,Unknown,9,Unknown if this section is on the NHS,9,Unknown,0,None,99.9999,99.9999,999.9999,999.9999,99,Reported as Unknown,99,Reported as Unknown,0,No,1,Non-Junction,1,Not an Intersection,99,Reported as Unknown,0,None,9,Reported as Unknown,99,Reported as Unknown,0,No,0000000,Not Applicable,99,Unknown,99,Unknown,99,Unknown EMS Scene Arrival Hour,99,Unknown EMS Scene Arrival Minutes,99,Unknown,99,Unknown EMS Hospital Arrival Time,1
4,Arizona,40879,0,0,2,2,0,4,4,13,MARICOPA (13),60,BUCKEYE,5,May,28,28,7,Saturday,2022,23,11:00pm-11:59pm,49,49,S RAINBOW RD,SUNDANCE PKWY,5,Local Street - Township,2,Urban,4,Minor Arterial,3,Town or Township Highway Agency,0,This section IS NOT on the NHS,0,No Special Jurisdiction,0,None,33.43114167,33.43114167,-112.53896389,-112.53896389,12,Motor Vehicle In-Transport,6,Angle,0,No,2,Intersection,2,Four-Way Intersection,1,On Roadway,0,None,6,Dark - Unknown Lighting,99,Reported as Unknown,0,No,0000000,Not Applicable,99,Unknown,99,Unknown,99,Unknown EMS Scene Arrival Hour,99,Unknown EMS Scene Arrival Minutes,99,Unknown,99,Unknown EMS Hospital Arrival Time,1
4,Arizona,40880,1,1,1,1,0,2,2,13,MARICOPA (13),370,PHOENIX,5,May,30,30,2,Monday,2022,19,7:00pm-7:59pm,9,9,N 43RD AVE,NA,6,Local Street - Municipality,2,Urban,4,Minor Arterial,4,City or Municipal Highway Agency,0,This section IS NOT on the NHS,0,No Special Jurisdiction,0,None,33.54701944,33.54701944,-112.15155278,-112.15155278,8,Pedestrian,0,The First Harmful Event was Not a Collision with a Motor Vehicle in Transport,0,No,1,Non-Junction,1,Not an Intersection,1,On Roadway,0,None,3,Dark - Lighted,1,Clear,0,No,0000000,Not Applicable,99,Unknown,99,Unknown,99,Unknown EMS Scene Arrival Hour,99,Unknown EMS Scene Arrival Minutes,99,Unknown,99,Unknown EMS Hospital Arrival Time,1
4,Arizona,40881,0,0,1,1,0,1,1,13,MARICOPA (13),420,SCOTTSDALE,5,May,31,31,3,Tuesday,2022,99,Unknown Hours,99,Unknown Minutes,E MCKELLIPS RD,NA,9,Unknown,9,Unknown,99,Unknown,99,Unknown,0,This section IS NOT on the NHS,0,No Special Jurisdiction,0,None,99.9999,99.9999,999.9999,999.9999,99,Reported as Unknown,99,Reported as Unknown,9,Reported as Unknown,99,Reported as Unknown,99,Reported as Unknown,99,Reported as Unknown,0,None,9,Reported as Unknown,99,Reported as Unknown,0,No,0000000,Not Applicable,99,Unknown,99,Unknown,99,Unknown EMS Scene Arrival Hour,99,Unknown EMS Scene Arrival Minutes,99,Unknown,98,Unknown if Transported,1