STATE,STATENAME,ST_CASE,PEDS,PERNOTMVIT,VE_TOTAL,VE_FORMS,PVH_INVL,PERSONS,PERMVIT,COUNTY,COUNTYNAME,CITY,CITYNAME,MONTH,MONTHNAME,DAY,DAYNAME,DAY_WEEK,DAY_WEEKNAME,YEAR,HOUR,HOURNAME,MINUTE,MINUTENAME,TWAY_ID,TWAY_ID2,ROUTE,ROUTENAME,RUR_URB,RUR_URBNAME,FUNC_SYS,FUNC_SYSNAME,RD_OWNER,RD_OWNERNAME,NHS,NHSNAME,SP_JUR,SP_JURNAME,MILEPT,MILEPTNAME,LATITUDE,LATITUDENAME,LONGITUD,LONGITUDNAME,HARM_EV,HARM_EVNAME,MAN_COLL,MAN_COLLNAME,RELJCT1,RELJCT1NAME,RELJCT2,RELJCT2NAME,TYP_INT,TYP_INTNAME,REL_ROAD,REL_ROADNAME,WRK_ZONE,WRK_ZONENAME,LGT_COND,LGT_CONDNAME,WEATHER,WEATHERNAME,SCH_BUS,SCH_BUSNAME,RAIL,RAILNAME,NOT_HOUR,NOT_HOURNAME,NOT_MIN,NOT_MINNAME,ARR_HOUR,ARR_HOURNAME,ARR_MIN,ARR_MINNAME,HOSP_HR,HOSP_HRNAME,HOSP_MN,HOSP_MNNAME,FATALS
4,Arizona,40954,1,1,1,1,0,1,1,13,MARICOPA (13),370,PHOENIX,8,August,30,30,3,Tuesday,2022,21,9:00pm-9:59pm,48,48,THOMAS RD,NA,8,Other,2,Urban,4,Minor Arterial,4,City or Municipal Highway Agency,0,This section IS NOT on the NHS,0,No Special Jurisdiction,600,600,33.48028056,33.48028056,-112.22164167,-112.22164167,8,Pedestrian,0,The First Harmful Event was Not a Collision with a Motor Vehicle in Transport,0,No,1,Non-Junction,1,Not an Intersection,1,On Roadway,0,None,3,Dark - Lighted,1,Clear,0,No,0000000,Not Applicable,99,Unknown,99,Unknown,99,Unknown EMS Scene Arrival Hour,99,Unknown EMS Scene Arrival Minutes,88,Not Applicable (Not Transported),88,Not Applicable (Not Transported),1
4,Arizona,40955,0,0,1,1,0,1,1,1,APACHE (1),83,CHINLE,8,August,31,31,4,Wednesday,2022,3,3:00am-3:59am,19,19,BIA 7,NA,8,Other,1,Rural,5,Major Collector,62,Bureau of Indian Affairs,0,This section IS NOT on the NHS,9,Unknown,0,None,36.15075556,36.15075556,-109.55431667,-109.55431667,1,Rollover/Overturn,0,The First Harmful Event was Not a Collision with a Motor Vehicle in Transport,0,No,1,Non-Junction,1,Not an Intersection,99,Reported as Unknown,0,None,6,Dark - Unknown Lighting,99,Reported as Unknown,0,No,0000000,Not Applicable,99,Unknown,99,Unknown,99,Unknown EMS Scene Arrival Hour,99,Unknown EMS Scene Arrival Minutes,88,Not Applicable (Not Transported),88,Not Applicable (Not Transported),1
4,Arizona,40956,0,0,2,2,0,3,3,13,MARICOPA (13),370,PHOENIX,8,August,31,31,4,Wednesday,2022,11,11:00am-11:59am,13,13,S 43RD AVE,W LOWER BUCKEYE RD,8,Other,2,Urban,4,Minor Arterial,4,City or Municipal Highway Agency,0,This section IS NOT on the NHS,0,No Special Jurisdiction,78,78,33.42248611,33.42248611,-112.15191667,-112.15191667,12,Motor Vehicle In-Transport,6,Angle,0,No,2,Intersection,2,Four-Way Intersection,1,On Roadway,0,None,1,Daylight,1,Clear,0,No,0000000,Not Applicable,11,11:00am-11:59am,13,13,11,11:00am-11:59am,19,19,11,11:00am-11:59am,36,36,1
4,Arizona,40957,1,1,1,1,0,2,2,13,MARICOPA (13),370,PHOENIX,9,September,1,1,5,Thursday,2022,4,4:00am-4:59am,50,50,W THOMAS RD,N 43RD AVE,6,Local Street - Municipality,2,Urban,4,Minor Arterial,4,City or Municipal Highway Agency,0,This section IS NOT on the NHS,0,No Special Jurisdiction,0,None,33.48054444,33.48054444,-112.15183889,-112.15183889,9,Pedalcyclist,0,The First Harmful Event was Not a Collision with a Motor Vehicle in Transport,0,No,3,Intersection-Related,2,Four-Way Intersection,1,On Roadway,0,None,3,Dark - Lighted,1,Clear,0,No,0000000,Not Applicable,99,Unknown,99,Unknown,99,Unknown EMS Scene Arrival Hour,99,Unknown EMS Scene Arrival Minutes,99,Unknown,99,Unknown EMS Hospital Arrival Time,1
4,Arizona,40958,0,0,1,1,0,1,1,13,MARICOPA (13),368,PEORIA,9,September,2,2,6,Friday,2022,12,12:00pm-12:59pm,52,52,W PEORIA AVE,NA,6,Local Street - Municipality,2,Urban,4,Minor Arterial,4,City or Municipal Highway Agency,0,This section IS NOT on the NHS,0,No Special Jurisdiction,0,None,33.58168056,33.58168056,-112.23920278,-112.23920278,33,Curb,0,The First Harmful Event was Not a Collision with a Motor Vehicle in Transport,0,No,1,Non-Junction,1,Not an Intersection,3,On Median,0,None,1,Daylight,1,Clear,0,No,0000000,Not Applicable,12,12:00pm-12:59pm,52,52,12,12:00pm-12:59pm,59,59,13,1:00pm-1:59pm,20,20,1
4,Arizona,40959,1,1,1,1,0,1,1,13,MARICOPA (13),370,PHOENIX,9,September,2,2,6,Friday,2022,19,7:00pm-7:59pm,6,6,N 51ST AVE,NA,6,Local Street - Municipality,2,Urban,3,Principal Arterial - Other,4,City or Municipal Highway Agency,1,This section IS ON the NHS,0,No Special Jurisdiction,0,None,33.49357222,33.49357222,-112.16888333,-112.16888333,8,Pedestrian,0,The First Harmful Event was Not a Collision with a Motor Vehicle in Transport,0,No,1,Non-Junction,1,Not an Intersection,1,On Roadway,0,None,5,Dusk,1,Clear,0,No,0000000,Not Applicable,99,Unknown,99,Unknown,99,Unknown EMS Scene Arrival Hour,99,Unknown EMS Scene Arrival Minutes,99,Unknown,99,Unknown EMS Hospital Arrival Time,1
4,Arizona,40960,1,1,3,3,0,5,5,19,PIMA (19),530,TUCSON,9,September,3,3,7,Saturday,2022,22,10:00pm-10:59pm,4,4,E GRANT RD,N PALO VERDE,6,Local Street - Municipality,2,Urban,3,Principal Arterial - Other,4,City or Municipal Highway Agency,0,This section IS NOT on the NHS,0,No Special Jurisdiction,0,None,32.250525,32.250525,-110.91843056,-110.91843056,8,Pedestrian,0,The First Harmful Event was Not a Collision with a Motor Vehicle in Transport,0,No,3,Intersection-Related,2,Four-Way Intersection,1,On Roadway,0,None,3,Dark - Lighted,1,Clear,0,No,0000000,Not Applicable,22,10:00pm-10:59pm,4,4,22,10:00pm-10:59pm,8,8,22,10:00pm-10:59pm,33,33,1
4,Arizona,40962,1,1,1,1,0,1,1,13,MARICOPA (13),370,PHOENIX,9,September,6,6,3,Tuesday,2022,5,5:00am-5:59am,4,4,W BUCKEYE RD,NA,6,Local Street - Municipality,2,Urban,4,Minor Arterial,1,State Highway Agency,0,This section IS NOT on the NHS,0,No Special Jurisdiction,0,None,33.43704167,33.43704167,-112.19100556,-112.19100556,9,Pedalcyclist,0,The First Harmful Event was Not a Collision with a Motor Vehicle in Transport,0,No,1,Non-Junction,1,Not an Intersection,1,On Roadway,0,None,3,Dark - Lighted,1,Clear,0,No,0000000,Not Applicable,99,Unknown,99,Unknown,99,Unknown EMS Scene Arrival Hour,99,Unknown EMS Scene Arrival Minutes,88,Not Applicable (Not Transported),88,Not Applicable (Not Transported),1
4,Arizona,40963,1,1,1,1,0,1,1,19,PIMA (19),530,TUCSON,9,September,11,11,1,Sunday,2022,20,8:00pm-8:59pm,21,21,E 22ND ST,NA,6,Local Street - Municipality,2,Urban,4,Minor Arterial,4,City or Municipal Highway Agency,0,This section IS NOT on the NHS,0,No Special Jurisdiction,0,None,32.20686667,32.20686667,-110.87868611,-110.87868611,8,Pedestrian,0,The First Harmful Event was Not a Collision with a Motor Vehicle in Transport,0,No,1,Non-Junction,1,Not an Intersection,1,On Roadway,0,None,3,Dark - Lighted,2,Rain,0,No,0000000,Not Applicable,20,8:00pm-8:59pm,21,21,21,9:00pm-9:59pm,13,13,88,Not Applicable (Not Transported),88,Not Applicable (Not Transported),1
4,Arizona,40964,0,0,1,1,0,1,1,1,APACHE (1),0,NOT APPLICABLE,9,September,12,12,2,Monday,2022,23,11:00pm-11:59pm,23,23,US-191,NA,2,US Highway,1,Rural,4,Minor Arterial,1,State Highway Agency,0,This section IS NOT on the NHS,0,No Special Jurisdiction,4707,4707,36.46793611,36.46793611,-109.55134167,-109.55134167,1,Rollover/Overturn,0,The First Harmful Event was Not a Collision with a Motor Vehicle in Transport,9,Reported as Unknown,99,Reported as Unknown,99,Reported as Unknown,99,Reported as Unknown,0,None,6,Dark - Unknown Lighting,99,Reported as Unknown,0,No,0000000,Not Applicable,99,Unknown,99,Unknown,99,Unknown EMS Scene Arrival Hour,99,Unknown EMS Scene Arrival Minutes,99,Unknown,98,Unknown if Transported,1
4,Arizona,40965,0,0,1,1,0,1,1,13,MARICOPA (13),490,TEMPE,9,September,13,13,3,Tuesday,2022,15,3:00pm-3:59pm,59,59,S PRICE RD,NA,8,Other,2,Urban,6,Minor Collector,1,State Highway Agency,0,This section IS NOT on the NHS,0,No Special Jurisdiction,0,None,33.38119167,33.38119167,-111.89284444,-111.89284444,33,Curb,0,The First Harmful Event was Not a Collision with a Motor Vehicle in Transport,0,No,1,Non-Junction,1,Not an Intersection,4,On Roadside,0,None,1,Daylight,1,Clear,0,No,0000000,Not Applicable,16,4:00pm-4:59pm,0,0,16,4:00pm-4:59pm,7,7,16,4:00pm-4:59pm,25,25,1
4,Arizona,40966,0,0,1,1,0,1,1,5,COCONINO (5),0,NOT APPLICABLE,9,September,13,13,3,Tuesday,2022,16,4:00pm-4:59pm,37,37,BIA 20,NA,8,Other,1,Rural,4,Minor Arterial,62,Bureau of Indian Affairs,0,This section IS NOT on the NHS,3,Indian Reservation,0,None,99.9999,99.9999,999.9999,999.9999,1,Rollover/Overturn,0,The First Harmful Event was Not a Collision with a Motor Vehicle in Transport,9,Reported as Unknown,99,Reported as Unknown,99,Reported as Unknown,99,Reported as Unknown,0,None,9,Reported as Unknown,99,Reported as Unknown,0,No,0000000,Not Applicable,99,Unknown,99,Unknown,99,Unknown EMS Scene Arrival Hour,99,Unknown EMS Scene Arrival Minutes,88,Not Applicable (Not Transported),88,Not Applicable (Not Transported),1
4,Arizona,40967,0,0,1,1,0,1,1,19,PIMA (19),530,TUCSON,9,September,14,14,4,Wednesday,2022,12,12:00pm-12:59pm,49,49,S KOLB RD,E LITTLETOWN RD,6,Local Street - Municipality,2,Urban,3,Principal Arterial - Other,1,State Highway Agency,1,This section IS ON the NHS,0,No Special Jurisdiction,0,None,32.13025278,32.13025278,-110.84123611,-110.84123611,33,Curb,0,The First Harmful Event was Not a Collision with a Motor Vehicle in Transport,0,No,3,Intersection-Related,2,Four-Way Intersection,4,On Roadside,0,None,1,Daylight,10,Cloudy,0,No,0000000,Not Applicable,99,Unknown,99,Unknown,99,Unknown EMS Scene Arrival Hour,99,Unknown EMS Scene Arrival Minutes,99,Unknown,99,Unknown EMS Hospital Arrival Time,1
4,Arizona,40968,1,1,1,1,0,1,1,13,MARICOPA (13),370,PHOENIX,9,September,15,15,5,Thursday,2022,20,8:00pm-8:59pm,1,1,N 44TH ST,NA,6,Local Street - Municipality,2,Urban,3,Principal Arterial - Other,4,City or Municipal Highway Agency,0,This section IS NOT on the NHS,0,No Special Jurisdiction,0,None,33.44870556,33.44870556,-111.98704167,-111.98704167,8,Pedestrian,0,The First Harmful Event was Not a Collision with a Motor Vehicle in Transport,0,No,1,Non-Junction,1,Not an Intersection,1,On Roadway,0,None,3,Dark - Lighted,1,Clear,0,No,0000000,Not Applicable,99,Unknown,99,Unknown,99,Unknown EMS Scene Arrival Hour,99,Unknown EMS Scene Arrival Minutes,99,Unknown,99,Unknown EMS Hospital Arrival Time,1
4,Arizona,40969,1,1,1,1,0,1,1,13,MARICOPA (13),370,PHOENIX,9,September,16,16,6,Friday,2022,9,9:00am-9:59am,26,26,W BASELINE RD,NA,6,Local Street - Municipality,2,Urban,3,Principal Arterial - Other,4,City or Municipal Highway Agency,1,This section IS ON the NHS,0,No Special Jurisdiction,0,None,33.37781389,33.37781389,-112.08030833,-112.08030833,8,Pedestrian,0,The First Harmful Event was Not a Collision with a Motor Vehicle in Transport,0,No,1,Non-Junction,1,Not an Intersection,1,On Roadway,0,None,1,Daylight,99,Reported as Unknown,0,No,0000000,Not Applicable,99,Unknown,99,Unknown,99,Unknown EMS Scene Arrival Hour,99,Unknown EMS Scene Arrival Minutes,99,Unknown,99,Unknown EMS Hospital Arrival Time,1
4,Arizona,40970,1,1,1,1,0,1,1,13,MARICOPA (13),370,PHOENIX,9,September,16,16,6,Friday,2022,23,11:00pm-11:59pm,38,38,E MCDOWELL RD,N 41ST ST,6,Local Street - Municipality,2,Urban,4,Minor Arterial,4,City or Municipal Highway Agency,0,This section IS NOT on the NHS,0,No Special Jurisdiction,0,None,33.46568056,33.46568056,-111.99304722,-111.99304722,8,Pedestrian,0,The First Harmful Event was Not a Collision with a Motor Vehicle in Transport,0,No,3,Intersection-Related,3,T-Intersection,1,On Roadway,0,None,3,Dark - Lighted,10,Cloudy,0,No,0000000,Not Applicable,99,Unknown,99,Unknown,99,Unknown EMS Scene Arrival Hour,99,Unknown EMS Scene Arrival Minutes,88,Not Applicable (Not Transported),88,Not Applicable (Not Transported),1
4,Arizona,40971,1,1,1,1,0,5,5,13,MARICOPA (13),290,MESA,9,September,16,16,6,Friday,2022,19,7:00pm-7:59pm,29,29,S ALMA SCHOOL RD,W DRUMMER AVE,6,Local Street - Municipality,2,Urban,4,Minor Arterial,4,City or Municipal Highway Agency,0,This section IS NOT on the NHS,0,No Special Jurisdiction,0,None,33.40204167,33.40204167,-111.85690833,-111.85690833,8,Pedestrian,0,The First Harmful Event was Not a Collision with a Motor Vehicle in Transport,0,No,3,Intersection-Related,3,T-Intersection,1,On Roadway,0,None,3,Dark - Lighted,1,Clear,0,No,0000000,Not Applicable,99,Unknown,99,Unknown,99,Unknown EMS Scene Arrival Hour,99,Unknown EMS Scene Arrival Minutes,99,Unknown,99,Unknown EMS Hospital Arrival Time,1
4,Arizona,40972,1,1,1,1,0,1,1,13,MARICOPA (13),490,TEMPE,9,September,17,17,7,Saturday,2022,10,10:00am-10:59am,56,56,E SOUTHERN AVE,NA,6,Local Street - Municipality,2,Urban,4,Minor Arterial,4,City or Municipal Highway Agency,0,This section IS NOT on the NHS,0,No Special Jurisdiction,0,None,33.39294722,33.39294722,-111.92835833,-111.92835833,8,Pedestrian,0,The First Harmful Event was Not a Collision with a Motor Vehicle in Transport,0,No,1,Non-Junction,1,Not an Intersection,11,Continuous Left - Turn Lane,0,None,1,Daylight,1,Clear,0,No,0000000,Not Applicable,10,10:00am-10:59am,56,56,11,11:00am-11:59am,3,3,11,11:00am-11:59am,17,17,1
4,Arizona,40973,0,0,3,3,0,5,5,21,PINAL (21),70,CASA GRANDE,9,September,17,17,7,Saturday,2022,17,5:00pm-5:59pm,31,31,E COTTONWOOD LN,N ARIZOLA RD,6,Local Street - Municipality,2,Urban,5,Major Collector,4,City or Municipal Highway Agency,0,This section IS NOT on the NHS,0,No Special Jurisdiction,0,None,32.89430833,32.89430833,-111.713925,-111.713925,12,Motor Vehicle In-Transport,6,Angle,0,No,2,Intersection,2,Four-Way Intersection,1,On Roadway,0,None,1,Daylight,1,Clear,0,No,0000000,Not Applicable,99,Unknown,99,Unknown,99,Unknown EMS Scene Arrival Hour,99,Unknown EMS Scene Arrival Minutes,99,Unknown,99,Unknown EMS Hospital Arrival Time,1
4,Arizona,40974,0,0,1,1,0,1,1,13,MARICOPA (13),475,SUN CITY,9,September,17,17,7,Saturday,2022,23,11:00pm-11:59pm,25,25,W BELL RD,NA,6,Local Street - Municipality,2,Urban,3,Principal Arterial - Other,2,County Highway Agency,1,This section IS ON the NHS,0,No Special Jurisdiction,0,None,99.9999,99.9999,999.9999,999.9999,99,Reported as Unknown,99,Reported as Unknown,9,Reported as Unknown,99,Reported as Unknown,99,Reported as Unknown,99,Reported as Unknown,0,None,6,Dark - Unknown Lighting,99,Reported as Unknown,0,No,0000000,Not Applicable,99,Unknown,99,Unknown,99,Unknown EMS Scene Arrival Hour,99,Unknown EMS Scene Arrival Minutes,99,Unknown,98,Unknown if Transported,1
4,Arizona,40975,1,1,1,1,0,2,2,13,MARICOPA (13),370,PHOENIX,9,September,18,18,1,Sunday,2022,22,10:00pm-10:59pm,57,57,W INDIAN SCHOOL RD,N 63RD AVE,6,Local Street - Municipality,2,Urban,3,Principal Arterial - Other,4,City or Municipal Highway Agency,1,This section IS ON the NHS,0,No Special Jurisdiction,0,None,33.49501389,33.49501389,-112.19525833,-112.19525833,9,Pedalcyclist,0,The First Harmful Event was Not a Collision with a Motor Vehicle in Transport,0,No,3,Intersection-Related,2,Four-Way Intersection,1,On Roadway,0,None,3,Dark - Lighted,1,Clear,0,No,0000000,Not Applicable,99,Unknown,99,Unknown,99,Unknown EMS Scene Arrival Hour,99,Unknown EMS Scene Arrival Minutes,99,Unknown,99,Unknown EMS Hospital Arrival Time,1
4,Arizona,40976,0,0,1,1,0,3,3,19,PIMA (19),530,TUCSON,9,September,18,18,1,Sunday,2022,21,9:00pm-9:59pm,55,55,DANWOOD WAY,WOODFROST WAY,8,Other,2,Urban,7,Local,98,Not Reported,0,This section IS NOT on the NHS,0,No Special Jurisdiction,0,None,32.10341667,32.10341667,-110.77176667,-110.77176667,53,Mail Box,0,The First Harmful Event was Not a Collision with a Motor Vehicle in Transport,0,No,3,Intersection-Related,10,L-Intersection,4,On Roadside,0,None,3,Dark - Lighted,1,Clear,0,No,0000000,Not Applicable,21,9:00pm-9:59pm,59,59,22,10:00pm-10:59pm,5,5,22,10:00pm-10:59pm,32,32,1
4,Arizona,40977,0,0,2,2,0,2,2,13,MARICOPA (13),368,PEORIA,9,September,19,19,2,Monday,2022,6,6:00am-6:59am,42,42,W OLIVE AVE,NA,6,Local Street - Municipality,2,Urban,4,Minor Arterial,2,County Highway Agency,0,This section IS NOT on the NHS,0,No Special Jurisdiction,0,None,33.56564722,33.56564722,-112.29357778,-112.29357778,12,Motor Vehicle In-Transport,1,Front-to-Rear,0,No,1,Non-Junction,1,Not an Intersection,1,On Roadway,0,None,1,Daylight,1,Clear,0,No,0000000,Not Applicable,6,6:00am-6:59am,41,41,6,6:00am-6:59am,50,50,7,7:00am-7:59am,0,0,1
4,Arizona,40979,0,0,2,2,0,2,2,13,MARICOPA (13),570,WICKENBURG,9,September,19,19,2,Monday,2022,15,3:00pm-3:59pm,7,7,US-60,NA,2,US Highway,1,Rural,3,Principal Arterial - Other,1,State Highway Agency,1,This section IS ON the NHS,0,No Special Jurisdiction,813,813,33.95234722,33.95234722,-112.70860833,-112.70860833,12,Motor Vehicle In-Transport,2,Front-to-Front,0,No,1,Non-Junction,1,Not an Intersection,11,Continuous Left - Turn Lane,0,None,1,Daylight,1,Clear,0,No,0000000,Not Applicable,15,3:00pm-3:59pm,9,9,15,3:00pm-3:59pm,20,20,88,Not Applicable (Not Transported),88,Not Applicable (Not Transported),1
4,Arizona,40980,1,1,1,1,0,1,1,13,MARICOPA (13),370,PHOENIX,9,September,19,19,2,Monday,2022,21,9:00pm-9:59pm,29,29,W CAMELBACK RD,NA,6,Local Street - Municipality,2,Urban,4,Minor Arterial,4,City or Municipal Highway Agency,0,This section IS NOT on the NHS,0,No Special Jurisdiction,0,None,33.50943611,33.50943611,-112.08314167,-112.08314167,8,Pedestrian,0,The First Harmful Event was Not a Collision with a Motor Vehicle in Transport,0,No,1,Non-Junction,1,Not an Intersection,1,On Roadway,0,None,3,Dark - Lighted,1,Clear,0,No,0000000,Not Applicable,99,Unknown,99,Unknown,99,Unknown EMS Scene Arrival Hour,99,Unknown EMS Scene Arrival Minutes,99,Unknown,99,Unknown EMS Hospital Arrival Time,1
4,Arizona,40981,0,0,1,1,0,1,1,13,MARICOPA (13),370,PHOENIX,9,September,20,20,3,Tuesday,2022,99,Unknown Hours,99,Unknown Minutes,E ALAMEDA,NA,8,Other,2,Urban,6,Minor Collector,2,County Highway Agency,0,This section IS NOT on the NHS,0,No Special Jurisdiction,0,None,33.70840278,33.70840278,-112.052625,-112.052625,99,Reported as Unknown,99,Reported as Unknown,9,Reported as Unknown,99,Reported as Unknown,99,Reported as Unknown,99,Reported as Unknown,0,None,9,Reported as Unknown,99,Reported as Unknown,0,No,0000000,Not Applicable,99,Unknown,99,Unknown,99,Unknown EMS Scene Arrival Hour,99,Unknown EMS Scene Arrival Minutes,99,Unknown,99,Unknown EMS Hospital Arrival Time,1
4,Arizona,40982,0,0,2,2,0,2,2,19,PIMA (19),530,TUCSON,9,September,20,20,3,Tuesday,2022,7,7:00am-7:59am,34,34,S HOUGHTON RD,NA,9,Unknown,2,Urban,3,Principal Arterial - Other,4,City or Municipal Highway Agency,0,This section IS NOT on the NHS,0,No Special Jurisdiction,0,None,32.08979167,32.08979167,-110.77292778,-110.77292778,12,Motor Vehicle In-Transport,1,Front-to-Rear,0,No,1,Non-Junction,1,Not an Intersection,1,On Roadway,0,None,1,Daylight,1,Clear,0,No,0000000,Not Applicable,99,Unknown,99,Unknown,99,Unknown EMS Scene Arrival Hour,99,Unknown EMS Scene Arrival Minutes,99,Unknown,99,Unknown EMS Hospital Arrival Time,1
4,Arizona,40983,0,0,2,2,0,3,3,13,MARICOPA (13),370,PHOENIX,9,September,22,22,5,Thursday,2022,14,2:00pm-2:59pm,16,16,W HAPPY VALLEY RD,N 23RD AVE,6,Local Street - Municipality,2,Urban,4,Minor Arterial,4,City or Municipal Highway Agency,0,This section IS NOT on the NHS,0,No Special Jurisdiction,0,None,33.71298889,33.71298889,-112.10869444,-112.10869444,12,Motor Vehicle In-Transport,98,Not Reported,0,No,2,Intersection,2,Four-Way Intersection,1,On Roadway,0,None,1,Daylight,1,Clear,0,No,0000000,Not Applicable,99,Unknown,99,Unknown,99,Unknown EMS Scene Arrival Hour,99,Unknown EMS Scene Arrival Minutes,99,Unknown,99,Unknown EMS Hospital Arrival Time,1
4,Arizona,40984,1,1,1,1,0,1,1,13,MARICOPA (13),370,PHOENIX,9,September,22,22,5,Thursday,2022,20,8:00pm-8:59pm,12,12,N 91ST LN,NA,6,Local Street - Municipality,2,Urban,4,Minor Arterial,4,City or Municipal Highway Agency,0,This section IS NOT on the NHS,0,No Special Jurisdiction,0,None,33.46897222,33.46897222,-112.25515833,-112.25515833,8,Pedestrian,0,The First Harmful Event was Not a Collision with a Motor Vehicle in Transport,0,No,1,Non-Junction,1,Not an Intersection,1,On Roadway,0,None,3,Dark - Lighted,1,Clear,0,No,0000000,Not Applicable,99,Unknown,99,Unknown,99,Unknown EMS Scene Arrival Hour,99,Unknown EMS Scene Arrival Minutes,99,Unknown,98,Unknown if Transported,1
4,Arizona,40985,1,1,2,2,0,2,2,13,MARICOPA (13),370,PHOENIX,9,September,22,22,5,Thursday,2022,21,9:00pm-9:59pm,53,53,US-60,NA,2,US Highway,2,Urban,4,Minor Arterial,1,State Highway Agency,0,This section IS NOT on the NHS,0,No Special Jurisdiction,1293,1293,33.47603056,33.47603056,-112.11192222,-112.11192222,8,Pedestrian,0,The First Harmful Event was Not a Collision with a Motor Vehicle in Transport,0,No,1,Non-Junction,1,Not an Intersection,1,On Roadway,0,None,3,Dark - Lighted,1,Clear,0,No,0000000,Not Applicable,99,Unknown,99,Unknown,99,Unknown EMS Scene Arrival Hour,99,Unknown EMS Scene Arrival Minutes,99,Unknown,98,Unknown if Transported,1
4,Arizona,40986,0,0,2,2,0,5,5,13,MARICOPA (13),510,TOLLESON,9,September,23,23,6,Friday,2022,17,5:00pm-5:59pm,15,15,83RD AVE,W WASHINGTON ST,6,Local Street - Municipality,2,Urban,4,Minor Arterial,4,City or Municipal Highway Agency,0,This section IS NOT on the NHS,0,No Special Jurisdiction,0,None,33.44709167,33.44709167,-112.23833333,-112.23833333,12,Motor Vehicle In-Transport,6,Angle,0,No,2,Intersection,3,T-Intersection,1,On Roadway,0,None,1,Daylight,1,Clear,0,No,0000000,Not Applicable,99,Unknown,99,Unknown,99,Unknown EMS Scene Arrival Hour,99,Unknown EMS Scene Arrival Minutes,99,Unknown,99,Unknown EMS Hospital Arrival Time,1
4,Arizona,40987,0,0,1,1,0,1,1,13,MARICOPA (13),370,PHOENIX,11,November,12,12,7,Saturday,2022,2,2:00am-2:59am,0,0,SR-51 EXIT RAMP,NA,3,State Highway,2,Urban,2,Principal Arterial - Other Freeways and Expressways,1,State Highway Agency,1,This section IS ON the NHS,0,No Special Jurisdiction,125,125,33.622475,33.622475,-112.00800556,-112.00800556,42,Tree (Standing Only),0,The First Harmful Event was Not a Collision with a Motor Vehicle in Transport,0,No,5,Entrance/Exit Ramp Related,1,Not an Intersection,5,Outside Trafficway,0,None,3,Dark - Lighted,1,Clear,0,No,0000000,Not Applicable,2,2:00am-2:59am,2,2,2,2:00am-2:59am,12,12,88,Not Applicable (Not Transported),88,Not Applicable (Not Transported),1
4,Arizona,40988,0,0,2,2,0,4,4,13,MARICOPA (13),370,PHOENIX,9,September,23,23,6,Friday,2022,18,6:00pm-6:59pm,21,21,N 35TH AVE,NA,6,Local Street - Municipality,2,Urban,4,Minor Arterial,4,City or Municipal Highway Agency,0,This section IS NOT on the NHS,0,No Special Jurisdiction,0,None,33.60445556,33.60445556,-112.13385556,-112.13385556,12,Motor Vehicle In-Transport,6,Angle,0,No,8,Driveway Access Related,1,Not an Intersection,1,On Roadway,0,None,3,Dark - Lighted,1,Clear,0,No,0000000,Not Applicable,99,Unknown,99,Unknown,99,Unknown EMS Scene Arrival Hour,99,Unknown EMS Scene Arrival Minutes,99,Unknown,99,Unknown EMS Hospital Arrival Time,2
4,Arizona,40989,1,1,1,1,0,1,1,19,PIMA (19),530,TUCSON,9,September,23,23,6,Friday,2022,20,8:00pm-8:59pm,51,51,N STONE AVE,NA,6,Local Street - Municipality,2,Urban,4,Minor Arterial,4,City or Municipal Highway Agency,0,This section IS NOT on the NHS,0,No Special Jurisdiction,0,None,32.2524,32.2524,-110.972025,-110.972025,8,Pedestrian,0,The First Harmful Event was Not a Collision with a Motor Vehicle in Transport,0,No,1,Non-Junction,1,Not an Intersection,1,On Roadway,0,None,2,Dark - Not Lighted,1,Clear,0,No,0000000,Not Applicable,20,8:00pm-8:59pm,56,56,20,8:00pm-8:59pm,56,56,88,Not Applicable (Not Transported),88,Not Applicable (Not Transported),1
4,Arizona,40990,1,1,1,1,0,1,1,13,MARICOPA (13),370,PHOENIX,9,September,24,24,7,Saturday,2022,1,1:00am-1:59am,58,58,E MCDOWELL RD,NA,6,Local Street - Municipality,2,Urban,4,Minor Arterial,4,City or Municipal Highway Agency,0,This section IS NOT on the NHS,0,No Special Jurisdiction,0,None,33.46580278,33.46580278,-112.06783611,-112.06783611,8,Pedestrian,0,The First Harmful Event was Not a Collision with a Motor Vehicle in Transport,0,No,1,Non-Junction,1,Not an Intersection,1,On Roadway,0,None,3,Dark - Lighted,1,Clear,0,No,0000000,Not Applicable,1,1:00am-1:59am,57,57,1,1:00am-1:59am,58,58,2,2:00am-2:59am,0,0,1