STATE,STATENAME,ST_CASE,PEDS,PERNOTMVIT,VE_TOTAL,VE_FORMS,PVH_INVL,PERSONS,PERMVIT,COUNTY,COUNTYNAME,CITY,CITYNAME,MONTH,MONTHNAME,DAY,DAYNAME,DAY_WEEK,DAY_WEEKNAME,YEAR,HOUR,HOURNAME,MINUTE,MINUTENAME,TWAY_ID,TWAY_ID2,ROUTE,ROUTENAME,RUR_URB,RUR_URBNAME,FUNC_SYS,FUNC_SYSNAME,RD_OWNER,RD_OWNERNAME,NHS,NHSNAME,SP_JUR,SP_JURNAME,MILEPT,MILEPTNAME,LATITUDE,LATITUDENAME,LONGITUD,LONGITUDNAME,HARM_EV,HARM_EVNAME,MAN_COLL,MAN_COLLNAME,RELJCT1,RELJCT1NAME,RELJCT2,RELJCT2NAME,TYP_INT,TYP_INTNAME,REL_ROAD,REL_ROADNAME,WRK_ZONE,WRK_ZONENAME,LGT_COND,LGT_CONDNAME,WEATHER,WEATHERNAME,SCH_BUS,SCH_BUSNAME,RAIL,RAILNAME,NOT_HOUR,NOT_HOURNAME,NOT_MIN,NOT_MINNAME,ARR_HOUR,ARR_HOURNAME,ARR_MIN,ARR_MINNAME,HOSP_HR,HOSP_HRNAME,HOSP_MN,HOSP_MNNAME,FATALS
4,Arizona,40991,0,0,2,2,0,2,2,5,COCONINO (5),231,HAPPY JACK,9,September,24,24,7,Saturday,2022,10,10:00am-10:59am,29,29,LAKE MARY RD,STONE MOUNTAIN LAKE RD,8,Other,1,Rural,4,Minor Arterial,2,County Highway Agency,0,This section IS NOT on the NHS,0,No Special Jurisdiction,0,None,34.789275,34.789275,-111.44424167,-111.44424167,12,Motor Vehicle In-Transport,6,Angle,0,No,2,Intersection,3,T-Intersection,1,On Roadway,0,None,1,Daylight,1,Clear,0,No,0000000,Not Applicable,10,10:00am-10:59am,39,39,11,11:00am-11:59am,1,1,99,Unknown,99,Unknown EMS Hospital Arrival Time,1
4,Arizona,40992,0,0,1,1,0,1,1,13,MARICOPA (13),30,AVONDALE,9,September,25,25,1,Sunday,2022,99,Unknown Hours,99,Unknown Minutes,N 107TH AVE,NA,6,Local Street - Municipality,2,Urban,4,Minor Arterial,4,City or Municipal Highway Agency,0,This section IS NOT on the NHS,0,No Special Jurisdiction,99999,Unknown,99.9999,99.9999,999.9999,999.9999,99,Reported as Unknown,99,Reported as Unknown,9,Reported as Unknown,99,Reported as Unknown,99,Reported as Unknown,99,Reported as Unknown,0,None,9,Reported as Unknown,99,Reported as Unknown,0,No,0000000,Not Applicable,99,Unknown,99,Unknown,99,Unknown EMS Scene Arrival Hour,99,Unknown EMS Scene Arrival Minutes,99,Unknown,99,Unknown EMS Hospital Arrival Time,1
4,Arizona,40994,0,0,2,2,0,5,5,19,PIMA (19),425,SELLS,9,September,25,25,1,Sunday,2022,23,11:00pm-11:59pm,1,1,SR-86,NA,3,State Highway,1,Rural,4,Minor Arterial,1,State Highway Agency,0,This section IS NOT on the NHS,0,No Special Jurisdiction,289,289,32.18001389,32.18001389,-112.27684167,-112.27684167,12,Motor Vehicle In-Transport,2,Front-to-Front,0,No,1,Non-Junction,1,Not an Intersection,1,On Roadway,0,None,2,Dark - Not Lighted,1,Clear,0,No,0000000,Not Applicable,99,Unknown,99,Unknown,99,Unknown EMS Scene Arrival Hour,99,Unknown EMS Scene Arrival Minutes,99,Unknown,99,Unknown EMS Hospital Arrival Time,1
4,Arizona,40995,0,0,1,1,0,1,1,1,APACHE (1),83,CHINLE,9,September,27,27,3,Tuesday,2022,99,Unknown Hours,99,Unknown Minutes,BIA 07,NA,8,Other,1,Rural,6,Minor Collector,62,Bureau of Indian Affairs,0,This section IS NOT on the NHS,9,Unknown,0,None,99.9999,99.9999,999.9999,999.9999,99,Reported as Unknown,99,Reported as Unknown,9,Reported as Unknown,99,Reported as Unknown,99,Reported as Unknown,99,Reported as Unknown,0,None,9,Reported as Unknown,99,Reported as Unknown,0,No,0000000,Not Applicable,99,Unknown,99,Unknown,99,Unknown EMS Scene Arrival Hour,99,Unknown EMS Scene Arrival Minutes,99,Unknown,99,Unknown EMS Hospital Arrival Time,1
4,Arizona,40996,1,1,2,2,0,2,2,13,MARICOPA (13),370,PHOENIX,9,September,26,26,2,Monday,2022,4,4:00am-4:59am,47,47,W BUCKEYE RD,S 9TH AVE,6,Local Street - Municipality,2,Urban,4,Minor Arterial,4,City or Municipal Highway Agency,0,This section IS NOT on the NHS,0,No Special Jurisdiction,0,None,33.43679444,33.43679444,-112.08453889,-112.08453889,12,Motor Vehicle In-Transport,1,Front-to-Rear,0,No,3,Intersection-Related,2,Four-Way Intersection,1,On Roadway,0,None,3,Dark - Lighted,1,Clear,0,No,0000000,Not Applicable,99,Unknown,99,Unknown,99,Unknown EMS Scene Arrival Hour,99,Unknown EMS Scene Arrival Minutes,99,Unknown,99,Unknown EMS Hospital Arrival Time,1
4,Arizona,40997,1,1,1,1,0,1,1,13,MARICOPA (13),370,PHOENIX,9,September,27,27,3,Tuesday,2022,6,6:00am-6:59am,44,44,W GREENWAY RD,N 29TH AVE,6,Local Street - Municipality,2,Urban,4,Minor Arterial,4,City or Municipal Highway Agency,0,This section IS NOT on the NHS,0,No Special Jurisdiction,0,None,33.62521389,33.62521389,-112.12022222,-112.12022222,8,Pedestrian,0,The First Harmful Event was Not a Collision with a Motor Vehicle in Transport,0,No,3,Intersection-Related,2,Four-Way Intersection,1,On Roadway,0,None,1,Daylight,1,Clear,0,No,0000000,Not Applicable,99,Unknown,99,Unknown,99,Unknown EMS Scene Arrival Hour,99,Unknown EMS Scene Arrival Minutes,99,Unknown,99,Unknown EMS Hospital Arrival Time,1
4,Arizona,40998,1,1,1,1,0,1,1,13,MARICOPA (13),370,PHOENIX,9,September,30,30,6,Friday,2022,22,10:00pm-10:59pm,59,59,N 75TH AVE,NA,6,Local Street - Municipality,2,Urban,4,Minor Arterial,4,City or Municipal Highway Agency,0,This section IS NOT on the NHS,0,No Special Jurisdiction,0,None,33.50694444,33.50694444,-112.22045556,-112.22045556,8,Pedestrian,0,The First Harmful Event was Not a Collision with a Motor Vehicle in Transport,0,No,1,Non-Junction,1,Not an Intersection,1,On Roadway,0,None,3,Dark - Lighted,1,Clear,0,No,0000000,Not Applicable,22,10:00pm-10:59pm,59,59,23,11:00pm-11:59pm,3,3,23,11:00pm-11:59pm,20,20,1
4,Arizona,40999,0,0,1,1,0,1,1,21,PINAL (21),435,SAN TAN VALLEY,9,September,30,30,6,Friday,2022,5,5:00am-5:59am,24,24,SARATOGA DR,W SAN TAN HEIGHTS BLVD,9,Unknown,2,Urban,4,Minor Arterial,2,County Highway Agency,0,This section IS NOT on the NHS,0,No Special Jurisdiction,9,9,33.17647778,33.17647778,-111.59179444,-111.59179444,1,Rollover/Overturn,0,The First Harmful Event was Not a Collision with a Motor Vehicle in Transport,0,No,3,Intersection-Related,3,T-Intersection,4,On Roadside,0,None,3,Dark - Lighted,1,Clear,0,No,0000000,Not Applicable,99,Unknown,99,Unknown,99,Unknown EMS Scene Arrival Hour,99,Unknown EMS Scene Arrival Minutes,99,Unknown,99,Unknown EMS Hospital Arrival Time,1
4,Arizona,41000,0,0,1,1,0,2,2,13,MARICOPA (13),420,SCOTTSDALE,9,September,30,30,6,Friday,2022,14,2:00pm-2:59pm,51,51,E TALKING STICK WAY,NA,9,Unknown,9,Unknown,99,Unknown,99,Unknown,9,Unknown if this section is on the NHS,9,Unknown,0,None,99.9999,99.9999,999.9999,999.9999,99,Reported as Unknown,99,Reported as Unknown,9,Reported as Unknown,99,Reported as Unknown,99,Reported as Unknown,99,Reported as Unknown,0,None,9,Reported as Unknown,99,Reported as Unknown,0,No,0000000,Not Applicable,99,Unknown,99,Unknown,99,Unknown EMS Scene Arrival Hour,99,Unknown EMS Scene Arrival Minutes,99,Unknown,99,Unknown EMS Hospital Arrival Time,1
4,Arizona,41001,0,0,2,2,0,2,2,19,PIMA (19),530,TUCSON,10,October,2,2,1,Sunday,2022,19,7:00pm-7:59pm,1,1,SPEEDWY BLVD,NA,6,Local Street - Municipality,2,Urban,3,Principal Arterial - Other,4,City or Municipal Highway Agency,0,This section IS NOT on the NHS,0,No Special Jurisdiction,0,None,32.23625833,32.23625833,-110.87675278,-110.87675278,12,Motor Vehicle In-Transport,6,Angle,0,No,8,Driveway Access Related,1,Not an Intersection,1,On Roadway,0,None,3,Dark - Lighted,1,Clear,0,No,0000000,Not Applicable,19,7:00pm-7:59pm,11,11,19,7:00pm-7:59pm,4,4,88,Not Applicable (Not Transported),88,Not Applicable (Not Transported),1
4,Arizona,41002,1,1,1,1,0,2,2,13,MARICOPA (13),490,TEMPE,10,October,4,4,3,Tuesday,2022,19,7:00pm-7:59pm,15,15,W BASELINE RD,NA,6,Local Street - Municipality,2,Urban,4,Minor Arterial,4,City or Municipal Highway Agency,0,This section IS NOT on the NHS,0,No Special Jurisdiction,0,None,33.37826111,33.37826111,-111.94107222,-111.94107222,8,Pedestrian,0,The First Harmful Event was Not a Collision with a Motor Vehicle in Transport,0,No,1,Non-Junction,1,Not an Intersection,1,On Roadway,0,None,3,Dark - Lighted,1,Clear,0,No,0000000,Not Applicable,19,7:00pm-7:59pm,15,15,19,7:00pm-7:59pm,22,22,88,Not Applicable (Not Transported),88,Not Applicable (Not Transported),1
4,Arizona,41003,0,0,2,2,0,2,2,13,MARICOPA (13),368,PEORIA,10,October,4,4,3,Tuesday,2022,23,11:00pm-11:59pm,8,8,SR-101,NA,3,State Highway,2,Urban,2,Principal Arterial - Other Freeways and Expressways,1,State Highway Agency,1,This section IS ON the NHS,0,No Special Jurisdiction,117,117,33.61742222,33.61742222,-112.23943333,-112.23943333,12,Motor Vehicle In-Transport,2,Front-to-Front,0,No,1,Non-Junction,1,Not an Intersection,1,On Roadway,0,None,3,Dark - Lighted,1,Clear,0,No,0000000,Not Applicable,23,11:00pm-11:59pm,12,12,23,11:00pm-11:59pm,21,21,99,Unknown,99,Unknown EMS Hospital Arrival Time,1
4,Arizona,41004,0,0,1,1,0,1,1,13,MARICOPA (13),370,PHOENIX,10,October,6,6,5,Thursday,2022,0,0:00am-0:59am,20,20,I-10 EXIT RAMP,N 16TH ST,1,Interstate,2,Urban,1,Interstate,1,State Highway Agency,1,This section IS ON the NHS,0,No Special Jurisdiction,1460,1460,33.46156389,33.46156389,-112.04753611,-112.04753611,25,Concrete Traffic Barrier,0,The First Harmful Event was Not a Collision with a Motor Vehicle in Transport,1,Yes,3,Intersection-Related,2,Four-Way Intersection,4,On Roadside,0,None,3,Dark - Lighted,1,Clear,0,No,0000000,Not Applicable,2,2:00am-2:59am,0,0,2,2:00am-2:59am,6,6,3,3:00am-3:59am,4,4,1
4,Arizona,41005,1,1,1,1,0,1,1,13,MARICOPA (13),370,PHOENIX,10,October,7,7,6,Friday,2022,7,7:00am-7:59am,52,52,I-17,NA,1,Interstate,2,Urban,1,Interstate,1,State Highway Agency,1,This section IS ON the NHS,0,No Special Jurisdiction,230,230,33.70976389,33.70976389,-112.11658889,-112.11658889,8,Pedestrian,0,The First Harmful Event was Not a Collision with a Motor Vehicle in Transport,1,Yes,19,Other location within Interchange Area,1,Not an Intersection,2,On Shoulder,0,None,1,Daylight,1,Clear,0,No,0000000,Not Applicable,7,7:00am-7:59am,50,50,8,8:00am-8:59am,1,1,88,Not Applicable (Not Transported),88,Not Applicable (Not Transported),1
4,Arizona,41006,1,1,1,1,0,1,1,13,MARICOPA (13),370,PHOENIX,10,October,9,9,1,Sunday,2022,2,2:00am-2:59am,59,59,N 16TH ST,NA,6,Local Street - Municipality,2,Urban,4,Minor Arterial,4,City or Municipal Highway Agency,0,This section IS NOT on the NHS,0,No Special Jurisdiction,0,None,33.48675,33.48675,-112.04776944,-112.04776944,33,Curb,0,The First Harmful Event was Not a Collision with a Motor Vehicle in Transport,0,No,1,Non-Junction,1,Not an Intersection,4,On Roadside,0,None,3,Dark - Lighted,1,Clear,0,No,0000000,Not Applicable,99,Unknown,99,Unknown,99,Unknown EMS Scene Arrival Hour,99,Unknown EMS Scene Arrival Minutes,99,Unknown,99,Unknown EMS Hospital Arrival Time,1
4,Arizona,41007,0,0,4,4,0,6,6,13,MARICOPA (13),0,NOT APPLICABLE,10,October,10,10,2,Monday,2022,3,3:00am-3:59am,38,38,I-17,NA,1,Interstate,1,Rural,1,Interstate,1,State Highway Agency,1,This section IS ON the NHS,0,No Special Jurisdiction,422,422,33.96389167,33.96389167,-112.13035556,-112.13035556,12,Motor Vehicle In-Transport,2,Front-to-Front,1,Yes,18,Through Roadway,1,Not an Intersection,1,On Roadway,0,None,2,Dark - Not Lighted,1,Clear,0,No,0000000,Not Applicable,3,3:00am-3:59am,53,53,4,4:00am-4:59am,7,7,4,4:00am-4:59am,45,45,3
4,Arizona,41008,1,1,1,1,0,1,1,17,NAVAJO (17),240,HOLBROOK,10,October,11,11,3,Tuesday,2022,19,7:00pm-7:59pm,6,6,SR-40B,E ARIZONA AVE,3,State Highway,1,Rural,3,Principal Arterial - Other,1,State Highway Agency,1,This section IS ON the NHS,0,No Special Jurisdiction,99999,Unknown,34.90282778,34.90282778,-110.15839444,-110.15839444,8,Pedestrian,0,The First Harmful Event was Not a Collision with a Motor Vehicle in Transport,0,No,3,Intersection-Related,2,Four-Way Intersection,1,On Roadway,0,None,3,Dark - Lighted,1,Clear,0,No,0000000,Not Applicable,19,7:00pm-7:59pm,6,6,19,7:00pm-7:59pm,13,13,88,Not Applicable (Not Transported),88,Not Applicable (Not Transported),1
4,Arizona,41009,0,0,2,2,0,2,2,19,PIMA (19),530,TUCSON,10,October,13,13,5,Thursday,2022,18,6:00pm-6:59pm,59,59,KOLB RD,STELLA RD,6,Local Street - Municipality,2,Urban,3,Principal Arterial - Other,4,City or Municipal Highway Agency,1,This section IS ON the NHS,0,No Special Jurisdiction,0,None,32.18464722,32.18464722,-110.84107222,-110.84107222,12,Motor Vehicle In-Transport,6,Angle,0,No,2,Intersection,2,Four-Way Intersection,1,On Roadway,0,None,3,Dark - Lighted,1,Clear,0,No,0000000,Not Applicable,18,6:00pm-6:59pm,59,59,19,7:00pm-7:59pm,3,3,19,7:00pm-7:59pm,17,17,1
4,Arizona,41011,1,1,1,1,0,3,3,13,MARICOPA (13),370,PHOENIX,10,October,14,14,6,Friday,2022,18,6:00pm-6:59pm,31,31,W DUNLAP AVE,N 31ST AVE,6,Local Street - Municipality,2,Urban,4,Minor Arterial,4,City or Municipal Highway Agency,0,This section IS NOT on the NHS,0,No Special Jurisdiction,0,None,33.56753056,33.56753056,-112.12524722,-112.12524722,8,Pedestrian,0,The First Harmful Event was Not a Collision with a Motor Vehicle in Transport,0,No,3,Intersection-Related,3,T-Intersection,1,On Roadway,0,None,3,Dark - Lighted,1,Clear,0,No,0000000,Not Applicable,99,Unknown,99,Unknown,99,Unknown EMS Scene Arrival Hour,99,Unknown EMS Scene Arrival Minutes,99,Unknown,99,Unknown EMS Hospital Arrival Time,1
4,Arizona,41012,1,1,1,1,0,1,1,13,MARICOPA (13),370,PHOENIX,10,October,19,19,4,Wednesday,2022,13,1:00pm-1:59pm,38,38,E BROADWAY RD,NA,6,Local Street - Municipality,2,Urban,4,Minor Arterial,4,City or Municipal Highway Agency,0,This section IS NOT on the NHS,0,No Special Jurisdiction,0,None,33.40696944,33.40696944,-112.01896389,-112.01896389,9,Pedalcyclist,0,The First Harmful Event was Not a Collision with a Motor Vehicle in Transport,0,No,1,Non-Junction,1,Not an Intersection,1,On Roadway,0,None,1,Daylight,1,Clear,0,No,0000000,Not Applicable,99,Unknown,99,Unknown,99,Unknown EMS Scene Arrival Hour,99,Unknown EMS Scene Arrival Minutes,99,Unknown,99,Unknown EMS Hospital Arrival Time,1
4,Arizona,41013,1,1,1,1,0,2,2,19,PIMA (19),530,TUCSON,10,October,20,20,5,Thursday,2022,17,5:00pm-5:59pm,19,19,E BROADWAY BLVD,NA,6,Local Street - Municipality,2,Urban,3,Principal Arterial - Other,4,City or Municipal Highway Agency,0,This section IS NOT on the NHS,0,No Special Jurisdiction,0,None,32.22163056,32.22163056,-110.91913056,-110.91913056,8,Pedestrian,0,The First Harmful Event was Not a Collision with a Motor Vehicle in Transport,0,No,1,Non-Junction,1,Not an Intersection,1,On Roadway,0,None,5,Dusk,1,Clear,0,No,0000000,Not Applicable,19,7:00pm-7:59pm,19,19,19,7:00pm-7:59pm,25,25,99,Unknown,99,Unknown EMS Hospital Arrival Time,1
4,Arizona,41014,0,0,2,2,0,2,2,13,MARICOPA (13),80,CHANDLER,10,October,21,21,6,Friday,2022,22,10:00pm-10:59pm,51,51,W WARNER RD,N PENNINGTON DR,6,Local Street - Municipality,2,Urban,4,Minor Arterial,4,City or Municipal Highway Agency,0,This section IS NOT on the NHS,0,No Special Jurisdiction,0,None,33.33516389,33.33516389,-111.87034722,-111.87034722,12,Motor Vehicle In-Transport,6,Angle,0,No,2,Intersection,3,T-Intersection,1,On Roadway,0,None,3,Dark - Lighted,1,Clear,0,No,0000000,Not Applicable,22,10:00pm-10:59pm,53,53,22,10:00pm-10:59pm,56,56,23,11:00pm-11:59pm,16,16,1
4,Arizona,41015,0,0,1,1,0,1,1,13,MARICOPA (13),370,PHOENIX,10,October,22,22,7,Saturday,2022,9,9:00am-9:59am,52,52,SR-202,NA,3,State Highway,2,Urban,2,Principal Arterial - Other Freeways and Expressways,1,State Highway Agency,1,This section IS ON the NHS,0,No Special Jurisdiction,99999,Unknown,33.40667778,33.40667778,-112.19189167,-112.19189167,30,Utility Pole/Light Support,0,The First Harmful Event was Not a Collision with a Motor Vehicle in Transport,1,Yes,19,Other location within Interchange Area,1,Not an Intersection,3,On Median,0,None,1,Daylight,1,Clear,0,No,0000000,Not Applicable,9,9:00am-9:59am,54,54,10,10:00am-10:59am,3,3,88,Not Applicable (Not Transported),88,Not Applicable (Not Transported),1
4,Arizona,41016,0,0,2,2,0,2,2,3,COCHISE (3),431,SIERRA VISTA,10,October,22,22,7,Saturday,2022,17,5:00pm-5:59pm,59,59,E FRY BLVD,CORONADO DR,6,Local Street - Municipality,2,Urban,4,Minor Arterial,4,City or Municipal Highway Agency,0,This section IS NOT on the NHS,0,No Special Jurisdiction,0,None,31.55460278,31.55460278,-110.27767778,-110.27767778,12,Motor Vehicle In-Transport,6,Angle,0,No,2,Intersection,2,Four-Way Intersection,1,On Roadway,0,None,3,Dark - Lighted,1,Clear,0,No,0000000,Not Applicable,17,5:00pm-5:59pm,59,59,18,6:00pm-6:59pm,2,2,18,6:00pm-6:59pm,27,27,1
4,Arizona,41017,0,0,2,2,0,2,2,13,MARICOPA (13),615,WITTMANN,10,October,27,27,5,Thursday,2022,7,7:00am-7:59am,51,51,W PATTON RD,211TH AVE,9,Unknown,1,Rural,5,Major Collector,2,County Highway Agency,0,This section IS NOT on the NHS,0,No Special Jurisdiction,0,None,33.738675,33.738675,-112.51622222,-112.51622222,12,Motor Vehicle In-Transport,6,Angle,0,No,2,Intersection,2,Four-Way Intersection,1,On Roadway,0,None,1,Daylight,1,Clear,0,No,0000000,Not Applicable,7,7:00am-7:59am,51,51,8,8:00am-8:59am,0,0,99,Unknown,99,Unknown EMS Hospital Arrival Time,1
4,Arizona,41018,1,1,1,1,0,1,1,19,PIMA (19),530,TUCSON,10,October,27,27,5,Thursday,2022,21,9:00pm-9:59pm,23,23,E BROADWAY BLVD,NA,6,Local Street - Municipality,2,Urban,3,Principal Arterial - Other,4,City or Municipal Highway Agency,0,This section IS NOT on the NHS,0,No Special Jurisdiction,0,None,32.22090556,32.22090556,-110.81185,-110.81185,8,Pedestrian,0,The First Harmful Event was Not a Collision with a Motor Vehicle in Transport,0,No,1,Non-Junction,1,Not an Intersection,1,On Roadway,0,None,3,Dark - Lighted,1,Clear,0,No,0000000,Not Applicable,21,9:00pm-9:59pm,25,25,21,9:00pm-9:59pm,29,29,88,Not Applicable (Not Transported),88,Not Applicable (Not Transported),1
4,Arizona,41019,1,1,1,1,0,1,1,13,MARICOPA (13),370,PHOENIX,10,October,27,27,5,Thursday,2022,22,10:00pm-10:59pm,21,21,E BROADWAY RD,NA,6,Local Street - Municipality,2,Urban,4,Minor Arterial,4,City or Municipal Highway Agency,0,This section IS NOT on the NHS,0,No Special Jurisdiction,0,None,33.4068,33.4068,-112.04050556,-112.04050556,8,Pedestrian,0,The First Harmful Event was Not a Collision with a Motor Vehicle in Transport,0,No,1,Non-Junction,1,Not an Intersection,1,On Roadway,0,None,3,Dark - Lighted,1,Clear,0,No,0000000,Not Applicable,22,10:00pm-10:59pm,23,23,22,10:00pm-10:59pm,29,29,88,Not Applicable (Not Transported),88,Not Applicable (Not Transported),1
4,Arizona,41020,1,1,1,1,0,1,1,19,PIMA (19),530,TUCSON,10,October,26,26,4,Wednesday,2022,21,9:00pm-9:59pm,54,54,S KINO PKWY,NA,9,Unknown,2,Urban,3,Principal Arterial - Other,4,City or Municipal Highway Agency,1,This section IS ON the NHS,0,No Special Jurisdiction,0,None,32.16955278,32.16955278,-110.94339444,-110.94339444,8,Pedestrian,0,The First Harmful Event was Not a Collision with a Motor Vehicle in Transport,0,No,1,Non-Junction,1,Not an Intersection,1,On Roadway,0,None,2,Dark - Not Lighted,1,Clear,0,No,0000000,Not Applicable,21,9:00pm-9:59pm,54,54,22,10:00pm-10:59pm,5,5,22,10:00pm-10:59pm,23,23,1
4,Arizona,41021,0,0,1,1,0,1,1,13,MARICOPA (13),370,PHOENIX,10,October,28,28,6,Friday,2022,1,1:00am-1:59am,46,46,N CAVE CREEK RD,NA,6,Local Street - Municipality,2,Urban,3,Principal Arterial - Other,4,City or Municipal Highway Agency,1,This section IS ON the NHS,0,No Special Jurisdiction,0,None,99.9999,99.9999,999.9999,999.9999,99,Reported as Unknown,99,Reported as Unknown,0,No,1,Non-Junction,1,Not an Intersection,98,Not Reported,0,None,2,Dark - Not Lighted,1,Clear,0,No,0000000,Not Applicable,99,Unknown,99,Unknown,99,Unknown EMS Scene Arrival Hour,99,Unknown EMS Scene Arrival Minutes,99,Unknown,99,Unknown EMS Hospital Arrival Time,1
4,Arizona,41022,0,0,2,2,0,2,2,13,MARICOPA (13),322,MORRISTOWN,10,October,28,28,6,Friday,2022,11,11:00am-11:59am,33,33,US-60,SR-74,2,US Highway,1,Rural,3,Principal Arterial - Other,1,State Highway Agency,1,This section IS ON the NHS,0,No Special Jurisdiction,893,893,33.86403611,33.86403611,-112.63351944,-112.63351944,12,Motor Vehicle In-Transport,1,Front-to-Rear,1,Yes,3,Intersection-Related,3,T-Intersection,1,On Roadway,0,None,1,Daylight,1,Clear,0,No,0000000,Not Applicable,10,10:00am-10:59am,6,6,10,10:00am-10:59am,17,17,88,Not Applicable (Not Transported),88,Not Applicable (Not Transported),1
4,Arizona,41023,1,1,2,2,0,7,7,13,MARICOPA (13),486,SURPRISE,10,October,29,29,7,Saturday,2022,14,2:00pm-2:59pm,2,2,W OLIVE AVE,NA,6,Local Street - Municipality,2,Urban,5,Major Collector,2,County Highway Agency,0,This section IS NOT on the NHS,0,No Special Jurisdiction,0,None,33.56620278,33.56620278,-112.43671944,-112.43671944,12,Motor Vehicle In-Transport,6,Angle,0,No,8,Driveway Access Related,1,Not an Intersection,1,On Roadway,1,Construction,1,Daylight,1,Clear,0,No,0000000,Not Applicable,14,2:00pm-2:59pm,2,2,14,2:00pm-2:59pm,9,9,14,2:00pm-2:59pm,40,40,1
4,Arizona,41024,1,1,1,1,0,1,1,19,PIMA (19),530,TUCSON,10,October,29,29,7,Saturday,2022,20,8:00pm-8:59pm,16,16,E BROADWAY BLVD,NA,6,Local Street - Municipality,2,Urban,3,Principal Arterial - Other,4,City or Municipal Highway Agency,0,This section IS NOT on the NHS,0,No Special Jurisdiction,0,None,32.22148611,32.22148611,-110.91768333,-110.91768333,8,Pedestrian,0,The First Harmful Event was Not a Collision with a Motor Vehicle in Transport,0,No,1,Non-Junction,1,Not an Intersection,1,On Roadway,0,None,3,Dark - Lighted,1,Clear,0,No,0000000,Not Applicable,20,8:00pm-8:59pm,17,17,20,8:00pm-8:59pm,20,20,20,8:00pm-8:59pm,45,45,1
4,Arizona,41025,0,0,1,1,0,2,2,19,PIMA (19),530,TUCSON,10,October,30,30,1,Sunday,2022,1,1:00am-1:59am,27,27,S NOGALES HWY,E VALENCIA RD,9,Unknown,2,Urban,5,Major Collector,4,City or Municipal Highway Agency,0,This section IS NOT on the NHS,0,No Special Jurisdiction,0,None,32.13381111,32.13381111,-110.96139167,-110.96139167,33,Curb,0,The First Harmful Event was Not a Collision with a Motor Vehicle in Transport,0,No,3,Intersection-Related,2,Four-Way Intersection,12,Pedestrian Refuge Island or Traffic Island,0,None,3,Dark - Lighted,1,Clear,0,No,0000000,Not Applicable,1,1:00am-1:59am,27,27,1,1:00am-1:59am,35,35,88,Not Applicable (Not Transported),88,Not Applicable (Not Transported),2
4,Arizona,41026,0,0,4,4,0,5,5,13,MARICOPA (13),370,PHOENIX,10,October,30,30,1,Sunday,2022,5,5:00am-5:59am,32,32,N 75TH AVE,NA,6,Local Street - Municipality,2,Urban,4,Minor Arterial,4,City or Municipal Highway Agency,0,This section IS NOT on the NHS,0,No Special Jurisdiction,0,None,33.50840556,33.50840556,-112.22057778,-112.22057778,12,Motor Vehicle In-Transport,2,Front-to-Front,0,No,1,Non-Junction,1,Not an Intersection,1,On Roadway,0,None,3,Dark - Lighted,1,Clear,0,No,0000000,Not Applicable,99,Unknown,99,Unknown,99,Unknown EMS Scene Arrival Hour,99,Unknown EMS Scene Arrival Minutes,99,Unknown,99,Unknown EMS Hospital Arrival Time,1
4,Arizona,41027,0,0,1,1,0,1,1,19,PIMA (19),219,GREEN VALLEY,10,October,30,30,1,Sunday,2022,5,5:00am-5:59am,37,37,I-19,NA,1,Interstate,2,Urban,1,Interstate,1,State Highway Agency,1,This section IS ON the NHS,0,No Special Jurisdiction,350,350,31.78866111,31.78866111,-111.02211111,-111.02211111,52,Guardrail End,0,The First Harmful Event was Not a Collision with a Motor Vehicle in Transport,1,Yes,19,Other location within Interchange Area,1,Not an Intersection,4,On Roadside,0,None,4,Dawn,1,Clear,0,No,0000000,Not Applicable,5,5:00am-5:59am,41,41,6,6:00am-6:59am,0,0,88,Not Applicable (Not Transported),88,Not Applicable (Not Transported),1