STATE,STATENAME,ST_CASE,PEDS,PERNOTMVIT,VE_TOTAL,VE_FORMS,PVH_INVL,PERSONS,PERMVIT,COUNTY,COUNTYNAME,CITY,CITYNAME,MONTH,MONTHNAME,DAY,DAYNAME,DAY_WEEK,DAY_WEEKNAME,YEAR,HOUR,HOURNAME,MINUTE,MINUTENAME,TWAY_ID,TWAY_ID2,ROUTE,ROUTENAME,RUR_URB,RUR_URBNAME,FUNC_SYS,FUNC_SYSNAME,RD_OWNER,RD_OWNERNAME,NHS,NHSNAME,SP_JUR,SP_JURNAME,MILEPT,MILEPTNAME,LATITUDE,LATITUDENAME,LONGITUD,LONGITUDNAME,HARM_EV,HARM_EVNAME,MAN_COLL,MAN_COLLNAME,RELJCT1,RELJCT1NAME,RELJCT2,RELJCT2NAME,TYP_INT,TYP_INTNAME,REL_ROAD,REL_ROADNAME,WRK_ZONE,WRK_ZONENAME,LGT_COND,LGT_CONDNAME,WEATHER,WEATHERNAME,SCH_BUS,SCH_BUSNAME,RAIL,RAILNAME,NOT_HOUR,NOT_HOURNAME,NOT_MIN,NOT_MINNAME,ARR_HOUR,ARR_HOURNAME,ARR_MIN,ARR_MINNAME,HOSP_HR,HOSP_HRNAME,HOSP_MN,HOSP_MNNAME,FATALS
4,Arizona,41143,0,0,1,1,0,1,1,19,PIMA (19),219,GREEN VALLEY,12,December,26,26,2,Monday,2022,18,6:00pm-6:59pm,27,27,I-19,NA,1,Interstate,2,Urban,3,Principal Arterial - Other,1,State Highway Agency,1,This section IS ON the NHS,0,No Special Jurisdiction,380,380,31.83608056,31.83608056,-110.99918889,-110.99918889,1,Rollover/Overturn,0,The First Harmful Event was Not a Collision with a Motor Vehicle in Transport,0,No,1,Non-Junction,1,Not an Intersection,4,On Roadside,0,None,2,Dark - Not Lighted,1,Clear,0,No,0000000,Not Applicable,18,6:00pm-6:59pm,23,23,18,6:00pm-6:59pm,33,33,88,Not Applicable (Not Transported),88,Not Applicable (Not Transported),1
4,Arizona,41144,0,0,2,2,0,4,4,13,MARICOPA (13),370,PHOENIX,12,December,26,26,2,Monday,2022,19,7:00pm-7:59pm,32,32,N 67TH AVE,W EL CORTEZ PL,6,Local Street - Municipality,2,Urban,4,Minor Arterial,4,City or Municipal Highway Agency,0,This section IS NOT on the NHS,0,No Special Jurisdiction,0,None,33.71813056,33.71813056,-112.20311111,-112.20311111,12,Motor Vehicle In-Transport,6,Angle,0,No,2,Intersection,2,Four-Way Intersection,1,On Roadway,0,None,3,Dark - Lighted,1,Clear,0,No,0000000,Not Applicable,19,7:00pm-7:59pm,33,33,19,7:00pm-7:59pm,39,39,19,7:00pm-7:59pm,54,54,1
4,Arizona,41145,0,0,2,2,0,3,3,7,GILA (7),365,PAYSON,12,December,27,27,3,Tuesday,2022,23,11:00pm-11:59pm,54,54,SR-87,NA,3,State Highway,1,Rural,3,Principal Arterial - Other,1,State Highway Agency,1,This section IS ON the NHS,0,No Special Jurisdiction,1104,1104,33.94919444,33.94919444,-111.42071389,-111.42071389,12,Motor Vehicle In-Transport,2,Front-to-Front,0,No,1,Non-Junction,1,Not an Intersection,1,On Roadway,0,None,2,Dark - Not Lighted,10,Cloudy,0,No,0000000,Not Applicable,23,11:00pm-11:59pm,57,57,0,0:00am-0:59am,30,30,99,Unknown,99,Unknown EMS Hospital Arrival Time,2
4,Arizona,41146,1,1,1,1,0,2,2,19,PIMA (19),530,TUCSON,12,December,27,27,3,Tuesday,2022,21,9:00pm-9:59pm,28,28,E 22ND ST,BRYANT AVE,6,Local Street - Municipality,2,Urban,4,Minor Arterial,4,City or Municipal Highway Agency,0,This section IS NOT on the NHS,0,No Special Jurisdiction,0,None,32.20695,32.20695,-110.90291389,-110.90291389,8,Pedestrian,0,The First Harmful Event was Not a Collision with a Motor Vehicle in Transport,0,No,3,Intersection-Related,3,T-Intersection,1,On Roadway,0,None,3,Dark - Lighted,1,Clear,0,No,0000000,Not Applicable,21,9:00pm-9:59pm,20,20,21,9:00pm-9:59pm,23,23,21,9:00pm-9:59pm,48,48,1
4,Arizona,41147,0,0,2,2,0,6,6,25,YAVAPAI (25),428,Sedona,12,December,28,28,4,Wednesday,2022,0,0:00am-0:59am,15,15,SR-179,NA,3,State Highway,1,Rural,3,Principal Arterial - Other,1,State Highway Agency,1,This section IS ON the NHS,0,No Special Jurisdiction,1,1,34.69185833,34.69185833,-111.75032778,-111.75032778,12,Motor Vehicle In-Transport,2,Front-to-Front,0,No,1,Non-Junction,1,Not an Intersection,1,On Roadway,0,None,2,Dark - Not Lighted,2,Rain,0,No,0000000,Not Applicable,0,0:00am-0:59am,21,21,0,0:00am-0:59am,28,28,99,Unknown,99,Unknown EMS Hospital Arrival Time,1
4,Arizona,41148,0,0,2,2,0,2,2,19,PIMA (19),530,TUCSON,12,December,28,28,4,Wednesday,2022,7,7:00am-7:59am,31,31,6TH AVE,44TH ST,6,Local Street - Municipality,2,Urban,4,Minor Arterial,4,City or Municipal Highway Agency,0,This section IS NOT on the NHS,0,No Special Jurisdiction,0,None,32.1853,32.1853,-110.968375,-110.968375,12,Motor Vehicle In-Transport,1,Front-to-Rear,0,No,3,Intersection-Related,2,Four-Way Intersection,1,On Roadway,0,None,1,Daylight,2,Rain,0,No,0000000,Not Applicable,7,7:00am-7:59am,31,31,7,7:00am-7:59am,31,31,8,8:00am-8:59am,12,12,1
4,Arizona,41149,0,0,2,2,0,4,4,17,NAVAJO (17),0,NOT APPLICABLE,12,December,29,29,5,Thursday,2022,7,7:00am-7:59am,58,58,SR-260,NA,3,State Highway,2,Urban,3,Principal Arterial - Other,1,State Highway Agency,1,This section IS ON the NHS,0,No Special Jurisdiction,1549,1549,34.2826,34.2826,-110.10329722,-110.10329722,12,Motor Vehicle In-Transport,2,Front-to-Front,0,No,1,Non-Junction,1,Not an Intersection,1,On Roadway,0,None,4,Dawn,5,"Fog, Smog, Smoke",0,No,0000000,Not Applicable,7,7:00am-7:59am,57,57,8,8:00am-8:59am,1,1,9,9:00am-9:59am,53,53,2
4,Arizona,41150,0,0,1,1,0,1,1,13,MARICOPA (13),200,GLENDALE,12,December,29,29,5,Thursday,2022,10,10:00am-10:59am,14,14,N 67TH AVE,NA,6,Local Street - Municipality,2,Urban,4,Minor Arterial,4,City or Municipal Highway Agency,0,This section IS NOT on the NHS,0,No Special Jurisdiction,0,None,33.53390278,33.53390278,-112.20307222,-112.20307222,33,Curb,0,The First Harmful Event was Not a Collision with a Motor Vehicle in Transport,0,No,1,Non-Junction,1,Not an Intersection,4,On Roadside,0,None,1,Daylight,1,Clear,0,No,0000000,Not Applicable,10,10:00am-10:59am,14,14,10,10:00am-10:59am,19,19,10,10:00am-10:59am,41,41,1
4,Arizona,41151,0,0,1,1,0,1,1,3,COCHISE (3),0,NOT APPLICABLE,12,December,29,29,5,Thursday,2022,17,5:00pm-5:59pm,27,27,I-10,NA,1,Interstate,1,Rural,1,Interstate,1,State Highway Agency,1,This section IS ON the NHS,0,No Special Jurisdiction,3133,3133,31.99516111,31.99516111,-110.16910833,-110.16910833,1,Rollover/Overturn,0,The First Harmful Event was Not a Collision with a Motor Vehicle in Transport,1,Yes,19,Other location within Interchange Area,1,Not an Intersection,3,On Median,0,None,5,Dusk,1,Clear,0,No,0000000,Not Applicable,17,5:00pm-5:59pm,27,27,17,5:00pm-5:59pm,37,37,18,6:00pm-6:59pm,5,5,1
4,Arizona,41152,1,1,1,1,0,1,1,19,PIMA (19),530,TUCSON,7,July,26,26,3,Tuesday,2022,8,8:00am-8:59am,23,23,E 22ND ST,NA,6,Local Street - Municipality,2,Urban,4,Minor Arterial,4,City or Municipal Highway Agency,0,This section IS NOT on the NHS,0,No Special Jurisdiction,0,None,32.20628889,32.20628889,-110.8216,-110.8216,9,Pedalcyclist,0,The First Harmful Event was Not a Collision with a Motor Vehicle in Transport,0,No,8,Driveway Access Related,1,Not an Intersection,1,On Roadway,0,None,1,Daylight,10,Cloudy,0,No,0000000,Not Applicable,8,8:00am-8:59am,30,30,8,8:00am-8:59am,36,36,88,Not Applicable (Not Transported),88,Not Applicable (Not Transported),1
4,Arizona,41153,1,1,1,1,0,1,1,19,PIMA (19),530,TUCSON,8,August,7,7,1,Sunday,2022,5,5:00am-5:59am,5,5,GRANT RD,NA,6,Local Street - Municipality,2,Urban,3,Principal Arterial - Other,4,City or Municipal Highway Agency,0,This section IS NOT on the NHS,0,No Special Jurisdiction,0,None,32.25036111,32.25036111,-110.98122222,-110.98122222,9,Pedalcyclist,0,The First Harmful Event was Not a Collision with a Motor Vehicle in Transport,0,No,1,Non-Junction,1,Not an Intersection,98,Not Reported,0,None,4,Dawn,1,Clear,0,No,0000000,Not Applicable,99,Unknown,99,Unknown,99,Unknown EMS Scene Arrival Hour,99,Unknown EMS Scene Arrival Minutes,99,Unknown,99,Unknown EMS Hospital Arrival Time,1
4,Arizona,41154,1,1,1,1,0,1,1,13,MARICOPA (13),370,PHOENIX,11,November,8,8,3,Tuesday,2022,17,5:00pm-5:59pm,56,56,W BELL RD,N 11TH AVE,6,Local Street - Municipality,2,Urban,3,Principal Arterial - Other,4,City or Municipal Highway Agency,1,This section IS ON the NHS,0,No Special Jurisdiction,0,None,33.64031667,33.64031667,-112.08697778,-112.08697778,8,Pedestrian,0,The First Harmful Event was Not a Collision with a Motor Vehicle in Transport,0,No,3,Intersection-Related,2,Four-Way Intersection,1,On Roadway,0,None,5,Dusk,1,Clear,0,No,0000000,Not Applicable,99,Unknown,99,Unknown,99,Unknown EMS Scene Arrival Hour,99,Unknown EMS Scene Arrival Minutes,99,Unknown,99,Unknown EMS Hospital Arrival Time,1
4,Arizona,41155,0,0,2,2,0,6,6,19,PIMA (19),0,NOT APPLICABLE,11,November,6,6,1,Sunday,2022,18,6:00pm-6:59pm,54,54,EL TIRO RD,N PUMA RD,6,Local Street - Municipality,1,Rural,4,Minor Arterial,4,City or Municipal Highway Agency,0,This section IS NOT on the NHS,0,No Special Jurisdiction,0,None,32.42941389,32.42941389,-111.31708333,-111.31708333,12,Motor Vehicle In-Transport,6,Angle,0,No,2,Intersection,3,T-Intersection,1,On Roadway,0,None,9,Reported as Unknown,99,Reported as Unknown,0,No,0000000,Not Applicable,99,Unknown,99,Unknown,99,Unknown EMS Scene Arrival Hour,99,Unknown EMS Scene Arrival Minutes,99,Unknown,99,Unknown EMS Hospital Arrival Time,1
4,Arizona,41156,0,0,2,2,0,2,2,13,MARICOPA (13),370,PHOENIX,11,November,13,13,1,Sunday,2022,8,8:00am-8:59am,3,3,N CAVE CREEK RD,E SWEETWATER AVE,6,Local Street - Municipality,2,Urban,3,Principal Arterial - Other,4,City or Municipal Highway Agency,1,This section IS ON the NHS,0,No Special Jurisdiction,0,None,33.60416944,33.60416944,-112.03675833,-112.03675833,12,Motor Vehicle In-Transport,6,Angle,0,No,2,Intersection,2,Four-Way Intersection,1,On Roadway,0,None,1,Daylight,1,Clear,0,No,0000000,Not Applicable,99,Unknown,99,Unknown,99,Unknown EMS Scene Arrival Hour,99,Unknown EMS Scene Arrival Minutes,88,Not Applicable (Not Transported),88,Not Applicable (Not Transported),1
4,Arizona,41157,1,1,1,1,0,5,5,13,MARICOPA (13),370,PHOENIX,11,November,13,13,1,Sunday,2022,21,9:00pm-9:59pm,44,44,N 7TH AVE,CAMELBACK RD,6,Local Street - Municipality,2,Urban,4,Minor Arterial,4,City or Municipal Highway Agency,0,This section IS NOT on the NHS,0,No Special Jurisdiction,0,None,33.50946111,33.50946111,-112.08271667,-112.08271667,8,Pedestrian,0,The First Harmful Event was Not a Collision with a Motor Vehicle in Transport,0,No,3,Intersection-Related,2,Four-Way Intersection,1,On Roadway,0,None,3,Dark - Lighted,1,Clear,0,No,0000000,Not Applicable,99,Unknown,99,Unknown,99,Unknown EMS Scene Arrival Hour,99,Unknown EMS Scene Arrival Minutes,99,Unknown,99,Unknown EMS Hospital Arrival Time,1
4,Arizona,41158,1,1,1,1,0,1,1,13,MARICOPA (13),60,BUCKEYE,11,November,20,20,1,Sunday,2022,12,12:00pm-12:59pm,40,40,LEAF VERDE RV LOOP,NA,6,Local Street - Municipality,2,Urban,4,Minor Arterial,4,City or Municipal Highway Agency,0,This section IS NOT on the NHS,0,No Special Jurisdiction,0,None,33.43171111,33.43171111,-112.57379167,-112.57379167,9,Pedalcyclist,0,The First Harmful Event was Not a Collision with a Motor Vehicle in Transport,0,No,1,Non-Junction,1,Not an Intersection,1,On Roadway,0,None,9,Reported as Unknown,99,Reported as Unknown,0,No,0000000,Not Applicable,99,Unknown,99,Unknown,99,Unknown EMS Scene Arrival Hour,99,Unknown EMS Scene Arrival Minutes,99,Unknown,99,Unknown EMS Hospital Arrival Time,1
4,Arizona,41159,1,1,1,1,0,1,1,13,MARICOPA (13),80,CHANDLER,10,October,27,27,5,Thursday,2022,4,4:00am-4:59am,43,43,HUNT HWY,NA,9,Unknown,2,Urban,4,Minor Arterial,2,County Highway Agency,0,This section IS NOT on the NHS,0,No Special Jurisdiction,0,None,33.20411667,33.20411667,-111.83480556,-111.83480556,8,Pedestrian,0,The First Harmful Event was Not a Collision with a Motor Vehicle in Transport,0,No,1,Non-Junction,1,Not an Intersection,1,On Roadway,0,None,3,Dark - Lighted,1,Clear,0,No,0000000,Not Applicable,4,4:00am-4:59am,45,45,4,4:00am-4:59am,52,52,88,Not Applicable (Not Transported),88,Not Applicable (Not Transported),1
4,Arizona,41160,0,0,3,3,0,4,4,13,MARICOPA (13),370,PHOENIX,10,October,17,17,2,Monday,2022,16,4:00pm-4:59pm,43,43,W CACTUS RD,N 35TH AVE,6,Local Street - Municipality,2,Urban,4,Minor Arterial,4,City or Municipal Highway Agency,0,This section IS NOT on the NHS,0,No Special Jurisdiction,0,None,33.59648056,33.59648056,-112.13446667,-112.13446667,12,Motor Vehicle In-Transport,1,Front-to-Rear,0,No,3,Intersection-Related,2,Four-Way Intersection,1,On Roadway,0,None,1,Daylight,1,Clear,0,No,0000000,Not Applicable,99,Unknown,99,Unknown,99,Unknown EMS Scene Arrival Hour,99,Unknown EMS Scene Arrival Minutes,99,Unknown,99,Unknown EMS Hospital Arrival Time,1
4,Arizona,41163,0,0,1,1,0,1,1,13,MARICOPA (13),570,WICKENBURG,12,December,11,11,1,Sunday,2022,23,11:00pm-11:59pm,58,58,US-60,NA,2,US Highway,1,Rural,4,Minor Arterial,1,State Highway Agency,0,This section IS NOT on the NHS,0,No Special Jurisdiction,711,711,33.94729167,33.94729167,-112.8822,-112.8822,1,Rollover/Overturn,0,The First Harmful Event was Not a Collision with a Motor Vehicle in Transport,0,No,1,Non-Junction,1,Not an Intersection,5,Outside Trafficway,0,None,2,Dark - Not Lighted,1,Clear,0,No,0000000,Not Applicable,0,0:00am-0:59am,1,1,0,0:00am-0:59am,18,18,88,Not Applicable (Not Transported),88,Not Applicable (Not Transported),1
4,Arizona,41164,0,0,2,2,0,2,2,13,MARICOPA (13),370,PHOENIX,12,December,9,9,6,Friday,2022,20,8:00pm-8:59pm,27,27,75TH AVE,ENCANTO BLVD,6,Local Street - Municipality,2,Urban,5,Major Collector,4,City or Municipal Highway Agency,0,This section IS NOT on the NHS,0,No Special Jurisdiction,0,None,33.47298333,33.47298333,-112.22081389,-112.22081389,1,Rollover/Overturn,0,The First Harmful Event was Not a Collision with a Motor Vehicle in Transport,0,No,2,Intersection,2,Four-Way Intersection,1,On Roadway,0,None,3,Dark - Lighted,1,Clear,0,No,0000000,Not Applicable,20,8:00pm-8:59pm,29,29,20,8:00pm-8:59pm,31,31,88,Not Applicable (Not Transported),88,Not Applicable (Not Transported),1
4,Arizona,41165,0,0,2,2,0,2,2,13,MARICOPA (13),220,GOODYEAR,10,October,2,2,1,Sunday,2022,20,8:00pm-8:59pm,21,21,N ESTRELLA PKWY,W ROOSEVELT ST,6,Local Street - Municipality,2,Urban,4,Minor Arterial,4,City or Municipal Highway Agency,0,This section IS NOT on the NHS,0,No Special Jurisdiction,0,None,33.45736389,33.45736389,-112.39268611,-112.39268611,12,Motor Vehicle In-Transport,6,Angle,0,No,2,Intersection,2,Four-Way Intersection,1,On Roadway,0,None,6,Dark - Unknown Lighting,99,Reported as Unknown,0,No,0000000,Not Applicable,20,8:00pm-8:59pm,22,22,20,8:00pm-8:59pm,27,27,20,8:00pm-8:59pm,48,48,1
4,Arizona,41166,1,1,1,1,0,1,1,13,MARICOPA (13),290,MESA,11,November,25,25,6,Friday,2022,3,3:00am-3:59am,47,47,BROADWAY RD,NA,6,Local Street - Municipality,2,Urban,4,Minor Arterial,4,City or Municipal Highway Agency,0,This section IS NOT on the NHS,0,No Special Jurisdiction,0,None,33.40777778,33.40777778,-111.59508611,-111.59508611,8,Pedestrian,0,The First Harmful Event was Not a Collision with a Motor Vehicle in Transport,0,No,1,Non-Junction,1,Not an Intersection,1,On Roadway,0,None,2,Dark - Not Lighted,1,Clear,0,No,0000000,Not Applicable,3,3:00am-3:59am,47,47,3,3:00am-3:59am,50,50,88,Not Applicable (Not Transported),88,Not Applicable (Not Transported),1
4,Arizona,41167,1,1,1,1,0,1,1,3,COCHISE (3),130,DOUGLAS,8,August,19,19,6,Friday,2022,11,11:00am-11:59am,41,41,9TH ST,NA,6,Local Street - Municipality,2,Urban,6,Minor Collector,4,City or Municipal Highway Agency,0,This section IS NOT on the NHS,0,No Special Jurisdiction,0,None,31.34346389,31.34346389,-109.55018889,-109.55018889,8,Pedestrian,0,The First Harmful Event was Not a Collision with a Motor Vehicle in Transport,0,No,1,Non-Junction,1,Not an Intersection,1,On Roadway,0,None,1,Daylight,10,Cloudy,0,No,0000000,Not Applicable,11,11:00am-11:59am,43,43,11,11:00am-11:59am,43,43,11,11:00am-11:59am,55,55,1
4,Arizona,41168,0,0,1,1,0,1,1,13,MARICOPA (13),74,CAVE CREEK,10,October,8,8,7,Saturday,2022,23,11:00pm-11:59pm,46,46,E VIOLA LN,E HIDDEN ROCK RD,9,Unknown,9,Unknown,99,Unknown,99,Unknown,0,This section IS NOT on the NHS,0,No Special Jurisdiction,0,None,33.831975,33.831975,-111.93771389,-111.93771389,1,Rollover/Overturn,0,The First Harmful Event was Not a Collision with a Motor Vehicle in Transport,0,No,2,Intersection,4,Y-Intersection,1,On Roadway,0,None,3,Dark - Lighted,1,Clear,0,No,0000000,Not Applicable,23,11:00pm-11:59pm,47,47,23,11:00pm-11:59pm,55,55,0,0:00am-0:59am,46,46,1
4,Arizona,41169,1,1,1,1,0,1,1,13,MARICOPA (13),370,PHOENIX,10,October,21,21,6,Friday,2022,7,7:00am-7:59am,45,45,E THOMAS RD,N 56TH ST,6,Local Street - Municipality,2,Urban,4,Minor Arterial,4,City or Municipal Highway Agency,0,This section IS NOT on the NHS,0,No Special Jurisdiction,0,None,33.47998889,33.47998889,-111.96083611,-111.96083611,8,Pedestrian,0,The First Harmful Event was Not a Collision with a Motor Vehicle in Transport,0,No,3,Intersection-Related,2,Four-Way Intersection,1,On Roadway,0,None,1,Daylight,1,Clear,0,No,0000000,Not Applicable,7,7:00am-7:59am,46,46,7,7:00am-7:59am,50,50,7,7:00am-7:59am,59,59,1
4,Arizona,41170,1,1,2,2,0,1,1,13,MARICOPA (13),370,PHOENIX,10,October,23,23,1,Sunday,2022,5,5:00am-5:59am,29,29,N 12TH ST,NA,6,Local Street - Municipality,2,Urban,5,Major Collector,4,City or Municipal Highway Agency,0,This section IS NOT on the NHS,0,No Special Jurisdiction,0,None,33.55388889,33.55388889,-112.05656944,-112.05656944,12,Motor Vehicle In-Transport,99,Reported as Unknown,0,No,1,Non-Junction,1,Not an Intersection,1,On Roadway,0,None,3,Dark - Lighted,1,Clear,0,No,0000000,Not Applicable,5,5:00am-5:59am,52,52,5,5:00am-5:59am,59,59,6,6:00am-6:59am,12,12,1
4,Arizona,41171,0,0,1,1,0,1,1,21,PINAL (21),70,CASA GRANDE,11,November,3,3,5,Thursday,2022,21,9:00pm-9:59pm,28,28,EARLEY RD,NA,9,Unknown,2,Urban,5,Major Collector,2,County Highway Agency,0,This section IS NOT on the NHS,0,No Special Jurisdiction,0,None,99.9999,99.9999,999.9999,999.9999,99,Reported as Unknown,99,Reported as Unknown,0,No,99,Reported as Unknown,99,Reported as Unknown,98,Not Reported,0,None,6,Dark - Unknown Lighting,99,Reported as Unknown,0,No,0000000,Not Applicable,99,Unknown,99,Unknown,99,Unknown EMS Scene Arrival Hour,99,Unknown EMS Scene Arrival Minutes,99,Unknown,99,Unknown EMS Hospital Arrival Time,1
4,Arizona,41172,0,0,2,2,0,3,3,7,GILA (7),369,PERIDOT,11,November,11,11,6,Friday,2022,99,Unknown Hours,99,Unknown Minutes,BIA 3,NA,9,Unknown,1,Rural,4,Minor Arterial,62,Bureau of Indian Affairs,0,This section IS NOT on the NHS,3,Indian Reservation,0,None,33.27333333,33.27333333,-110.45910278,-110.45910278,12,Motor Vehicle In-Transport,2,Front-to-Front,9,Reported as Unknown,99,Reported as Unknown,99,Reported as Unknown,99,Reported as Unknown,0,None,9,Reported as Unknown,99,Reported as Unknown,0,No,0000000,Not Applicable,99,Unknown,99,Unknown,99,Unknown EMS Scene Arrival Hour,99,Unknown EMS Scene Arrival Minutes,88,Not Applicable (Not Transported),88,Not Applicable (Not Transported),3
4,Arizona,41173,0,0,1,1,0,1,1,13,MARICOPA (13),200,GLENDALE,11,November,12,12,7,Saturday,2022,23,11:00pm-11:59pm,48,48,83RD AVE,NA,6,Local Street - Municipality,2,Urban,4,Minor Arterial,4,City or Municipal Highway Agency,0,This section IS NOT on the NHS,0,No Special Jurisdiction,0,None,99.9999,99.9999,999.9999,999.9999,99,Reported as Unknown,99,Reported as Unknown,0,No,1,Non-Junction,1,Not an Intersection,98,Not Reported,0,None,6,Dark - Unknown Lighting,99,Reported as Unknown,0,No,0000000,Not Applicable,99,Unknown,99,Unknown,99,Unknown EMS Scene Arrival Hour,99,Unknown EMS Scene Arrival Minutes,99,Unknown,99,Unknown EMS Hospital Arrival Time,1
4,Arizona,41174,0,0,2,2,0,2,2,5,COCONINO (5),0,NOT APPLICABLE,11,November,17,17,5,Thursday,2022,17,5:00pm-5:59pm,29,29,BIA 15,NA,9,Unknown,1,Rural,5,Major Collector,62,Bureau of Indian Affairs,0,This section IS NOT on the NHS,0,No Special Jurisdiction,0,None,35.30624444,35.30624444,-110.95107222,-110.95107222,12,Motor Vehicle In-Transport,2,Front-to-Front,0,No,1,Non-Junction,1,Not an Intersection,1,On Roadway,0,None,9,Reported as Unknown,99,Reported as Unknown,0,No,0000000,Not Applicable,99,Unknown,99,Unknown,99,Unknown EMS Scene Arrival Hour,99,Unknown EMS Scene Arrival Minutes,99,Unknown,98,Unknown if Transported,2
4,Arizona,41176,0,0,2,2,0,2,2,7,GILA (7),0,NOT APPLICABLE,11,November,27,27,1,Sunday,2022,99,Unknown Hours,99,Unknown Minutes,US-70,NA,2,US Highway,1,Rural,4,Minor Arterial,1,State Highway Agency,0,This section IS NOT on the NHS,0,No Special Jurisdiction,39,39,33.36221389,33.36221389,-110.70621667,-110.70621667,12,Motor Vehicle In-Transport,99,Reported as Unknown,9,Reported as Unknown,99,Reported as Unknown,99,Reported as Unknown,99,Reported as Unknown,0,None,9,Reported as Unknown,99,Reported as Unknown,0,No,0000000,Not Applicable,99,Unknown,99,Unknown,99,Unknown EMS Scene Arrival Hour,99,Unknown EMS Scene Arrival Minutes,99,Unknown,99,Unknown EMS Hospital Arrival Time,1
4,Arizona,41177,0,0,2,2,0,6,6,13,MARICOPA (13),486,SURPRISE,12,December,23,23,6,Friday,2022,20,8:00pm-8:59pm,57,57,W BELL RD,AVENUE OF THE ARTS,6,Local Street - Municipality,2,Urban,3,Principal Arterial - Other,4,City or Municipal Highway Agency,1,This section IS ON the NHS,0,No Special Jurisdiction,0,None,33.63866667,33.63866667,-112.30528611,-112.30528611,1,Rollover/Overturn,0,The First Harmful Event was Not a Collision with a Motor Vehicle in Transport,0,No,2,Intersection,2,Four-Way Intersection,1,On Roadway,0,None,3,Dark - Lighted,1,Clear,0,No,0000000,Not Applicable,20,8:00pm-8:59pm,55,55,21,9:00pm-9:59pm,4,4,99,Unknown,99,Unknown EMS Hospital Arrival Time,1
4,Arizona,41179,1,1,1,1,0,1,1,13,MARICOPA (13),370,PHOENIX,10,October,23,23,1,Sunday,2022,22,10:00pm-10:59pm,29,29,W ADAMS ST,N 21ST AVE,6,Local Street - Municipality,2,Urban,5,Major Collector,4,City or Municipal Highway Agency,0,This section IS NOT on the NHS,0,No Special Jurisdiction,0,None,33.44913889,33.44913889,-112.10453889,-112.10453889,8,Pedestrian,0,The First Harmful Event was Not a Collision with a Motor Vehicle in Transport,0,No,3,Intersection-Related,2,Four-Way Intersection,1,On Roadway,0,None,3,Dark - Lighted,1,Clear,0,No,0000000,Not Applicable,99,Unknown,99,Unknown,99,Unknown EMS Scene Arrival Hour,99,Unknown EMS Scene Arrival Minutes,99,Unknown,99,Unknown EMS Hospital Arrival Time,1
4,Arizona,41180,0,0,2,2,0,2,2,13,MARICOPA (13),370,PHOENIX,10,October,14,14,6,Friday,2022,3,3:00am-3:59am,0,0,I-10,NA,1,Interstate,2,Urban,1,Interstate,1,State Highway Agency,1,This section IS ON the NHS,0,No Special Jurisdiction,1370,1370,33.46263056,33.46263056,-112.20600833,-112.20600833,1,Rollover/Overturn,0,The First Harmful Event was Not a Collision with a Motor Vehicle in Transport,1,Yes,5,Entrance/Exit Ramp Related,1,Not an Intersection,1,On Roadway,0,None,3,Dark - Lighted,1,Clear,0,No,0000000,Not Applicable,99,Unknown,99,Unknown,99,Unknown EMS Scene Arrival Hour,99,Unknown EMS Scene Arrival Minutes,99,Unknown,99,Unknown EMS Hospital Arrival Time,1
4,Arizona,41181,0,0,1,1,0,2,2,13,MARICOPA (13),200,GLENDALE,11,November,7,7,2,Monday,2022,99,Unknown Hours,99,Unknown Minutes,UNKNOWN,NA,9,Unknown,9,Unknown,99,Unknown,99,Unknown,9,Unknown if this section is on the NHS,0,No Special Jurisdiction,0,None,99.9999,99.9999,999.9999,999.9999,99,Reported as Unknown,99,Reported as Unknown,9,Reported as Unknown,99,Reported as Unknown,99,Reported as Unknown,99,Reported as Unknown,0,None,9,Reported as Unknown,99,Reported as Unknown,0,No,0000000,Not Applicable,99,Unknown,99,Unknown,99,Unknown EMS Scene Arrival Hour,99,Unknown EMS Scene Arrival Minutes,99,Unknown,98,Unknown if Transported,1
4,Arizona,41182,1,1,1,1,0,1,1,13,MARICOPA (13),370,PHOENIX,11,November,15,15,3,Tuesday,2022,99,Unknown Hours,99,Unknown Minutes,UNKNOWN,NA,9,Unknown,9,Unknown,99,Unknown,99,Unknown,9,Unknown if this section is on the NHS,0,No Special Jurisdiction,0,None,99.9999,99.9999,999.9999,999.9999,8,Pedestrian,0,The First Harmful Event was Not a Collision with a Motor Vehicle in Transport,9,Reported as Unknown,99,Reported as Unknown,99,Reported as Unknown,99,Reported as Unknown,0,None,9,Reported as Unknown,99,Reported as Unknown,0,No,0000000,Not Applicable,99,Unknown,99,Unknown,99,Unknown EMS Scene Arrival Hour,99,Unknown EMS Scene Arrival Minutes,99,Unknown,99,Unknown EMS Hospital Arrival Time,1