STATE,STATENAME,ST_CASE,PEDS,PERNOTMVIT,VE_TOTAL,VE_FORMS,PVH_INVL,PERSONS,PERMVIT,COUNTY,COUNTYNAME,CITY,CITYNAME,MONTH,MONTHNAME,DAY,DAYNAME,DAY_WEEK,DAY_WEEKNAME,YEAR,HOUR,HOURNAME,MINUTE,MINUTENAME,TWAY_ID,TWAY_ID2,ROUTE,ROUTENAME,RUR_URB,RUR_URBNAME,FUNC_SYS,FUNC_SYSNAME,RD_OWNER,RD_OWNERNAME,NHS,NHSNAME,SP_JUR,SP_JURNAME,MILEPT,MILEPTNAME,LATITUDE,LATITUDENAME,LONGITUD,LONGITUDNAME,HARM_EV,HARM_EVNAME,MAN_COLL,MAN_COLLNAME,RELJCT1,RELJCT1NAME,RELJCT2,RELJCT2NAME,TYP_INT,TYP_INTNAME,REL_ROAD,REL_ROADNAME,WRK_ZONE,WRK_ZONENAME,LGT_COND,LGT_CONDNAME,WEATHER,WEATHERNAME,SCH_BUS,SCH_BUSNAME,RAIL,RAILNAME,NOT_HOUR,NOT_HOURNAME,NOT_MIN,NOT_MINNAME,ARR_HOUR,ARR_HOURNAME,ARR_MIN,ARR_MINNAME,HOSP_HR,HOSP_HRNAME,HOSP_MN,HOSP_MNNAME,FATALS
4,Arizona,40015,0,0,3,3,0,4,4,27,YUMA (27),620,YUMA,1,January,6,6,5,Thursday,2022,7,7:00am-7:59am,49,49,US-95,S GATEWAY DR,2,US Highway,2,Urban,3,Principal Arterial - Other,1,State Highway Agency,1,This section IS ON the NHS,0,No Special Jurisdiction,217,217,32.69854722,32.69854722,-114.64293056,-114.64293056,12,Motor Vehicle In-Transport,6,Angle,0,No,2,Intersection,3,T-Intersection,1,On Roadway,0,None,1,Daylight,1,Clear,0,No,0000000,Not Applicable,7,7:00am-7:59am,49,49,7,7:00am-7:59am,54,54,99,Unknown,99,Unknown EMS Hospital Arrival Time,1
4,Arizona,40028,0,0,3,3,0,7,7,15,MOHAVE (15),268,LAKE HAVASU CITY,1,January,14,14,6,Friday,2022,10,10:00am-10:59am,48,48,SR-95,ACOMA BLVD S,3,State Highway,2,Urban,3,Principal Arterial - Other,1,State Highway Agency,1,This section IS ON the NHS,0,No Special Jurisdiction,700,700,34.45466667,34.45466667,-114.29744444,-114.29744444,12,Motor Vehicle In-Transport,1,Front-to-Rear,0,No,3,Intersection-Related,2,Four-Way Intersection,1,On Roadway,0,None,1,Daylight,1,Clear,0,No,0000000,Not Applicable,10,10:00am-10:59am,49,49,10,10:00am-10:59am,50,50,11,11:00am-11:59am,16,16,1
4,Arizona,40044,0,0,1,1,0,3,3,15,MOHAVE (15),260,KINGMAN,1,January,22,22,7,Saturday,2022,15,3:00pm-3:59pm,22,22,CR-STOCKTON HILL RD,NA,4,County Road,1,Rural,6,Minor Collector,2,County Highway Agency,0,This section IS NOT on the NHS,0,No Special Jurisdiction,0,None,35.38030833,35.38030833,-114.03666389,-114.03666389,32,Culvert,0,The First Harmful Event was Not a Collision with a Motor Vehicle in Transport,0,No,1,Non-Junction,1,Not an Intersection,4,On Roadside,0,None,1,Daylight,1,Clear,0,No,0000000,Not Applicable,15,3:00pm-3:59pm,24,24,15,3:00pm-3:59pm,44,44,99,Unknown,99,Unknown EMS Hospital Arrival Time,2
4,Arizona,40045,0,0,2,2,0,3,3,27,YUMA (27),620,YUMA,1,January,22,22,7,Saturday,2022,19,7:00pm-7:59pm,29,29,W 8TH ST,S AVENUE B,6,Local Street - Municipality,2,Urban,4,Minor Arterial,4,City or Municipal Highway Agency,0,This section IS NOT on the NHS,0,No Special Jurisdiction,0,None,32.71313056,32.71313056,-114.65045278,-114.65045278,12,Motor Vehicle In-Transport,6,Angle,0,No,2,Intersection,2,Four-Way Intersection,1,On Roadway,0,None,3,Dark - Lighted,1,Clear,0,No,0000000,Not Applicable,19,7:00pm-7:59pm,29,29,19,7:00pm-7:59pm,30,30,19,7:00pm-7:59pm,35,35,1
4,Arizona,40048,0,0,2,2,0,3,3,27,YUMA (27),620,YUMA,1,January,25,25,3,Tuesday,2022,17,5:00pm-5:59pm,54,54,S 4TH AVE,W 24TH ST,6,Local Street - Municipality,2,Urban,4,Minor Arterial,4,City or Municipal Highway Agency,0,This section IS NOT on the NHS,0,No Special Jurisdiction,0,None,32.68398056,32.68398056,-114.62465,-114.62465,12,Motor Vehicle In-Transport,6,Angle,0,No,2,Intersection,2,Four-Way Intersection,1,On Roadway,0,None,1,Daylight,1,Clear,0,No,0000000,Not Applicable,17,5:00pm-5:59pm,54,54,17,5:00pm-5:59pm,57,57,18,6:00pm-6:59pm,16,16,1
4,Arizona,40054,0,0,2,2,0,2,2,27,YUMA (27),620,YUMA,1,January,28,28,6,Friday,2022,16,4:00pm-4:59pm,16,16,CR-S AVE 1 E,E COUNTY 15TH ST,4,County Road,2,Urban,5,Major Collector,2,County Highway Agency,0,This section IS NOT on the NHS,0,No Special Jurisdiction,0,None,32.611475,32.611475,-114.61530833,-114.61530833,12,Motor Vehicle In-Transport,6,Angle,0,No,2,Intersection,2,Four-Way Intersection,1,On Roadway,0,None,1,Daylight,1,Clear,0,No,0000000,Not Applicable,16,4:00pm-4:59pm,18,18,16,4:00pm-4:59pm,25,25,16,4:00pm-4:59pm,49,49,1
4,Arizona,40057,1,1,1,1,0,1,1,15,MOHAVE (15),260,KINGMAN,1,January,29,29,7,Saturday,2022,19,7:00pm-7:59pm,42,42,COLLEGE DR,NA,6,Local Street - Municipality,2,Urban,6,Minor Collector,2,County Highway Agency,0,This section IS NOT on the NHS,0,No Special Jurisdiction,0,None,35.26053333,35.26053333,-114.0366,-114.0366,8,Pedestrian,0,The First Harmful Event was Not a Collision with a Motor Vehicle in Transport,0,No,1,Non-Junction,1,Not an Intersection,1,On Roadway,0,None,3,Dark - Lighted,1,Clear,0,No,0000000,Not Applicable,19,7:00pm-7:59pm,41,41,19,7:00pm-7:59pm,50,50,20,8:00pm-8:59pm,10,10,1
4,Arizona,40060,0,0,2,2,0,2,2,27,YUMA (27),620,YUMA,1,January,30,30,1,Sunday,2022,18,6:00pm-6:59pm,24,24,W 32ND ST,S 4TH AVE,6,Local Street - Municipality,2,Urban,4,Minor Arterial,4,City or Municipal Highway Agency,0,This section IS NOT on the NHS,0,No Special Jurisdiction,0,None,32.66943333,32.66943333,-114.62439722,-114.62439722,12,Motor Vehicle In-Transport,6,Angle,0,No,2,Intersection,2,Four-Way Intersection,1,On Roadway,0,None,5,Dusk,1,Clear,0,No,0000000,Not Applicable,18,6:00pm-6:59pm,24,24,18,6:00pm-6:59pm,28,28,88,Not Applicable (Not Transported),88,Not Applicable (Not Transported),1
4,Arizona,40077,0,0,2,2,0,3,3,27,YUMA (27),620,YUMA,1,January,22,22,7,Saturday,2022,21,9:00pm-9:59pm,46,46,S AVENUE B,W 3RD ST,6,Local Street - Municipality,2,Urban,4,Minor Arterial,4,City or Municipal Highway Agency,0,This section IS NOT on the NHS,0,No Special Jurisdiction,0,None,32.72155,32.72155,-114.65037222,-114.65037222,12,Motor Vehicle In-Transport,6,Angle,0,No,2,Intersection,2,Four-Way Intersection,1,On Roadway,0,None,2,Dark - Not Lighted,1,Clear,0,No,0000000,Not Applicable,99,Unknown,99,Unknown,99,Unknown EMS Scene Arrival Hour,99,Unknown EMS Scene Arrival Minutes,99,Unknown,99,Unknown EMS Hospital Arrival Time,1
4,Arizona,40099,0,0,2,2,0,4,4,15,MOHAVE (15),260,KINGMAN,2,February,3,3,5,Thursday,2022,18,6:00pm-6:59pm,51,51,US-93,NA,2,US Highway,1,Rural,3,Principal Arterial - Other,1,State Highway Agency,1,This section IS ON the NHS,0,No Special Jurisdiction,311,311,35.68415556,35.68415556,-114.46806667,-114.46806667,12,Motor Vehicle In-Transport,6,Angle,0,No,7,Crossover-Related,1,Not an Intersection,1,On Roadway,0,None,2,Dark - Not Lighted,1,Clear,0,No,0000000,Not Applicable,18,6:00pm-6:59pm,53,53,19,7:00pm-7:59pm,19,19,99,Unknown,99,Unknown EMS Hospital Arrival Time,1
4,Arizona,40150,1,1,1,1,0,1,1,27,YUMA (27),0,NOT APPLICABLE,2,February,22,22,3,Tuesday,2022,10,10:00am-10:59am,22,22,S FORTUNA RD,NA,6,Local Street - Municipality,2,Urban,4,Minor Arterial,2,County Highway Agency,0,This section IS NOT on the NHS,0,No Special Jurisdiction,0,None,32.6627,32.6627,-114.44411667,-114.44411667,8,Pedestrian,0,The First Harmful Event was Not a Collision with a Motor Vehicle in Transport,0,No,1,Non-Junction,1,Not an Intersection,1,On Roadway,0,None,1,Daylight,1,Clear,0,No,0000000,Not Applicable,10,10:00am-10:59am,22,22,10,10:00am-10:59am,28,28,99,Unknown,99,Unknown EMS Hospital Arrival Time,1
4,Arizona,40169,0,0,3,3,0,4,4,15,MOHAVE (15),619,YUCCA,3,March,1,1,3,Tuesday,2022,15,3:00pm-3:59pm,59,59,ALAMO RD,NA,8,Other,1,Rural,6,Minor Collector,2,County Highway Agency,0,This section IS NOT on the NHS,0,No Special Jurisdiction,0,None,34.84954444,34.84954444,-114.14568889,-114.14568889,34,Ditch,0,The First Harmful Event was Not a Collision with a Motor Vehicle in Transport,0,No,1,Non-Junction,1,Not an Intersection,4,On Roadside,0,None,1,Daylight,1,Clear,0,No,0000000,Not Applicable,99,Unknown,99,Unknown,99,Unknown EMS Scene Arrival Hour,99,Unknown EMS Scene Arrival Minutes,99,Unknown,99,Unknown EMS Hospital Arrival Time,1
4,Arizona,40191,1,1,1,1,0,1,1,15,MOHAVE (15),260,KINGMAN,3,March,9,9,4,Wednesday,2022,22,10:00pm-10:59pm,12,12,DAWES ST,NA,8,Other,2,Urban,7,Local,98,Not Reported,0,This section IS NOT on the NHS,0,No Special Jurisdiction,0,None,35.20740556,35.20740556,-114.022325,-114.022325,8,Pedestrian,0,The First Harmful Event was Not a Collision with a Motor Vehicle in Transport,0,No,1,Non-Junction,1,Not an Intersection,1,On Roadway,0,None,2,Dark - Not Lighted,1,Clear,0,No,0000000,Not Applicable,22,10:00pm-10:59pm,12,12,22,10:00pm-10:59pm,16,16,22,10:00pm-10:59pm,25,25,1
4,Arizona,40207,0,0,1,1,0,1,1,15,MOHAVE (15),268,LAKE HAVASU CITY,3,March,19,19,7,Saturday,2022,13,1:00pm-1:59pm,49,49,SKYVIEW DR,NA,8,Other,1,Rural,7,Local,98,Not Reported,0,This section IS NOT on the NHS,0,No Special Jurisdiction,0,None,34.64956944,34.64956944,-114.28497222,-114.28497222,39,Wall,0,The First Harmful Event was Not a Collision with a Motor Vehicle in Transport,0,No,1,Non-Junction,1,Not an Intersection,4,On Roadside,0,None,1,Daylight,1,Clear,0,No,0000000,Not Applicable,13,1:00pm-1:59pm,51,51,14,2:00pm-2:59pm,13,13,14,2:00pm-2:59pm,52,52,1
4,Arizona,40224,0,0,2,2,0,4,4,15,MOHAVE (15),268,LAKE HAVASU CITY,3,March,26,26,7,Saturday,2022,21,9:00pm-9:59pm,35,35,MCCULLOCH BLVD N,JAMAICA BLVD S,6,Local Street - Municipality,2,Urban,5,Major Collector,4,City or Municipal Highway Agency,0,This section IS NOT on the NHS,0,No Special Jurisdiction,0,None,34.49851944,34.49851944,-114.28466666999999,-114.28466666999999,12,Motor Vehicle In-Transport,6,Angle,0,No,2,Intersection,2,Four-Way Intersection,1,On Roadway,0,None,2,Dark - Not Lighted,1,Clear,0,No,0000000,Not Applicable,21,9:00pm-9:59pm,37,37,21,9:00pm-9:59pm,41,41,99,Unknown,99,Unknown EMS Hospital Arrival Time,1
4,Arizona,40230,1,1,1,1,0,1,1,15,MOHAVE (15),268,LAKE HAVASU CITY,3,March,29,29,3,Tuesday,2022,10,10:00am-10:59am,49,49,MCCULLOCH BLVD N,NA,6,Local Street - Municipality,2,Urban,4,Minor Arterial,4,City or Municipal Highway Agency,0,This section IS NOT on the NHS,0,No Special Jurisdiction,0,None,34.475025,34.475025,-114.32373333,-114.32373333,8,Pedestrian,0,The First Harmful Event was Not a Collision with a Motor Vehicle in Transport,0,No,1,Non-Junction,1,Not an Intersection,1,On Roadway,0,None,1,Daylight,1,Clear,0,No,0000000,Not Applicable,10,10:00am-10:59am,49,49,10,10:00am-10:59am,52,52,11,11:00am-11:59am,11,11,1
4,Arizona,40238,0,0,1,1,0,2,2,15,MOHAVE (15),0,NOT APPLICABLE,3,March,31,31,5,Thursday,2022,14,2:00pm-2:59pm,26,26,US-60,NA,2,US Highway,1,Rural,3,Principal Arterial - Other,1,State Highway Agency,1,This section IS ON the NHS,0,No Special Jurisdiction,63,63,35.58657222,35.58657222,-114.39162222,-114.39162222,1,Rollover/Overturn,0,The First Harmful Event was Not a Collision with a Motor Vehicle in Transport,0,No,1,Non-Junction,1,Not an Intersection,4,On Roadside,0,None,1,Daylight,1,Clear,0,No,0000000,Not Applicable,14,2:00pm-2:59pm,32,32,14,2:00pm-2:59pm,48,48,99,Unknown,99,Unknown EMS Hospital Arrival Time,1
4,Arizona,40239,0,0,2,2,0,3,3,15,MOHAVE (15),260,KINGMAN,3,March,31,31,5,Thursday,2022,17,5:00pm-5:59pm,14,14,JAGERSON AVE,N KINGMAN RANCH RD,6,Local Street - Municipality,2,Urban,4,Minor Arterial,2,County Highway Agency,0,This section IS NOT on the NHS,0,No Special Jurisdiction,0,None,35.26849722,35.26849722,-114.03772222,-114.03772222,12,Motor Vehicle In-Transport,6,Angle,0,No,3,Intersection-Related,3,T-Intersection,1,On Roadway,0,None,1,Daylight,1,Clear,0,No,0000000,Not Applicable,17,5:00pm-5:59pm,15,15,17,5:00pm-5:59pm,19,19,88,Not Applicable (Not Transported),88,Not Applicable (Not Transported),1
4,Arizona,40282,0,0,2,2,0,2,2,27,YUMA (27),0,NOT APPLICABLE,4,April,16,16,7,Saturday,2022,12,12:00pm-12:59pm,3,3,W 1ST ST,NA,8,Other,2,Urban,5,Major Collector,2,County Highway Agency,0,This section IS NOT on the NHS,0,No Special Jurisdiction,5,5,32.72517222,32.72517222,-114.65869444,-114.65869444,12,Motor Vehicle In-Transport,2,Front-to-Front,0,No,1,Non-Junction,1,Not an Intersection,1,On Roadway,0,None,1,Daylight,1,Clear,0,No,0000000,Not Applicable,12,12:00pm-12:59pm,4,4,12,12:00pm-12:59pm,15,15,13,1:00pm-1:59pm,0,0,1
4,Arizona,40295,0,0,2,2,0,2,2,15,MOHAVE (15),268,LAKE HAVASU CITY,4,April,20,20,4,Wednesday,2022,19,7:00pm-7:59pm,48,48,SR-95,LONDON BRIDGE RD,3,State Highway,2,Urban,3,Principal Arterial - Other,1,State Highway Agency,0,This section IS NOT on the NHS,0,No Special Jurisdiction,808,808,34.57931111,34.57931111,-114.3669,-114.3669,12,Motor Vehicle In-Transport,6,Angle,0,No,3,Intersection-Related,3,T-Intersection,1,On Roadway,0,None,3,Dark - Lighted,1,Clear,0,No,0000000,Not Applicable,19,7:00pm-7:59pm,48,48,19,7:00pm-7:59pm,55,55,88,Not Applicable (Not Transported),88,Not Applicable (Not Transported),1
4,Arizona,40300,1,1,1,1,0,1,1,15,MOHAVE (15),59,BULLHEAD CITY,4,April,21,21,5,Thursday,2022,20,8:00pm-8:59pm,35,35,HANCOCK RD,NA,6,Local Street - Municipality,2,Urban,4,Minor Arterial,4,City or Municipal Highway Agency,0,This section IS NOT on the NHS,0,No Special Jurisdiction,9,9,35.10799167,35.10799167,-114.62128611,-114.62128611,8,Pedestrian,0,The First Harmful Event was Not a Collision with a Motor Vehicle in Transport,0,No,1,Non-Junction,1,Not an Intersection,1,On Roadway,0,None,3,Dark - Lighted,1,Clear,0,No,0000000,Not Applicable,20,8:00pm-8:59pm,35,35,20,8:00pm-8:59pm,38,38,88,Not Applicable (Not Transported),88,Not Applicable (Not Transported),1
4,Arizona,40310,0,0,1,1,0,1,1,27,YUMA (27),620,YUMA,4,April,25,25,2,Monday,2022,5,5:00am-5:59am,58,58,US-95,NA,2,US Highway,1,Rural,3,Principal Arterial - Other,1,State Highway Agency,1,This section IS ON the NHS,0,No Special Jurisdiction,398,398,32.77017222,32.77017222,-114.39050278,-114.39050278,1,Rollover/Overturn,0,The First Harmful Event was Not a Collision with a Motor Vehicle in Transport,0,No,1,Non-Junction,1,Not an Intersection,4,On Roadside,0,None,4,Dawn,1,Clear,0,No,0000000,Not Applicable,6,6:00am-6:59am,2,2,6,6:00am-6:59am,19,19,7,7:00am-7:59am,5,5,1
4,Arizona,40316,0,0,1,1,0,1,1,15,MOHAVE (15),268,LAKE HAVASU CITY,4,April,27,27,4,Wednesday,2022,15,3:00pm-3:59pm,58,58,ACOMA BLVD N,NA,6,Local Street - Municipality,2,Urban,5,Major Collector,4,City or Municipal Highway Agency,0,This section IS NOT on the NHS,0,No Special Jurisdiction,12,12,34.49210278,34.49210278,-114.33159167,-114.33159167,39,Wall,0,The First Harmful Event was Not a Collision with a Motor Vehicle in Transport,0,No,1,Non-Junction,1,Not an Intersection,4,On Roadside,0,None,1,Daylight,1,Clear,0,No,0000000,Not Applicable,15,3:00pm-3:59pm,58,58,16,4:00pm-4:59pm,3,3,16,4:00pm-4:59pm,14,14,1
4,Arizona,40385,0,0,2,2,0,2,2,27,YUMA (27),0,NOT APPLICABLE,5,May,17,17,3,Tuesday,2022,20,8:00pm-8:59pm,45,45,US-95,ARABY RD,2,US Highway,2,Urban,3,Principal Arterial - Other,1,State Highway Agency,1,This section IS ON the NHS,0,No Special Jurisdiction,291,291,32.69917222,32.69917222,-114.52151111,-114.52151111,12,Motor Vehicle In-Transport,2,Front-to-Front,0,No,2,Intersection,2,Four-Way Intersection,1,On Roadway,0,None,3,Dark - Lighted,1,Clear,0,No,0000000,Not Applicable,20,8:00pm-8:59pm,55,55,21,9:00pm-9:59pm,8,8,88,Not Applicable (Not Transported),88,Not Applicable (Not Transported),1
4,Arizona,40398,0,0,1,1,0,1,1,15,MOHAVE (15),301,MEADVIEW,5,May,21,21,7,Saturday,2022,21,9:00pm-9:59pm,20,20,ESCALANTE BLVD,NA,5,Local Street - Township,1,Rural,7,Local,98,Not Reported,0,This section IS NOT on the NHS,0,No Special Jurisdiction,0,None,36.01069444,36.01069444,-114.06115556,-114.06115556,1,Rollover/Overturn,0,The First Harmful Event was Not a Collision with a Motor Vehicle in Transport,0,No,1,Non-Junction,1,Not an Intersection,4,On Roadside,0,None,2,Dark - Not Lighted,1,Clear,0,No,0000000,Not Applicable,21,9:00pm-9:59pm,20,20,22,10:00pm-10:59pm,0,0,88,Not Applicable (Not Transported),88,Not Applicable (Not Transported),1
4,Arizona,40404,1,1,1,1,0,2,2,27,YUMA (27),620,YUMA,5,May,23,23,2,Monday,2022,18,6:00pm-6:59pm,56,56,W 8TH ST,S CLIFFORD WY,5,Local Street - Township,2,Urban,4,Minor Arterial,2,County Highway Agency,0,This section IS NOT on the NHS,0,No Special Jurisdiction,37,37,32.71311944,32.71311944,-114.65515556,-114.65515556,8,Pedestrian,0,The First Harmful Event was Not a Collision with a Motor Vehicle in Transport,0,No,3,Intersection-Related,3,T-Intersection,1,On Roadway,0,None,5,Dusk,1,Clear,0,No,0000000,Not Applicable,19,7:00pm-7:59pm,1,1,19,7:00pm-7:59pm,3,3,19,7:00pm-7:59pm,27,27,1
4,Arizona,40405,0,0,2,2,0,3,3,15,MOHAVE (15),268,LAKE HAVASU CITY,5,May,24,24,3,Tuesday,2022,9,9:00am-9:59am,6,6,SR-95,NA,3,State Highway,1,Rural,3,Principal Arterial - Other,1,State Highway Agency,1,This section IS ON the NHS,0,No Special Jurisdiction,550,550,34.32183056,34.32183056,-114.11988056,-114.11988056,12,Motor Vehicle In-Transport,2,Front-to-Front,0,No,1,Non-Junction,1,Not an Intersection,1,On Roadway,0,None,1,Daylight,1,Clear,0,No,0000000,Not Applicable,9,9:00am-9:59am,35,35,9,9:00am-9:59am,47,47,11,11:00am-11:59am,2,2,1
4,Arizona,40454,0,0,2,2,0,3,3,15,MOHAVE (15),260,KINGMAN,6,June,13,13,2,Monday,2022,11,11:00am-11:59am,57,57,US-93,LEGEND RANCH RD,2,US Highway,1,Rural,3,Principal Arterial - Other,1,State Highway Agency,1,This section IS ON the NHS,0,No Special Jurisdiction,591,591,35.32269444,35.32269444,-114.20590833,-114.20590833,12,Motor Vehicle In-Transport,6,Angle,0,No,2,Intersection,2,Four-Way Intersection,1,On Roadway,0,None,1,Daylight,1,Clear,0,No,0000000,Not Applicable,12,12:00pm-12:59pm,1,1,12,12:00pm-12:59pm,14,14,99,Unknown,99,Unknown EMS Hospital Arrival Time,1
4,Arizona,40458,0,0,1,1,0,1,1,15,MOHAVE (15),268,LAKE HAVASU CITY,6,June,13,13,2,Monday,2022,7,7:00am-7:59am,54,54,MCCULLOCH BLVD,NA,5,Local Street - Township,2,Urban,5,Major Collector,4,City or Municipal Highway Agency,0,This section IS NOT on the NHS,0,No Special Jurisdiction,40,40,34.48511944,34.48511944,-114.30487778,-114.30487778,33,Curb,0,The First Harmful Event was Not a Collision with a Motor Vehicle in Transport,0,No,1,Non-Junction,1,Not an Intersection,4,On Roadside,0,None,1,Daylight,1,Clear,0,No,0000000,Not Applicable,7,7:00am-7:59am,45,45,8,8:00am-8:59am,0,0,88,Not Applicable (Not Transported),88,Not Applicable (Not Transported),1
4,Arizona,40487,0,0,2,2,0,2,2,15,MOHAVE (15),0,NOT APPLICABLE,6,June,30,30,5,Thursday,2022,20,8:00pm-8:59pm,34,34,US-93,W TONY AVE,2,US Highway,1,Rural,3,Principal Arterial - Other,1,State Highway Agency,1,This section IS ON the NHS,0,No Special Jurisdiction,308,308,35.68414444,35.68414444,-114.46793611,-114.46793611,12,Motor Vehicle In-Transport,6,Angle,0,No,2,Intersection,2,Four-Way Intersection,1,On Roadway,0,None,2,Dark - Not Lighted,1,Clear,0,No,0000000,Not Applicable,99,Unknown,99,Unknown,99,Unknown EMS Scene Arrival Hour,99,Unknown EMS Scene Arrival Minutes,99,Unknown,99,Unknown EMS Hospital Arrival Time,1
4,Arizona,40498,0,0,1,1,0,1,1,15,MOHAVE (15),268,LAKE HAVASU CITY,7,July,4,4,2,Monday,2022,23,11:00pm-11:59pm,7,7,HAVASU RIVIERA PKWY,NA,8,Other,1,Rural,7,Local,98,Not Reported,0,This section IS NOT on the NHS,0,No Special Jurisdiction,0,None,34.45098611,34.45098611,-114.30739444,-114.30739444,25,Concrete Traffic Barrier,0,The First Harmful Event was Not a Collision with a Motor Vehicle in Transport,0,No,1,Non-Junction,1,Not an Intersection,3,On Median,0,None,3,Dark - Lighted,1,Clear,0,No,0000000,Not Applicable,23,11:00pm-11:59pm,8,8,23,11:00pm-11:59pm,16,16,23,11:00pm-11:59pm,35,35,1
4,Arizona,40564,0,0,2,2,0,4,4,15,MOHAVE (15),0,NOT APPLICABLE,8,August,7,7,1,Sunday,2022,22,10:00pm-10:59pm,6,6,US-93,NA,2,US Highway,1,Rural,3,Principal Arterial - Other,1,State Highway Agency,1,This section IS ON the NHS,0,No Special Jurisdiction,193,193,35.83021389,35.83021389,-114.561425,-114.561425,12,Motor Vehicle In-Transport,1,Front-to-Rear,0,No,1,Non-Junction,1,Not an Intersection,1,On Roadway,0,None,2,Dark - Not Lighted,10,Cloudy,0,No,0000000,Not Applicable,22,10:00pm-10:59pm,10,10,22,10:00pm-10:59pm,33,33,0,0:00am-0:59am,39,39,1
4,Arizona,40578,0,0,1,1,0,1,1,15,MOHAVE (15),268,LAKE HAVASU CITY,8,August,13,13,7,Saturday,2022,3,3:00am-3:59am,30,30,KIOWA BLVD,NA,8,Other,2,Urban,5,Major Collector,4,City or Municipal Highway Agency,0,This section IS NOT on the NHS,0,No Special Jurisdiction,23,23,34.51061111,34.51061111,-114.28808611,-114.28808611,53,Mail Box,0,The First Harmful Event was Not a Collision with a Motor Vehicle in Transport,0,No,1,Non-Junction,1,Not an Intersection,4,On Roadside,0,None,2,Dark - Not Lighted,1,Clear,0,No,0000000,Not Applicable,4,4:00am-4:59am,1,1,4,4:00am-4:59am,5,5,4,4:00am-4:59am,40,40,1
4,Arizona,40581,0,0,1,1,0,3,3,15,MOHAVE (15),59,BULLHEAD CITY,8,August,13,13,7,Saturday,2022,13,1:00pm-1:59pm,33,33,SILVER CREEK RD,NA,9,Unknown,1,Rural,7,Local,99,Unknown,0,This section IS NOT on the NHS,0,No Special Jurisdiction,0,None,35.09225556,35.09225556,-114.50459444,-114.50459444,1,Rollover/Overturn,0,The First Harmful Event was Not a Collision with a Motor Vehicle in Transport,0,No,1,Non-Junction,1,Not an Intersection,1,On Roadway,0,None,1,Daylight,1,Clear,0,No,0000000,Not Applicable,13,1:00pm-1:59pm,35,35,13,1:00pm-1:59pm,48,48,99,Unknown,99,Unknown EMS Hospital Arrival Time,1
4,Arizona,40583,0,0,3,3,0,3,3,15,MOHAVE (15),0,NOT APPLICABLE,8,August,13,13,7,Saturday,2022,21,9:00pm-9:59pm,9,9,I-40,NA,1,Interstate,1,Rural,1,Interstate,1,State Highway Agency,1,This section IS ON the NHS,0,No Special Jurisdiction,302,302,34.93282222,34.93282222,-114.14893611,-114.14893611,12,Motor Vehicle In-Transport,2,Front-to-Front,0,No,1,Non-Junction,1,Not an Intersection,1,On Roadway,0,None,2,Dark - Not Lighted,10,Cloudy,0,No,0000000,Not Applicable,21,9:00pm-9:59pm,9,9,21,9:00pm-9:59pm,12,12,88,Not Applicable (Not Transported),88,Not Applicable (Not Transported),2